,TransactionID,AccountID,TransactionType,Amount,TransactionDate,Season
0,1,3913,Transfer,3150.12,9/24/2023,Fall
1,2,2591,Transfer,6212.12,6/7/2022,Summer
2,3,3277,Transfer,451.72,11/24/2024,Fall
3,4,3404,Deposit,8525.28,4/6/2023,Spring
4,5,4345,Deposit,7306.17,1/21/2025,Winter
5,6,2266,Withdrawal,559.16,2/16/2025,Winter
6,7,1031,Withdrawal,6976.14,5/11/2023,Spring
7,8,3339,Payment,509.1,2/20/2025,Winter
8,9,4911,Withdrawal,366.62,3/15/2024,Spring
9,10,4721,Deposit,4272.02,11/23/2023,Fall
10,11,3219,Transfer,7021.26,1/15/2024,Winter
11,12,2828,Payment,9780.11,8/2/2023,Summer
12,13,207,Deposit,3356.54,5/18/2022,Spring
13,14,3448,Withdrawal,1401.43,12/13/2023,Winter
14,15,3407,Deposit,4912.52,6/30/2024,Summer
15,16,3952,Transfer,999.74,2/5/2025,Winter
16,17,1932,Withdrawal,5949.48,4/8/2024,Spring
17,18,3836,Withdrawal,8590.31,10/18/2024,Fall
18,19,827,Payment,5671.44,2/19/2025,Winter
19,20,1362,Transfer,7677.12,1/20/2025,Winter
20,21,4059,Deposit,2253.87,8/19/2022,Summer
21,22,172,Transfer,7011.21,9/18/2023,Fall
22,23,1669,Deposit,8958.62,5/27/2023,Spring
23,24,1433,Transfer,1218.76,6/3/2023,Summer
24,25,3163,Transfer,3442.89,4/4/2025,Spring
25,26,1340,Withdrawal,8783.8,11/5/2024,Fall
26,27,1626,Deposit,4048.53,5/13/2022,Spring
27,28,745,Deposit,5776.81,8/2/2024,Summer
28,29,2552,Withdrawal,3025.52,11/13/2024,Fall
29,30,2825,Deposit,4747.91,5/3/2023,Spring
30,31,2150,Withdrawal,8343.31,6/25/2022,Summer
31,32,1906,Payment,1014.99,3/11/2023,Spring
32,33,378,Withdrawal,8562.82,6/13/2023,Summer
33,34,4292,Withdrawal,9171.1,1/8/2025,Winter
34,35,4290,Payment,7480.56,10/31/2023,Fall
35,36,3578,Deposit,8759.7,10/27/2022,Fall
36,37,283,Withdrawal,6163.41,11/7/2022,Fall
37,38,4724,Transfer,3451.39,4/22/2024,Spring
38,39,4749,Deposit,6577.82,8/6/2024,Summer
39,40,4309,Withdrawal,5379.77,8/11/2024,Summer
40,41,2294,Deposit,2709.36,10/8/2022,Fall
41,42,1803,Transfer,4284.9,7/15/2024,Summer
42,43,3750,Deposit,879.09,2/5/2023,Winter
43,44,1,Withdrawal,4766.38,7/1/2022,Summer
44,45,4609,Transfer,1193.98,9/18/2023,Fall
45,46,830,Withdrawal,1727.37,1/21/2024,Winter
46,47,3030,Withdrawal,6677.74,12/11/2024,Winter
47,48,54,Deposit,8831.93,3/7/2023,Spring
48,49,3197,Transfer,3275.2,2/25/2023,Winter
49,50,4145,Payment,6129.31,3/26/2023,Spring
50,51,3244,Payment,6842.54,7/19/2024,Summer
51,52,1333,Deposit,8217.52,4/9/2025,Spring
52,53,2696,Deposit,2674.37,12/30/2023,Winter
53,54,2661,Withdrawal,3140.17,12/13/2024,Winter
54,55,925,Transfer,968.26,9/21/2022,Fall
55,56,2463,Withdrawal,2846.63,6/21/2023,Summer
56,57,998,Payment,8476.05,12/5/2023,Winter
57,58,587,Deposit,5688.04,8/24/2024,Summer
58,59,4109,Withdrawal,262.37,12/6/2023,Winter
59,60,1528,Payment,1442.49,2/20/2025,Winter
60,61,1444,Transfer,4269.32,3/31/2024,Spring
61,62,2479,Payment,3755.61,10/29/2024,Fall
62,63,1360,Payment,8103.78,5/17/2022,Spring
63,64,1731,Withdrawal,7436.09,10/20/2022,Fall
64,65,2985,Transfer,2060.13,11/20/2023,Fall
65,66,697,Payment,5520.68,7/23/2023,Summer
66,67,3878,Withdrawal,6034.8,5/6/2023,Spring
67,68,3737,Transfer,5590.3,9/19/2022,Fall
68,69,203,Withdrawal,774.62,5/11/2024,Spring
69,70,991,Payment,1719.27,9/20/2024,Fall
70,71,4493,Withdrawal,691.33,10/11/2024,Fall
71,72,2552,Transfer,9055.16,1/2/2025,Winter
72,73,583,Deposit,825.87,7/14/2023,Summer
73,74,4722,Deposit,6503.14,6/3/2023,Summer
74,75,4820,Payment,9738.88,5/7/2024,Spring
75,76,3522,Transfer,1472.74,1/4/2025,Winter
76,77,2827,Payment,9769.01,2/2/2025,Winter
77,78,4387,Withdrawal,307.98,3/20/2025,Spring
78,79,2687,Deposit,7037.76,4/11/2023,Spring
79,80,2548,Payment,5636.79,6/3/2022,Summer
80,81,652,Payment,2321.94,7/29/2023,Summer
81,82,3129,Deposit,5692.12,8/29/2022,Summer
82,83,3487,Transfer,9631.31,1/1/2025,Winter
83,84,3225,Transfer,3425.19,7/27/2023,Summer
84,85,2543,Deposit,5744.89,12/3/2023,Winter
85,86,3099,Payment,8473.93,3/16/2023,Spring
86,87,733,Payment,2455.42,9/28/2024,Fall
87,88,3013,Withdrawal,606.2,12/16/2023,Winter
88,89,218,Deposit,1758.28,9/23/2023,Fall
89,90,3,Payment,487.77,9/5/2022,Fall
90,91,469,Transfer,4534.44,12/1/2024,Winter
91,92,2921,Deposit,4690.47,11/29/2023,Fall
92,93,157,Payment,9540.02,5/31/2024,Spring
93,94,4675,Transfer,8111.27,2/2/2024,Winter
94,95,2997,Transfer,3975.33,8/2/2024,Summer
95,96,2031,Withdrawal,5003.38,2/6/2023,Winter
96,97,4094,Transfer,636.37,4/19/2023,Spring
97,98,1102,Payment,2523.83,2/17/2023,Winter
98,99,2563,Withdrawal,5944.57,6/4/2023,Summer
99,100,672,Transfer,6502.18,11/24/2023,Fall
100,101,3328,Withdrawal,2025.61,12/9/2024,Winter
101,102,4829,Payment,3419.01,3/18/2023,Spring
102,103,2255,Transfer,7168.09,10/25/2023,Fall
103,104,3594,Payment,9784.98,8/17/2024,Summer
104,105,985,Payment,5395.93,10/2/2022,Fall
105,106,4229,Payment,6003.85,12/14/2023,Winter
106,107,3975,Deposit,4006,12/23/2023,Winter
107,108,282,Deposit,3506.61,9/22/2023,Fall
108,109,779,Withdrawal,5102.71,1/7/2024,Winter
109,110,3184,Deposit,3055.52,1/10/2024,Winter
110,111,3187,Withdrawal,2850.61,8/15/2023,Summer
111,112,893,Payment,8311.69,8/27/2023,Summer
112,113,1510,Withdrawal,5829.14,8/30/2022,Summer
113,114,1804,Transfer,8697.71,5/5/2023,Spring
114,115,4996,Deposit,7993.32,9/4/2023,Fall
115,116,3742,Deposit,2985.89,8/5/2024,Summer
116,117,143,Withdrawal,1356.34,5/3/2024,Spring
117,118,3772,Withdrawal,5851.79,11/23/2024,Fall
118,119,396,Payment,2790.23,2/14/2023,Winter
119,120,263,Transfer,6595.41,4/3/2023,Spring
120,121,102,Deposit,2927.76,12/26/2022,Winter
121,122,3286,Transfer,3072.84,9/1/2022,Fall
122,123,4085,Deposit,4245.63,8/26/2022,Summer
123,124,3543,Transfer,2409.12,7/11/2023,Summer
124,125,1504,Payment,9314.45,3/13/2024,Spring
125,126,4278,Payment,3802.31,7/5/2024,Summer
126,127,3273,Withdrawal,3976.57,5/19/2022,Spring
127,128,4691,Payment,1776.48,4/26/2024,Spring
128,129,4419,Withdrawal,9244.73,9/10/2022,Fall
129,130,1806,Transfer,7808.06,11/8/2023,Fall
130,131,3528,Deposit,9235.4,5/8/2023,Spring
131,132,2266,Withdrawal,9987.71,8/26/2024,Summer
132,133,2028,Transfer,3645.41,7/31/2023,Summer
133,134,2060,Payment,7332.72,5/8/2023,Spring
134,135,2695,Deposit,8723.36,7/15/2023,Summer
135,136,3843,Deposit,5233.59,11/1/2022,Fall
136,137,1634,Transfer,6426.54,5/4/2025,Spring
137,138,795,Withdrawal,3924.25,12/31/2024,Winter
138,139,3664,Withdrawal,3285.94,9/2/2023,Fall
139,140,896,Withdrawal,2356.49,3/22/2025,Spring
140,141,3690,Payment,2090.48,10/18/2024,Fall
141,142,3613,Transfer,7737.29,4/9/2025,Spring
142,143,3450,Withdrawal,4984.28,3/8/2025,Spring
143,144,3505,Payment,65.26,6/11/2023,Summer
144,145,1290,Payment,6764.44,12/29/2023,Winter
145,146,2354,Payment,7034.02,9/1/2023,Fall
146,147,1352,Payment,1234.82,3/2/2023,Spring
147,148,1812,Payment,673.42,12/21/2022,Winter
148,149,3451,Transfer,4399.29,2/26/2023,Winter
149,150,4249,Withdrawal,4853.72,12/31/2024,Winter
150,151,3736,Payment,3611.99,4/15/2025,Spring
151,152,2947,Transfer,1817.07,7/18/2024,Summer
152,153,580,Transfer,9236.53,3/8/2025,Spring
153,154,2104,Transfer,7786.86,3/30/2023,Spring
154,155,2342,Withdrawal,1314.06,7/2/2024,Summer
155,156,1604,Withdrawal,7671.03,5/4/2023,Spring
156,157,4362,Payment,3085.43,9/16/2023,Fall
157,158,1222,Deposit,3576.93,8/25/2023,Summer
158,159,1414,Withdrawal,38.2,5/1/2024,Spring
159,160,2282,Deposit,5369.51,12/22/2024,Winter
160,161,903,Transfer,6187.28,8/26/2023,Summer
161,162,2975,Payment,8608.11,10/16/2024,Fall
162,163,4465,Deposit,6298.04,7/28/2024,Summer
163,164,3752,Withdrawal,57.45,9/17/2024,Fall
164,165,585,Deposit,971.19,7/10/2022,Summer
165,166,1846,Deposit,4547.91,3/9/2025,Spring
166,167,4437,Withdrawal,8148.5,12/4/2023,Winter
167,168,2799,Transfer,2330.94,12/7/2024,Winter
168,169,102,Withdrawal,7794.9,5/30/2022,Spring
169,170,4472,Withdrawal,6877.14,5/19/2023,Spring
170,171,1732,Deposit,5119.94,5/13/2022,Spring
171,172,3901,Withdrawal,9643.62,8/27/2024,Summer
172,173,1873,Withdrawal,1938.65,9/17/2023,Fall
173,174,1050,Withdrawal,3826.1,9/3/2022,Fall
174,175,2080,Payment,7067.82,12/5/2024,Winter
175,176,791,Payment,1540.57,10/15/2023,Fall
176,177,4325,Deposit,7468.42,5/12/2022,Spring
177,178,2181,Transfer,8019.69,9/30/2023,Fall
178,179,3681,Transfer,2981.08,5/16/2023,Spring
179,180,1855,Withdrawal,6113.82,2/19/2025,Winter
180,181,4402,Payment,4524.42,6/19/2023,Summer
181,182,1795,Payment,9035.36,5/14/2023,Spring
182,183,4138,Payment,9579.65,6/11/2024,Summer
183,184,35,Deposit,9831.85,10/8/2022,Fall
184,185,4927,Payment,9713.1,12/17/2022,Winter
185,186,4462,Transfer,5962.01,5/28/2022,Spring
186,187,240,Payment,104.2,1/14/2023,Winter
187,188,151,Withdrawal,1637.76,3/14/2024,Spring
188,189,700,Withdrawal,4948.16,7/22/2024,Summer
189,190,1072,Transfer,7214.43,12/31/2024,Winter
190,191,3888,Payment,3587.1,11/30/2022,Fall
191,192,2936,Withdrawal,8839.13,8/27/2022,Summer
192,193,842,Withdrawal,914.1,2/22/2024,Winter
193,194,3883,Transfer,9139.44,7/30/2023,Summer
194,195,33,Transfer,7216.54,2/2/2025,Winter
195,196,4830,Payment,6279.73,5/31/2024,Spring
196,197,4228,Deposit,379.83,12/4/2022,Winter
197,198,3482,Payment,4686.83,2/16/2024,Winter
198,199,4706,Deposit,5924.61,11/27/2023,Fall
199,200,4338,Payment,9300.88,11/17/2023,Fall
200,201,4021,Transfer,3319.85,7/3/2024,Summer
201,202,1891,Deposit,6426.26,8/20/2023,Summer
202,203,661,Withdrawal,7559.63,8/26/2023,Summer
203,204,953,Withdrawal,8265.58,9/14/2022,Fall
204,205,2748,Deposit,4066.19,9/28/2022,Fall
205,206,4159,Deposit,2138.69,4/17/2023,Spring
206,207,232,Deposit,8964.06,12/21/2022,Winter
207,208,842,Deposit,3757.1,3/31/2023,Spring
208,209,3592,Deposit,3940.15,12/24/2022,Winter
209,210,1727,Payment,347.26,1/2/2025,Winter
210,211,2920,Transfer,7192.92,5/16/2022,Spring
211,212,3524,Withdrawal,9190.5,8/15/2024,Summer
212,213,1507,Transfer,3699.92,6/10/2024,Summer
213,214,3979,Transfer,3153.93,7/17/2023,Summer
214,215,112,Withdrawal,8521.47,1/19/2025,Winter
215,216,4492,Transfer,8630.92,9/27/2022,Fall
216,217,4441,Payment,2034.58,8/26/2024,Summer
217,218,1781,Withdrawal,7633.64,2/24/2023,Winter
218,219,2594,Transfer,7070.31,8/31/2024,Summer
219,220,4239,Payment,2387.36,9/11/2022,Fall
220,221,592,Withdrawal,2302.3,12/28/2022,Winter
221,222,621,Deposit,1306.72,5/1/2024,Spring
222,223,785,Withdrawal,4482.78,9/13/2023,Fall
223,224,1237,Transfer,8919.27,10/9/2022,Fall
224,225,3036,Withdrawal,4374.65,12/11/2022,Winter
225,226,1914,Payment,9146.5,7/2/2024,Summer
226,227,4259,Withdrawal,3619.54,3/6/2023,Spring
227,228,2850,Deposit,2492.06,8/8/2024,Summer
228,229,2303,Deposit,7476.44,7/3/2023,Summer
229,230,4891,Payment,9020.71,3/9/2024,Spring
230,231,1120,Payment,4675.49,3/21/2025,Spring
231,232,4378,Deposit,6813.97,8/9/2024,Summer
232,233,1782,Withdrawal,7483.65,4/3/2024,Spring
233,234,2413,Transfer,9163.17,2/12/2025,Winter
234,235,1358,Payment,4845.61,12/17/2024,Winter
235,236,3150,Transfer,2339.29,9/29/2022,Fall
236,237,3296,Deposit,289.12,11/11/2023,Fall
237,238,2219,Transfer,5574.14,8/31/2023,Summer
238,239,1610,Payment,9514.67,7/10/2023,Summer
239,240,45,Withdrawal,8492.73,1/29/2023,Winter
240,241,3987,Withdrawal,4238.51,6/19/2023,Summer
241,242,890,Transfer,2875.59,3/8/2024,Spring
242,243,2101,Deposit,7759.57,2/21/2023,Winter
243,244,1142,Withdrawal,2379.22,3/6/2023,Spring
244,245,4177,Deposit,3031.61,7/4/2022,Summer
245,246,3119,Transfer,7038.94,10/31/2022,Fall
246,247,3715,Withdrawal,623.31,7/15/2022,Summer
247,248,4832,Deposit,544.72,12/31/2022,Winter
248,249,313,Transfer,4326.98,11/4/2023,Fall
249,250,2012,Payment,8323.52,10/12/2023,Fall
250,251,2423,Payment,7019.35,3/26/2023,Spring
251,252,4201,Payment,8064.23,10/7/2022,Fall
252,253,895,Deposit,5286.81,7/16/2024,Summer
253,254,907,Payment,2515.1,5/19/2022,Spring
254,255,2208,Deposit,4916.09,2/22/2024,Winter
255,256,973,Payment,2628.79,7/23/2022,Summer
256,257,2658,Deposit,2862.04,1/13/2023,Winter
257,258,666,Withdrawal,9302.04,6/22/2024,Summer
258,259,3442,Deposit,8947.87,6/17/2022,Summer
259,260,2791,Deposit,6597.21,6/2/2022,Summer
260,261,4431,Withdrawal,2612.41,3/16/2023,Spring
261,262,4377,Withdrawal,4663.38,4/28/2023,Spring
262,263,2113,Transfer,2458.85,1/1/2025,Winter
263,264,3588,Withdrawal,3173.89,5/8/2023,Spring
264,265,3254,Transfer,3934.13,3/22/2023,Spring
265,266,1953,Transfer,7248.36,10/6/2023,Fall
266,267,4820,Withdrawal,1447.5,7/13/2024,Summer
267,268,370,Withdrawal,981.24,8/11/2024,Summer
268,269,1907,Transfer,7757.7,11/25/2022,Fall
269,270,2897,Transfer,6454.25,9/23/2023,Fall
270,271,2244,Deposit,8916.74,7/21/2023,Summer
271,272,2664,Deposit,8372.42,1/5/2023,Winter
272,273,499,Payment,4175.24,1/27/2023,Winter
273,274,345,Transfer,9039.29,10/8/2023,Fall
274,275,1855,Deposit,7530.27,2/20/2023,Winter
275,276,2296,Payment,8452.23,10/27/2024,Fall
276,277,4591,Transfer,4990.36,2/26/2025,Winter
277,278,2281,Deposit,1375.23,11/22/2022,Fall
278,279,1244,Payment,8699.08,6/2/2024,Summer
279,280,4843,Withdrawal,221.99,1/20/2025,Winter
280,281,4621,Transfer,4838.78,11/25/2024,Fall
281,282,4750,Payment,5214.64,5/3/2025,Spring
282,283,4416,Transfer,3006.45,2/3/2023,Winter
283,284,1590,Deposit,9650.13,9/14/2022,Fall
284,285,3784,Payment,6172.92,4/10/2024,Spring
285,286,39,Transfer,1821.71,3/27/2023,Spring
286,287,3015,Withdrawal,3026.45,2/20/2023,Winter
287,288,4987,Withdrawal,1339.91,4/6/2025,Spring
288,289,1834,Withdrawal,2534.45,1/29/2025,Winter
289,290,4569,Payment,1087.85,9/19/2022,Fall
290,291,976,Transfer,7802.42,3/30/2024,Spring
291,292,815,Deposit,5476.53,3/3/2024,Spring
292,293,1572,Withdrawal,5841.04,12/11/2024,Winter
293,294,2443,Withdrawal,6768.83,5/24/2024,Spring
294,295,4203,Withdrawal,6571.92,11/21/2022,Fall
295,296,4128,Payment,5881.1,12/13/2023,Winter
296,297,2906,Withdrawal,7614.23,11/1/2023,Fall
297,298,3234,Withdrawal,6957.78,9/4/2022,Fall
298,299,2907,Payment,3938.15,7/9/2024,Summer
299,300,2343,Withdrawal,3876.09,5/30/2024,Spring
300,301,566,Deposit,4558.42,9/14/2023,Fall
301,302,2382,Transfer,5272.09,10/15/2022,Fall
302,303,2450,Transfer,7162.26,6/3/2023,Summer
303,304,2685,Transfer,9940.95,5/22/2023,Spring
304,305,3277,Transfer,8320.13,9/22/2022,Fall
305,306,1666,Transfer,2035.5,12/1/2024,Winter
306,307,714,Withdrawal,9100.42,1/16/2025,Winter
307,308,3207,Withdrawal,755.55,6/4/2023,Summer
308,309,4184,Transfer,892.01,3/17/2025,Spring
309,310,4491,Payment,9050.03,12/28/2022,Winter
310,311,4788,Deposit,4704.96,9/11/2024,Fall
311,312,4056,Deposit,164.8,4/4/2025,Spring
312,313,20,Deposit,4736.56,9/12/2024,Fall
313,314,4492,Withdrawal,690.76,2/6/2025,Winter
314,315,2940,Transfer,2640.46,8/16/2022,Summer
315,316,2565,Payment,8156.31,11/21/2023,Fall
316,317,4522,Withdrawal,520.36,4/13/2024,Spring
317,318,3559,Payment,9671.03,7/18/2024,Summer
318,319,27,Payment,4082.99,12/4/2022,Winter
319,320,2919,Withdrawal,9322.48,1/9/2024,Winter
320,321,425,Deposit,3680.69,8/26/2022,Summer
321,322,475,Withdrawal,5428.25,2/13/2025,Winter
322,323,3472,Transfer,3009.15,8/12/2023,Summer
323,324,2206,Deposit,5629.92,10/12/2022,Fall
324,325,4377,Deposit,7864.66,3/4/2024,Spring
325,326,2220,Deposit,6124.17,2/24/2024,Winter
326,327,181,Deposit,4892.81,6/5/2023,Summer
327,328,3647,Deposit,1490.39,4/27/2025,Spring
328,329,2609,Deposit,9831.05,12/16/2022,Winter
329,330,2229,Transfer,116.92,7/4/2023,Summer
330,331,3849,Transfer,7070.51,7/26/2023,Summer
331,332,1302,Transfer,3323,9/8/2024,Fall
332,333,3914,Payment,3871.08,9/21/2022,Fall
333,334,3853,Payment,1046.62,6/20/2023,Summer
334,335,3334,Transfer,2427.67,12/13/2023,Winter
335,336,325,Withdrawal,5093.77,1/10/2024,Winter
336,337,1647,Transfer,1025.06,5/18/2022,Spring
337,338,2306,Payment,2888.48,1/15/2023,Winter
338,339,3718,Withdrawal,7337.2,8/13/2022,Summer
339,340,348,Withdrawal,6788.83,3/28/2025,Spring
340,341,2204,Payment,7195.66,5/24/2023,Spring
341,342,3950,Payment,1164.19,7/4/2022,Summer
342,343,4021,Payment,2386.14,2/18/2024,Winter
343,344,4054,Deposit,775.71,4/14/2024,Spring
344,345,3206,Withdrawal,8774.26,11/23/2022,Fall
345,346,3880,Deposit,4909.05,4/27/2025,Spring
346,347,2062,Transfer,4305.08,5/14/2022,Spring
347,348,1796,Deposit,8167.38,3/2/2023,Spring
348,349,660,Transfer,3351.96,10/8/2022,Fall
349,350,1923,Withdrawal,4301.19,9/26/2023,Fall
350,351,2088,Payment,899.93,8/10/2023,Summer
351,352,66,Withdrawal,8457.87,5/10/2023,Spring
352,353,4249,Transfer,3482.32,3/4/2025,Spring
353,354,3750,Withdrawal,5079.89,3/15/2024,Spring
354,355,1840,Payment,9113.07,6/28/2022,Summer
355,356,4968,Payment,4984.77,8/8/2024,Summer
356,357,2937,Payment,1208.66,9/21/2024,Fall
357,358,2355,Withdrawal,9980.05,11/22/2023,Fall
358,359,3472,Payment,6224.15,2/19/2025,Winter
359,360,3171,Withdrawal,289.88,4/20/2024,Spring
360,361,2005,Transfer,6434.03,9/30/2024,Fall
361,362,4218,Payment,511.86,11/5/2023,Fall
362,363,1352,Withdrawal,294.64,12/6/2022,Winter
363,364,2579,Payment,8226.48,10/4/2024,Fall
364,365,3222,Deposit,6764.37,7/1/2022,Summer
365,366,1908,Withdrawal,4899.19,7/15/2024,Summer
366,367,588,Withdrawal,4543.3,11/28/2022,Fall
367,368,3381,Transfer,1112.72,12/22/2024,Winter
368,369,2431,Payment,8453.77,3/6/2024,Spring
369,370,4320,Deposit,2879.37,7/21/2022,Summer
370,371,3348,Withdrawal,4433.95,11/20/2023,Fall
371,372,2379,Withdrawal,8709.74,4/13/2025,Spring
372,373,3788,Withdrawal,3969.52,7/22/2023,Summer
373,374,2134,Withdrawal,6394.17,10/8/2022,Fall
374,375,4166,Payment,848.73,4/21/2023,Spring
375,376,2651,Deposit,5183.31,2/9/2024,Winter
376,377,2153,Transfer,8073.94,4/7/2025,Spring
377,378,23,Payment,2608.45,12/15/2024,Winter
378,379,2761,Withdrawal,1120.53,12/2/2023,Winter
379,380,427,Withdrawal,120.43,5/3/2024,Spring
380,381,1854,Deposit,1372.96,11/7/2024,Fall
381,382,1645,Transfer,3602.83,10/1/2023,Fall
382,383,817,Withdrawal,195.2,7/26/2024,Summer
383,384,2802,Deposit,6063.16,9/13/2022,Fall
384,385,94,Payment,3555.18,7/11/2024,Summer
385,386,4126,Payment,5103.11,2/25/2025,Winter
386,387,233,Transfer,7394.7,7/3/2023,Summer
387,388,906,Withdrawal,3617.04,4/10/2023,Spring
388,389,4047,Withdrawal,1686.32,2/1/2024,Winter
389,390,1332,Payment,6703.77,9/24/2023,Fall
390,391,944,Transfer,3631.73,11/13/2022,Fall
391,392,717,Payment,7608.23,11/29/2024,Fall
392,393,2073,Withdrawal,6773.25,9/8/2023,Fall
393,394,2611,Withdrawal,8173.88,11/21/2022,Fall
394,395,11,Withdrawal,9972.81,2/24/2023,Winter
395,396,867,Payment,1394.75,11/19/2024,Fall
396,397,4879,Transfer,3738.32,7/27/2024,Summer
397,398,290,Deposit,8182.33,7/12/2023,Summer
398,399,2740,Deposit,3564.13,6/6/2023,Summer
399,400,2812,Deposit,6227.92,3/16/2024,Spring
400,401,1848,Payment,5164.48,12/13/2022,Winter
401,402,1890,Transfer,1267.1,5/18/2023,Spring
402,403,3397,Deposit,8680.43,6/27/2024,Summer
403,404,1451,Payment,4902.99,4/25/2024,Spring
404,405,4933,Payment,1199.89,7/24/2022,Summer
405,406,3644,Payment,7673.45,3/25/2023,Spring
406,407,545,Transfer,9726.37,10/26/2024,Fall
407,408,4829,Withdrawal,687.19,7/25/2024,Summer
408,409,3930,Transfer,4804.56,11/13/2023,Fall
409,410,1075,Payment,4926.39,3/15/2025,Spring
410,411,1532,Payment,5218.3,2/3/2023,Winter
411,412,1381,Deposit,8327.75,7/31/2024,Summer
412,413,1611,Transfer,6772.58,12/1/2023,Winter
413,414,3853,Transfer,1414.87,3/24/2025,Spring
414,415,2901,Transfer,1407.23,7/23/2022,Summer
415,416,4025,Transfer,7354.59,8/30/2023,Summer
416,417,595,Deposit,6960.95,9/29/2024,Fall
417,418,4807,Withdrawal,3683.76,10/3/2024,Fall
418,419,3096,Transfer,945.59,4/24/2025,Spring
419,420,3340,Deposit,7264.65,10/29/2023,Fall
420,421,968,Deposit,9872.72,9/16/2023,Fall
421,422,4932,Withdrawal,7989.56,11/19/2022,Fall
422,423,2251,Transfer,9415.33,7/21/2024,Summer
423,424,3469,Transfer,5599.86,1/1/2024,Winter
424,425,2668,Withdrawal,1606.25,9/30/2023,Fall
425,426,3611,Withdrawal,4547.1,8/7/2023,Summer
426,427,4904,Transfer,2581.59,4/21/2024,Spring
427,428,1881,Payment,2965.05,12/4/2023,Winter
428,429,635,Transfer,9768.09,11/24/2024,Fall
429,430,2609,Deposit,7123.7,10/21/2024,Fall
430,431,2463,Deposit,4384.68,10/19/2023,Fall
431,432,972,Withdrawal,6007.28,6/20/2022,Summer
432,433,160,Deposit,3563.01,5/29/2024,Spring
433,434,777,Transfer,8826.33,1/11/2023,Winter
434,435,4665,Deposit,3658.84,5/21/2022,Spring
435,436,2318,Payment,9543.38,11/3/2022,Fall
436,437,1697,Payment,1874.13,5/12/2023,Spring
437,438,586,Payment,2945.9,1/7/2023,Winter
438,439,217,Payment,721.01,2/11/2024,Winter
439,440,2898,Deposit,483.25,10/17/2023,Fall
440,441,4062,Withdrawal,9809.06,10/15/2023,Fall
441,442,2326,Transfer,9010.31,10/28/2022,Fall
442,443,2810,Payment,2670.94,12/16/2024,Winter
443,444,1805,Transfer,2848.81,12/9/2023,Winter
444,445,2558,Payment,6843.6,4/20/2025,Spring
445,446,4994,Payment,5207.92,6/28/2022,Summer
446,447,4448,Transfer,4474.95,5/18/2022,Spring
447,448,65,Transfer,1419.27,8/21/2022,Summer
448,449,4794,Payment,4000.35,6/16/2024,Summer
449,450,2884,Transfer,70.9,2/26/2023,Winter
450,451,1667,Deposit,4283.15,4/12/2023,Spring
451,452,4291,Withdrawal,9952.12,12/29/2024,Winter
452,453,3764,Transfer,6883.02,8/12/2023,Summer
453,454,1097,Withdrawal,6211.83,2/15/2024,Winter
454,455,4968,Transfer,1528.59,9/23/2024,Fall
455,456,2848,Transfer,5146.63,8/31/2023,Summer
456,457,396,Withdrawal,7108.07,8/26/2024,Summer
457,458,240,Payment,6325.9,12/1/2022,Winter
458,459,3886,Deposit,6533.34,12/23/2023,Winter
459,460,729,Deposit,988.96,1/25/2023,Winter
460,461,795,Withdrawal,4538,4/5/2025,Spring
461,462,3652,Withdrawal,5456.13,6/6/2024,Summer
462,463,2252,Deposit,7119.42,9/14/2024,Fall
463,464,1509,Transfer,8807.12,9/18/2024,Fall
464,465,2317,Transfer,1274.29,9/26/2023,Fall
465,466,3275,Deposit,6991.67,4/1/2023,Spring
466,467,4352,Payment,9201.28,2/9/2025,Winter
467,468,689,Payment,3526.53,11/26/2023,Fall
468,469,3205,Deposit,5293.51,5/7/2024,Spring
469,470,2955,Transfer,2214.91,11/7/2023,Fall
470,471,1444,Transfer,6385.06,5/9/2025,Spring
471,472,4161,Deposit,5090.35,11/7/2023,Fall
472,473,4871,Transfer,5268.11,2/9/2023,Winter
473,474,3103,Transfer,4238.54,1/31/2025,Winter
474,475,4444,Deposit,791.05,4/5/2024,Spring
475,476,69,Deposit,4830.38,5/17/2022,Spring
476,477,363,Deposit,9321.51,6/7/2024,Summer
477,478,2343,Deposit,9981.1,5/21/2022,Spring
478,479,4835,Withdrawal,8883.54,4/4/2024,Spring
479,480,3914,Transfer,5864.8,2/17/2023,Winter
480,481,1508,Withdrawal,6273.66,10/18/2024,Fall
481,482,4040,Withdrawal,3743.14,11/15/2022,Fall
482,483,872,Payment,9701.66,12/20/2024,Winter
483,484,4181,Transfer,4636.61,4/2/2024,Spring
484,485,4827,Deposit,9060.84,12/4/2022,Winter
485,486,1855,Deposit,6139.62,11/5/2024,Fall
486,487,101,Transfer,7419.77,11/14/2023,Fall
487,488,3455,Transfer,2825.48,8/21/2022,Summer
488,489,1496,Transfer,4019.49,8/7/2022,Summer
489,490,4135,Withdrawal,9020.72,8/18/2023,Summer
490,491,1706,Payment,8361.63,6/14/2022,Summer
491,492,3004,Deposit,6198.66,2/8/2025,Winter
492,493,3739,Payment,9375.91,8/20/2024,Summer
493,494,2576,Payment,4127,7/4/2022,Summer
494,495,1361,Transfer,9821.77,1/11/2023,Winter
495,496,4336,Deposit,5108.21,4/26/2024,Spring
496,497,4591,Payment,3562.31,3/31/2024,Spring
497,498,3765,Withdrawal,1452.86,3/10/2024,Spring
498,499,39,Withdrawal,7077.79,2/3/2025,Winter
499,500,2499,Deposit,9926.96,4/19/2023,Spring
500,501,313,Withdrawal,8569.03,1/25/2024,Winter
501,502,3316,Withdrawal,2251.21,8/22/2023,Summer
502,503,2548,Transfer,5194.33,2/12/2024,Winter
503,504,1361,Payment,9949.66,8/8/2022,Summer
504,505,2268,Payment,3155.4,11/11/2023,Fall
505,506,2809,Deposit,7413.96,6/21/2023,Summer
506,507,2217,Transfer,8379.07,9/25/2022,Fall
507,508,3054,Withdrawal,5468.45,9/8/2023,Fall
508,509,2204,Deposit,5018.9,7/4/2022,Summer
509,510,4526,Withdrawal,1203.29,8/27/2024,Summer
510,511,915,Deposit,3269.68,9/30/2023,Fall
511,512,4841,Transfer,8843.57,9/23/2024,Fall
512,513,481,Payment,9056.42,4/27/2025,Spring
513,514,352,Transfer,1174.65,6/20/2023,Summer
514,515,2450,Payment,9646.3,1/11/2025,Winter
515,516,579,Transfer,5644.15,2/27/2025,Winter
516,517,4860,Payment,6110.73,10/8/2023,Fall
517,518,1423,Payment,188.49,2/4/2025,Winter
518,519,3488,Payment,7043.74,9/20/2022,Fall
519,520,1619,Deposit,232.4,8/15/2024,Summer
520,521,355,Deposit,9622.29,12/30/2023,Winter
521,522,229,Deposit,8991.89,2/22/2025,Winter
522,523,2002,Payment,7567.62,5/2/2024,Spring
523,524,777,Deposit,9147.49,2/28/2023,Winter
524,525,250,Transfer,1716.99,8/28/2022,Summer
525,526,102,Payment,6880.79,11/27/2023,Fall
526,527,1258,Deposit,2869.86,12/12/2023,Winter
527,528,689,Transfer,2702.09,5/26/2022,Spring
528,529,4603,Deposit,2424.45,5/29/2024,Spring
529,530,1048,Transfer,3053.44,5/19/2022,Spring
530,531,2091,Payment,7455.13,2/24/2025,Winter
531,532,3976,Transfer,9572.75,10/8/2023,Fall
532,533,2109,Withdrawal,9227.9,2/28/2023,Winter
533,534,4624,Deposit,263.04,6/24/2023,Summer
534,535,3816,Withdrawal,7527.76,12/10/2023,Winter
535,536,3403,Transfer,4214.83,12/31/2022,Winter
536,537,1243,Transfer,3019.98,5/14/2023,Spring
537,538,2268,Withdrawal,1655.18,4/21/2025,Spring
538,539,2556,Payment,3254.68,7/6/2024,Summer
539,540,2585,Transfer,6987.68,8/14/2022,Summer
540,541,4628,Transfer,3410.38,1/29/2023,Winter
541,542,4367,Payment,9411.62,8/26/2024,Summer
542,543,3626,Deposit,2587.07,2/8/2023,Winter
543,544,3531,Payment,2565.32,4/5/2023,Spring
544,545,2372,Transfer,5808.3,6/24/2023,Summer
545,546,887,Deposit,660.66,7/12/2024,Summer
546,547,4827,Deposit,678.34,6/21/2023,Summer
547,548,128,Deposit,7082.84,7/6/2023,Summer
548,549,2323,Deposit,9105.39,1/31/2025,Winter
549,550,4482,Transfer,9175.8,4/16/2024,Spring
550,551,367,Payment,4591.82,10/22/2024,Fall
551,552,1821,Payment,7451.32,10/4/2024,Fall
552,553,3207,Transfer,1590.56,5/26/2024,Spring
553,554,2116,Withdrawal,8124.92,7/19/2024,Summer
554,555,4304,Transfer,5601.52,6/3/2022,Summer
555,556,4177,Transfer,2455.58,11/28/2023,Fall
556,557,2988,Withdrawal,9960.85,11/11/2024,Fall
557,558,557,Deposit,377.25,11/9/2022,Fall
558,559,923,Transfer,5837.6,2/16/2024,Winter
559,560,1502,Withdrawal,5851.83,12/20/2022,Winter
560,561,3464,Deposit,7600.97,3/18/2023,Spring
561,562,2370,Deposit,376.95,6/23/2022,Summer
562,563,3121,Withdrawal,5576.75,9/21/2023,Fall
563,564,1843,Withdrawal,6313.68,10/10/2023,Fall
564,565,1749,Withdrawal,1844.58,11/20/2024,Fall
565,566,1215,Payment,506.1,3/2/2025,Spring
566,567,374,Withdrawal,291.24,10/22/2024,Fall
567,568,2665,Transfer,7376.24,5/1/2023,Spring
568,569,2204,Transfer,8275.8,8/2/2022,Summer
569,570,4415,Withdrawal,4227.2,6/22/2023,Summer
570,571,1757,Withdrawal,9931.09,10/13/2022,Fall
571,572,3849,Withdrawal,6179.52,4/1/2024,Spring
572,573,549,Payment,3022.67,12/18/2023,Winter
573,574,3026,Payment,1661.2,9/25/2023,Fall
574,575,1739,Payment,7221.65,11/15/2023,Fall
575,576,1422,Transfer,9195.07,4/26/2023,Spring
576,577,584,Payment,9182.87,5/24/2024,Spring
577,578,3755,Withdrawal,4092.41,10/25/2023,Fall
578,579,3561,Payment,7767.36,12/2/2024,Winter
579,580,540,Deposit,1664.57,8/14/2024,Summer
580,581,3890,Transfer,6302.49,7/16/2024,Summer
581,582,2708,Payment,3064.61,7/4/2022,Summer
582,583,842,Withdrawal,2069.14,4/15/2024,Spring
583,584,483,Deposit,1695.43,6/11/2024,Summer
584,585,1409,Deposit,9198.88,9/22/2024,Fall
585,586,2571,Transfer,3880.41,9/3/2023,Fall
586,587,3968,Deposit,7402.55,6/28/2022,Summer
587,588,3299,Transfer,2464.86,8/3/2023,Summer
588,589,2190,Transfer,5451.73,3/4/2023,Spring
589,590,1495,Payment,3163.19,9/28/2022,Fall
590,591,975,Deposit,6996.24,12/14/2024,Winter
591,592,704,Payment,3708.92,6/14/2022,Summer
592,593,2959,Payment,8104.69,9/6/2024,Fall
593,594,1004,Withdrawal,4421.73,2/4/2023,Winter
594,595,4107,Withdrawal,2097.15,10/29/2023,Fall
595,596,3602,Deposit,4349.01,9/20/2024,Fall
596,597,1502,Transfer,2639.22,8/1/2023,Summer
597,598,4211,Payment,6338.83,3/12/2024,Spring
598,599,4841,Withdrawal,8224.67,12/20/2023,Winter
599,600,2073,Payment,5090.3,3/19/2024,Spring
600,601,2377,Payment,7425.43,4/8/2023,Spring
601,602,2148,Withdrawal,3711.14,4/17/2024,Spring
602,603,4145,Payment,8118.91,2/2/2024,Winter
603,604,4416,Withdrawal,8979.57,8/21/2023,Summer
604,605,1728,Transfer,5955.57,7/27/2024,Summer
605,606,805,Deposit,9808.36,10/1/2023,Fall
606,607,3489,Withdrawal,6427.35,2/14/2024,Winter
607,608,1710,Transfer,9863.82,9/11/2023,Fall
608,609,4656,Deposit,6621.52,5/27/2024,Spring
609,610,2636,Payment,1599.73,10/14/2024,Fall
610,611,2672,Payment,6493.96,3/3/2023,Spring
611,612,1685,Transfer,8323.97,7/14/2023,Summer
612,613,2768,Withdrawal,1376.96,10/1/2023,Fall
613,614,1531,Deposit,8962.11,11/2/2024,Fall
614,615,376,Transfer,8288.68,1/11/2025,Winter
615,616,810,Withdrawal,6356.26,7/10/2022,Summer
616,617,1775,Deposit,3655.51,6/28/2022,Summer
617,618,2435,Withdrawal,6287.25,8/9/2023,Summer
618,619,912,Deposit,8846.87,1/11/2023,Winter
619,620,1040,Withdrawal,9168.49,6/4/2022,Summer
620,621,1665,Transfer,508.68,8/17/2023,Summer
621,622,4883,Payment,314.11,9/5/2022,Fall
622,623,374,Deposit,3095.48,11/17/2024,Fall
623,624,2134,Deposit,1216.23,1/14/2025,Winter
624,625,4155,Withdrawal,2176.72,8/22/2023,Summer
625,626,2924,Transfer,4252.52,1/20/2024,Winter
626,627,3744,Payment,9406.14,1/26/2024,Winter
627,628,2246,Payment,6488.34,7/3/2023,Summer
628,629,146,Withdrawal,9427.5,9/2/2022,Fall
629,630,4564,Payment,8299.78,1/19/2024,Winter
630,631,1442,Payment,2445.59,9/19/2022,Fall
631,632,2115,Payment,7911.1,6/26/2023,Summer
632,633,4498,Deposit,7903.92,4/14/2023,Spring
633,634,2187,Transfer,7071.92,1/15/2023,Winter
634,635,2395,Deposit,2641.18,9/23/2024,Fall
635,636,3850,Payment,299.76,3/10/2023,Spring
636,637,2716,Withdrawal,3809.57,10/15/2022,Fall
637,638,3897,Payment,3476.9,7/19/2023,Summer
638,639,4699,Payment,7267.44,3/23/2023,Spring
639,640,2653,Withdrawal,2818.05,12/3/2023,Winter
640,641,868,Transfer,2176.97,10/3/2022,Fall
641,642,2680,Transfer,3110.87,12/13/2024,Winter
642,643,160,Withdrawal,1745.42,5/21/2023,Spring
643,644,2116,Transfer,5580.46,10/16/2022,Fall
644,645,364,Deposit,142.35,2/21/2025,Winter
645,646,907,Payment,5335.34,1/16/2023,Winter
646,647,3093,Payment,4171.89,8/15/2024,Summer
647,648,4403,Deposit,6778.4,2/12/2025,Winter
648,649,1480,Transfer,881.04,3/4/2024,Spring
649,650,1871,Transfer,3765.28,9/26/2023,Fall
650,651,474,Payment,7137.71,7/28/2022,Summer
651,652,78,Payment,425.48,3/23/2024,Spring
652,653,1020,Deposit,9504.99,1/3/2023,Winter
653,654,3398,Withdrawal,5864.56,1/30/2025,Winter
654,655,3597,Deposit,6877.06,3/27/2024,Spring
655,656,929,Deposit,8769.2,8/23/2024,Summer
656,657,1745,Withdrawal,9328.75,11/5/2023,Fall
657,658,971,Transfer,9135.34,5/23/2023,Spring
658,659,2602,Withdrawal,5209.91,3/14/2024,Spring
659,660,700,Transfer,2658.05,4/2/2025,Spring
660,661,2752,Transfer,8558.7,5/10/2025,Spring
661,662,4672,Payment,7576.72,2/24/2024,Winter
662,663,714,Transfer,651.15,9/19/2023,Fall
663,664,3535,Withdrawal,8049.46,10/2/2022,Fall
664,665,882,Transfer,6625.7,12/24/2022,Winter
665,666,4329,Deposit,1854.89,9/15/2024,Fall
666,667,701,Deposit,5787.39,3/16/2025,Spring
667,668,4849,Payment,3426.7,10/19/2024,Fall
668,669,3217,Payment,4589.33,12/15/2023,Winter
669,670,1923,Withdrawal,2094.08,12/13/2023,Winter
670,671,1583,Withdrawal,8478.39,4/4/2024,Spring
671,672,1010,Deposit,1278.27,8/24/2024,Summer
672,673,4652,Deposit,7499.83,11/5/2024,Fall
673,674,412,Transfer,3015.3,4/4/2024,Spring
674,675,4115,Payment,3292.49,2/25/2024,Winter
675,676,2393,Deposit,9765.68,9/24/2024,Fall
676,677,2799,Withdrawal,1214.6,1/21/2025,Winter
677,678,3007,Payment,2775.34,8/23/2023,Summer
678,679,1560,Withdrawal,4680.66,8/3/2023,Summer
679,680,2157,Withdrawal,6347.98,11/28/2022,Fall
680,681,4910,Payment,2274.83,4/2/2023,Spring
681,682,4224,Transfer,6813.75,7/20/2024,Summer
682,683,2526,Withdrawal,1983.23,4/23/2024,Spring
683,684,2294,Deposit,353.5,7/18/2024,Summer
684,685,1723,Payment,6240.43,12/1/2024,Winter
685,686,4472,Withdrawal,1213.86,10/20/2024,Fall
686,687,3691,Withdrawal,459.4,11/5/2023,Fall
687,688,1138,Deposit,6999.28,8/28/2024,Summer
688,689,957,Transfer,1182.85,10/27/2023,Fall
689,690,744,Withdrawal,7969.96,7/13/2024,Summer
690,691,4095,Deposit,1613.16,5/31/2022,Spring
691,692,2633,Deposit,5712.74,7/20/2022,Summer
692,693,1576,Transfer,4619.35,7/28/2024,Summer
693,694,401,Transfer,1393.12,5/16/2023,Spring
694,695,4742,Payment,4472.42,11/14/2023,Fall
695,696,639,Transfer,534.58,3/20/2023,Spring
696,697,3308,Withdrawal,6197.84,12/20/2023,Winter
697,698,4169,Payment,6407.25,5/28/2023,Spring
698,699,1384,Payment,6820.74,4/6/2023,Spring
699,700,2188,Payment,3972.37,9/23/2023,Fall
700,701,4767,Deposit,656.3,8/31/2024,Summer
701,702,544,Transfer,1689.2,9/24/2023,Fall
702,703,850,Withdrawal,8499.64,7/23/2024,Summer
703,704,708,Withdrawal,4093.02,1/5/2024,Winter
704,705,4698,Withdrawal,1245.49,11/12/2023,Fall
705,706,4144,Deposit,3119.55,3/8/2025,Spring
706,707,170,Withdrawal,6634.11,3/8/2024,Spring
707,708,4706,Transfer,3540.91,9/24/2023,Fall
708,709,802,Payment,9502.38,4/16/2025,Spring
709,710,4125,Transfer,1539.46,5/3/2023,Spring
710,711,805,Payment,7417.66,4/12/2024,Spring
711,712,1798,Withdrawal,5257.78,8/31/2022,Summer
712,713,1310,Payment,6603.38,1/18/2023,Winter
713,714,4362,Deposit,5526.02,1/29/2025,Winter
714,715,3381,Payment,8095.29,2/20/2024,Winter
715,716,4175,Withdrawal,373.46,5/24/2024,Spring
716,717,4907,Payment,8425.44,6/6/2022,Summer
717,718,3754,Withdrawal,4226.47,9/3/2024,Fall
718,719,95,Deposit,2197.25,3/1/2025,Spring
719,720,314,Transfer,9326.57,4/25/2024,Spring
720,721,4960,Withdrawal,3774.18,3/12/2024,Spring
721,722,4225,Deposit,3141.14,4/25/2025,Spring
722,723,4741,Deposit,6423.81,9/17/2024,Fall
723,724,4587,Transfer,6981.95,6/29/2022,Summer
724,725,3313,Deposit,672.83,6/26/2022,Summer
725,726,3960,Deposit,545.39,12/20/2024,Winter
726,727,380,Transfer,4129.62,3/27/2024,Spring
727,728,438,Payment,2944.8,9/9/2022,Fall
728,729,4272,Transfer,9801.07,9/21/2023,Fall
729,730,4878,Deposit,6450.62,10/19/2022,Fall
730,731,3819,Withdrawal,5505.47,12/26/2022,Winter
731,732,4293,Withdrawal,3547.66,1/5/2025,Winter
732,733,812,Deposit,1632.64,10/5/2023,Fall
733,734,3162,Transfer,2498.3,11/19/2024,Fall
734,735,2616,Withdrawal,1473.29,3/16/2025,Spring
735,736,1925,Transfer,7868.35,7/1/2022,Summer
736,737,2983,Withdrawal,1751.28,12/19/2023,Winter
737,738,1038,Payment,579.25,3/20/2024,Spring
738,739,3044,Deposit,9258.91,9/29/2023,Fall
739,740,4680,Transfer,4576.59,2/11/2023,Winter
740,741,2628,Withdrawal,1353.5,5/17/2022,Spring
741,742,844,Payment,5985.39,4/14/2025,Spring
742,743,4159,Transfer,401.95,8/13/2023,Summer
743,744,2155,Deposit,4295.89,10/2/2023,Fall
744,745,3598,Deposit,6441.62,11/20/2022,Fall
745,746,3272,Payment,3609.26,10/28/2024,Fall
746,747,446,Deposit,7193.39,1/10/2023,Winter
747,748,1825,Transfer,664.59,7/1/2022,Summer
748,749,732,Transfer,8841.75,8/13/2024,Summer
749,750,3283,Deposit,3936.4,1/10/2023,Winter
750,751,988,Withdrawal,2905.71,8/7/2024,Summer
751,752,126,Withdrawal,6698.72,12/2/2023,Winter
752,753,4643,Payment,4971.66,3/17/2025,Spring
753,754,1118,Transfer,7834.01,11/22/2022,Fall
754,755,1045,Payment,4684.75,12/4/2024,Winter
755,756,1242,Withdrawal,5703.07,12/29/2024,Winter
756,757,3488,Transfer,3423.92,6/21/2023,Summer
757,758,4959,Withdrawal,5327.83,2/26/2023,Winter
758,759,307,Withdrawal,6918.27,1/5/2023,Winter
759,760,2974,Withdrawal,4186.61,8/26/2024,Summer
760,761,4173,Deposit,8426.14,1/22/2025,Winter
761,762,1949,Withdrawal,1357.6,10/2/2023,Fall
762,763,90,Payment,418.92,1/18/2025,Winter
763,764,4735,Deposit,8240.11,5/14/2022,Spring
764,765,1759,Payment,3384.94,2/21/2023,Winter
765,766,2449,Payment,9418.91,2/3/2024,Winter
766,767,2415,Transfer,8716.47,4/25/2024,Spring
767,768,3126,Deposit,5160.05,10/16/2023,Fall
768,769,4803,Deposit,5580.87,12/9/2024,Winter
769,770,2581,Payment,6032.72,10/30/2023,Fall
770,771,1498,Withdrawal,8747.81,11/6/2024,Fall
771,772,2932,Transfer,6204,12/4/2022,Winter
772,773,1892,Payment,8557.91,2/25/2025,Winter
773,774,3809,Transfer,9764.7,9/9/2023,Fall
774,775,3397,Payment,4730.58,2/21/2023,Winter
775,776,3058,Payment,4824.96,11/26/2023,Fall
776,777,2330,Payment,7430.78,8/15/2023,Summer
777,778,3982,Payment,4709.09,11/20/2022,Fall
778,779,626,Payment,8555.43,4/28/2024,Spring
779,780,341,Payment,3644.43,4/9/2024,Spring
780,781,2783,Payment,5579.81,3/12/2025,Spring
781,782,1281,Transfer,1644.93,7/2/2023,Summer
782,783,1759,Deposit,5451.19,3/26/2024,Spring
783,784,2324,Withdrawal,8342.65,7/12/2022,Summer
784,785,3535,Deposit,1713.97,10/15/2022,Fall
785,786,2838,Transfer,7044.32,7/2/2023,Summer
786,787,1129,Deposit,4192.37,10/22/2024,Fall
787,788,429,Transfer,845.67,11/23/2024,Fall
788,789,3570,Payment,9958.99,1/8/2025,Winter
789,790,2055,Deposit,4594.15,5/3/2023,Spring
790,791,3511,Withdrawal,5641.93,4/27/2023,Spring
791,792,1777,Deposit,116.88,8/21/2024,Summer
792,793,542,Deposit,7583.36,4/24/2023,Spring
793,794,1383,Transfer,5445.68,5/10/2024,Spring
794,795,2598,Deposit,9470.42,5/8/2025,Spring
795,796,546,Transfer,4419.7,4/5/2024,Spring
796,797,3311,Transfer,8508.4,5/24/2024,Spring
797,798,1101,Transfer,1935.58,4/4/2024,Spring
798,799,3690,Payment,9215.41,4/18/2025,Spring
799,800,4596,Payment,1065.63,3/29/2025,Spring
800,801,1524,Deposit,1623.82,5/30/2023,Spring
801,802,613,Withdrawal,5986.06,12/11/2022,Winter
802,803,3559,Payment,5608.04,1/16/2025,Winter
803,804,2228,Payment,8982.04,2/3/2023,Winter
804,805,1386,Withdrawal,1664.97,4/19/2025,Spring
805,806,350,Withdrawal,2515.08,10/24/2022,Fall
806,807,579,Transfer,1346.64,6/22/2022,Summer
807,808,3343,Deposit,9921.47,3/8/2023,Spring
808,809,4943,Transfer,829.28,6/1/2023,Summer
809,810,1638,Transfer,1023.47,11/10/2024,Fall
810,811,4464,Deposit,3272.8,6/28/2023,Summer
811,812,4518,Withdrawal,4839.32,2/12/2023,Winter
812,813,2663,Withdrawal,4786.54,4/14/2025,Spring
813,814,4584,Transfer,6246.56,9/7/2022,Fall
814,815,995,Deposit,294.48,4/26/2023,Spring
815,816,4674,Withdrawal,6643.65,4/30/2023,Spring
816,817,497,Withdrawal,4801.21,5/6/2024,Spring
817,818,2093,Deposit,6441.59,11/30/2024,Fall
818,819,3276,Withdrawal,1794.83,8/8/2024,Summer
819,820,4600,Withdrawal,7583.05,3/25/2024,Spring
820,821,421,Transfer,1305.83,10/1/2023,Fall
821,822,4899,Withdrawal,8207.83,3/15/2023,Spring
822,823,4706,Payment,8139.64,3/1/2025,Spring
823,824,3181,Withdrawal,6937.51,4/21/2023,Spring
824,825,1505,Withdrawal,9672.89,5/8/2025,Spring
825,826,483,Withdrawal,453.6,9/11/2022,Fall
826,827,3244,Withdrawal,9102.33,7/11/2022,Summer
827,828,4210,Withdrawal,2248.55,2/27/2024,Winter
828,829,4697,Transfer,6924.51,9/5/2022,Fall
829,830,1182,Withdrawal,7452.04,2/22/2024,Winter
830,831,2411,Withdrawal,2827.01,9/22/2022,Fall
831,832,4505,Withdrawal,5067.03,7/11/2022,Summer
832,833,2327,Payment,3120.67,10/6/2024,Fall
833,834,1904,Withdrawal,3836.68,7/16/2023,Summer
834,835,4503,Payment,92.95,2/4/2025,Winter
835,836,4162,Deposit,4422.18,1/5/2023,Winter
836,837,4390,Deposit,1780.48,3/31/2025,Spring
837,838,4364,Payment,1739.77,7/14/2024,Summer
838,839,3607,Payment,6037,9/20/2023,Fall
839,840,4342,Withdrawal,2729.49,1/16/2023,Winter
840,841,4614,Transfer,5331.06,4/19/2023,Spring
841,842,3463,Deposit,6772.91,11/4/2022,Fall
842,843,3005,Deposit,6626.16,10/29/2024,Fall
843,844,1979,Deposit,4725.43,2/18/2024,Winter
844,845,696,Withdrawal,4134.46,9/18/2024,Fall
845,846,4440,Transfer,2089.7,4/9/2023,Spring
846,847,1668,Deposit,3509.53,10/30/2024,Fall
847,848,1751,Payment,7732.63,3/26/2025,Spring
848,849,1800,Deposit,2401.12,12/31/2022,Winter
849,850,4791,Transfer,2502.16,9/2/2024,Fall
850,851,1861,Transfer,984.39,1/18/2024,Winter
851,852,3980,Deposit,3078.49,8/11/2023,Summer
852,853,2433,Transfer,2220.3,2/27/2025,Winter
853,854,2380,Withdrawal,4452.2,7/9/2023,Summer
854,855,4126,Payment,7130.77,12/25/2022,Winter
855,856,4813,Payment,8063.24,2/11/2024,Winter
856,857,2502,Payment,185.59,11/29/2023,Fall
857,858,1105,Deposit,2905.83,12/28/2022,Winter
858,859,4851,Deposit,4109.5,4/22/2023,Spring
859,860,106,Payment,1187.18,4/24/2024,Spring
860,861,78,Withdrawal,992.53,12/20/2024,Winter
861,862,1181,Transfer,6684.53,8/3/2022,Summer
862,863,2202,Deposit,8436.41,12/8/2023,Winter
863,864,840,Transfer,6018.05,11/20/2022,Fall
864,865,1587,Withdrawal,7409,6/13/2022,Summer
865,866,1803,Deposit,9439.6,6/18/2024,Summer
866,867,1936,Withdrawal,7098.59,1/14/2023,Winter
867,868,1410,Withdrawal,8667.03,2/25/2024,Winter
868,869,4727,Payment,1690.34,3/10/2024,Spring
869,870,4914,Withdrawal,9779.36,3/14/2023,Spring
870,871,4838,Deposit,383.98,8/17/2023,Summer
871,872,2623,Transfer,7755.78,6/30/2022,Summer
872,873,4467,Withdrawal,2786.26,8/7/2023,Summer
873,874,1979,Withdrawal,9335.89,6/2/2023,Summer
874,875,1893,Withdrawal,6057.69,10/22/2024,Fall
875,876,1274,Deposit,794.94,3/23/2025,Spring
876,877,589,Withdrawal,5441.44,5/16/2024,Spring
877,878,718,Withdrawal,1649.46,2/23/2025,Winter
878,879,2461,Withdrawal,2745.84,4/9/2025,Spring
879,880,4604,Deposit,7489.31,6/14/2023,Summer
880,881,573,Payment,7259.46,11/14/2023,Fall
881,882,4545,Withdrawal,9526.34,7/15/2024,Summer
882,883,4319,Transfer,9286.08,6/12/2023,Summer
883,884,1820,Withdrawal,2121.06,3/21/2025,Spring
884,885,883,Payment,2230.36,7/30/2024,Summer
885,886,4253,Withdrawal,6177.77,1/30/2023,Winter
886,887,4549,Deposit,6920.16,7/18/2022,Summer
887,888,486,Transfer,8144.52,8/3/2022,Summer
888,889,4768,Payment,1522.04,8/1/2024,Summer
889,890,2749,Withdrawal,1296.19,12/19/2022,Winter
890,891,4491,Withdrawal,6486.81,10/14/2022,Fall
891,892,1998,Transfer,5170.1,5/10/2024,Spring
892,893,1908,Deposit,8884.81,7/17/2023,Summer
893,894,3015,Transfer,8089.97,12/11/2024,Winter
894,895,2964,Transfer,8472.49,12/16/2023,Winter
895,896,149,Transfer,1068.22,7/21/2024,Summer
896,897,3665,Withdrawal,6353.97,3/5/2023,Spring
897,898,1090,Deposit,4132.62,6/6/2022,Summer
898,899,423,Deposit,7624.89,10/10/2022,Fall
899,900,642,Transfer,1439.43,5/20/2024,Spring
900,901,2190,Deposit,3831.61,10/6/2023,Fall
901,902,481,Payment,5552.81,6/12/2024,Summer
902,903,577,Payment,9387.28,7/23/2023,Summer
903,904,3704,Transfer,6795.36,9/13/2024,Fall
904,905,4171,Payment,6388.23,4/21/2024,Spring
905,906,3671,Deposit,3507.55,8/21/2024,Summer
906,907,798,Deposit,3936.73,9/7/2024,Fall
907,908,2620,Transfer,7009.29,12/13/2024,Winter
908,909,4280,Withdrawal,4195.57,3/12/2025,Spring
909,910,4050,Payment,1617.2,5/8/2025,Spring
910,911,2213,Payment,1014.46,1/26/2023,Winter
911,912,2217,Transfer,4554.88,12/14/2023,Winter
912,913,4495,Deposit,9072.29,12/15/2022,Winter
913,914,3127,Transfer,3456.04,12/20/2024,Winter
914,915,4,Deposit,5134.89,11/4/2022,Fall
915,916,358,Transfer,925.14,9/19/2024,Fall
916,917,4510,Payment,3808.19,11/5/2023,Fall
917,918,1143,Transfer,5958.15,3/22/2023,Spring
918,919,2874,Transfer,2668.9,3/5/2023,Spring
919,920,1441,Transfer,3980.51,5/29/2023,Spring
920,921,4849,Withdrawal,854.29,12/4/2023,Winter
921,922,2832,Deposit,403.11,4/19/2025,Spring
922,923,4758,Payment,6316.84,1/21/2024,Winter
923,924,4724,Withdrawal,4215.33,8/12/2024,Summer
924,925,4891,Transfer,3249.89,8/11/2022,Summer
925,926,142,Transfer,979.99,6/21/2023,Summer
926,927,2746,Payment,3291.13,6/7/2024,Summer
927,928,2901,Payment,1614.26,10/20/2023,Fall
928,929,4720,Payment,7163.14,3/25/2025,Spring
929,930,1608,Transfer,7501.78,5/22/2024,Spring
930,931,1896,Payment,1631.21,2/11/2023,Winter
931,932,2859,Deposit,9220.18,6/4/2024,Summer
932,933,2217,Deposit,5457.22,11/21/2022,Fall
933,934,3638,Payment,4230.89,8/18/2023,Summer
934,935,195,Deposit,8526.19,10/16/2023,Fall
935,936,3575,Transfer,6788,4/12/2024,Spring
936,937,15,Deposit,5391.79,10/21/2022,Fall
937,938,1782,Deposit,5883.77,2/24/2025,Winter
938,939,1027,Transfer,5086.07,5/11/2024,Spring
939,940,3871,Deposit,7315.96,12/21/2024,Winter
940,941,4859,Deposit,8916.78,4/19/2024,Spring
941,942,3249,Transfer,5662.39,10/21/2022,Fall
942,943,4481,Transfer,4785.52,9/6/2024,Fall
943,944,1196,Deposit,4360.06,7/14/2024,Summer
944,945,1510,Deposit,4519.66,7/24/2024,Summer
945,946,1418,Withdrawal,3139.28,1/28/2023,Winter
946,947,4827,Payment,261.04,3/25/2024,Spring
947,948,2298,Payment,6026.61,2/16/2023,Winter
948,949,3301,Deposit,3282.85,6/26/2022,Summer
949,950,2203,Withdrawal,7182.14,10/14/2023,Fall
950,951,10,Deposit,1723.27,4/28/2023,Spring
951,952,2856,Withdrawal,3947.78,4/16/2024,Spring
952,953,2068,Deposit,1882.02,10/17/2023,Fall
953,954,3262,Withdrawal,7036.85,8/24/2023,Summer
954,955,887,Transfer,1943.34,11/18/2024,Fall
955,956,4384,Transfer,5933.81,10/15/2022,Fall
956,957,2203,Transfer,3395.43,9/17/2024,Fall
957,958,1842,Transfer,1761.6,10/23/2023,Fall
958,959,27,Payment,9322.7,8/16/2023,Summer
959,960,177,Transfer,3332.39,12/13/2022,Winter
960,961,3250,Deposit,9057.88,11/19/2022,Fall
961,962,345,Payment,8506.73,9/20/2024,Fall
962,963,3751,Withdrawal,9478.77,8/1/2022,Summer
963,964,968,Payment,6994.89,5/29/2023,Spring
964,965,1430,Transfer,3205.44,5/19/2023,Spring
965,966,4509,Transfer,2611.21,12/8/2024,Winter
966,967,1012,Deposit,2375.76,12/27/2024,Winter
967,968,2429,Deposit,3635.01,5/30/2022,Spring
968,969,3200,Transfer,9033.29,3/22/2024,Spring
969,970,729,Transfer,5408.03,8/29/2022,Summer
970,971,2647,Transfer,4625.47,7/10/2024,Summer
971,972,4731,Payment,348.32,7/31/2022,Summer
972,973,1143,Withdrawal,272.45,7/25/2024,Summer
973,974,1046,Withdrawal,137.3,8/4/2024,Summer
974,975,2978,Transfer,8126.51,5/19/2023,Spring
975,976,4613,Payment,3393.49,10/14/2024,Fall
976,977,1494,Deposit,4202.48,9/21/2024,Fall
977,978,1155,Payment,5387.5,7/11/2024,Summer
978,979,4374,Withdrawal,6848.44,6/25/2022,Summer
979,980,3519,Deposit,3389.85,10/17/2023,Fall
980,981,2059,Withdrawal,8330.16,1/6/2023,Winter
981,982,483,Payment,1780.56,1/19/2025,Winter
982,983,1098,Deposit,7181.84,11/19/2023,Fall
983,984,4203,Deposit,2810.55,3/24/2024,Spring
984,985,3474,Transfer,3154.76,8/24/2022,Summer
985,986,2170,Payment,3028.6,1/30/2025,Winter
986,987,1806,Payment,4889.42,11/29/2022,Fall
987,988,771,Deposit,1202.17,2/12/2024,Winter
988,989,4111,Transfer,4766.91,1/21/2025,Winter
989,990,3632,Deposit,9372.68,10/1/2023,Fall
990,991,1609,Transfer,713.76,9/12/2022,Fall
991,992,2238,Transfer,8065.4,7/12/2022,Summer
992,993,2620,Payment,3208.62,10/7/2022,Fall
993,994,2228,Transfer,7613.2,1/7/2025,Winter
994,995,4074,Transfer,1088.85,5/31/2023,Spring
995,996,3061,Withdrawal,3304.35,8/19/2024,Summer
996,997,630,Transfer,136.22,8/4/2022,Summer
997,998,3857,Payment,8551.62,12/24/2024,Winter
998,999,20,Payment,1808.6,7/14/2023,Summer
999,1000,4217,Transfer,3325.8,10/17/2024,Fall
1000,1001,1616,Withdrawal,4355.79,4/4/2025,Spring
1001,1002,1981,Transfer,7837.11,6/27/2023,Summer
1002,1003,205,Withdrawal,1786.2,4/23/2023,Spring
1003,1004,4779,Transfer,4444.88,9/27/2022,Fall
1004,1005,2149,Withdrawal,8078.29,2/14/2024,Winter
1005,1006,4057,Deposit,9035.77,10/4/2022,Fall
1006,1007,1725,Transfer,7234.5,8/9/2023,Summer
1007,1008,4748,Deposit,6366,11/9/2022,Fall
1008,1009,531,Withdrawal,3576.22,11/30/2024,Fall
1009,1010,1261,Payment,8017.57,6/8/2022,Summer
1010,1011,724,Transfer,6283.89,11/26/2023,Fall
1011,1012,4489,Deposit,3255.22,12/26/2022,Winter
1012,1013,4052,Transfer,5160.72,4/2/2024,Spring
1013,1014,2531,Deposit,9302.5,7/29/2022,Summer
1014,1015,4858,Deposit,1734.66,9/22/2022,Fall
1015,1016,1415,Withdrawal,2251.22,6/19/2023,Summer
1016,1017,1322,Withdrawal,445.74,5/9/2025,Spring
1017,1018,4349,Withdrawal,3757.43,1/18/2025,Winter
1018,1019,1798,Deposit,5727.54,12/29/2023,Winter
1019,1020,3712,Transfer,8088.65,4/22/2025,Spring
1020,1021,3363,Transfer,9029.26,11/5/2022,Fall
1021,1022,631,Withdrawal,3800.36,11/27/2024,Fall
1022,1023,133,Transfer,4725.19,9/11/2023,Fall
1023,1024,4176,Deposit,3605.92,11/12/2024,Fall
1024,1025,1749,Transfer,8430.99,2/22/2024,Winter
1025,1026,173,Transfer,4376.51,10/26/2023,Fall
1026,1027,3584,Withdrawal,1449.62,3/5/2023,Spring
1027,1028,603,Payment,4573.27,5/30/2024,Spring
1028,1029,2397,Withdrawal,3724.44,9/6/2023,Fall
1029,1030,2664,Withdrawal,2087.74,6/21/2023,Summer
1030,1031,236,Payment,2743.5,7/10/2024,Summer
1031,1032,135,Transfer,176.99,2/19/2024,Winter
1032,1033,4631,Deposit,1348.42,6/29/2023,Summer
1033,1034,3855,Deposit,8185.71,9/28/2024,Fall
1034,1035,2214,Transfer,7214.39,5/17/2023,Spring
1035,1036,1216,Withdrawal,6680.72,11/10/2024,Fall
1036,1037,384,Payment,5799.39,11/8/2024,Fall
1037,1038,3596,Withdrawal,1180.66,3/27/2024,Spring
1038,1039,3970,Withdrawal,2567.88,9/8/2022,Fall
1039,1040,1065,Withdrawal,3241.4,10/7/2022,Fall
1040,1041,3424,Payment,6460.85,2/5/2025,Winter
1041,1042,3969,Withdrawal,1814.52,8/24/2022,Summer
1042,1043,2494,Transfer,1620.45,8/5/2024,Summer
1043,1044,855,Withdrawal,2852.58,7/25/2023,Summer
1044,1045,1577,Withdrawal,2726.5,8/9/2022,Summer
1045,1046,4454,Deposit,2036.8,2/6/2024,Winter
1046,1047,4479,Withdrawal,1655.52,1/1/2023,Winter
1047,1048,920,Deposit,8230.2,12/6/2024,Winter
1048,1049,1352,Transfer,8309.45,7/25/2023,Summer
1049,1050,4853,Deposit,3504.42,5/1/2025,Spring
1050,1051,4627,Withdrawal,1289.63,6/27/2022,Summer
1051,1052,4266,Transfer,8317.4,11/26/2022,Fall
1052,1053,3989,Payment,5246.56,1/21/2025,Winter
1053,1054,1341,Withdrawal,4981.87,7/26/2022,Summer
1054,1055,882,Transfer,2375.43,5/23/2022,Spring
1055,1056,3911,Withdrawal,2749.86,2/18/2025,Winter
1056,1057,3131,Payment,5533.37,3/25/2024,Spring
1057,1058,4530,Payment,9706.98,11/21/2024,Fall
1058,1059,3280,Withdrawal,9470.72,10/14/2023,Fall
1059,1060,4197,Payment,1022.04,7/3/2022,Summer
1060,1061,1343,Transfer,2551.49,1/14/2023,Winter
1061,1062,3692,Transfer,139.03,2/20/2025,Winter
1062,1063,3936,Deposit,2653.22,11/2/2023,Fall
1063,1064,4855,Deposit,8620.57,6/25/2022,Summer
1064,1065,760,Withdrawal,6723.11,1/11/2024,Winter
1065,1066,1660,Withdrawal,8236.44,4/13/2024,Spring
1066,1067,83,Deposit,8803.48,4/13/2025,Spring
1067,1068,313,Deposit,33.5,6/22/2023,Summer
1068,1069,306,Transfer,7549.31,2/18/2025,Winter
1069,1070,3905,Deposit,525.39,10/14/2023,Fall
1070,1071,4280,Deposit,5692.51,10/10/2023,Fall
1071,1072,692,Deposit,5610.46,5/24/2022,Spring
1072,1073,2148,Deposit,6912.87,8/29/2023,Summer
1073,1074,1524,Payment,3913.97,8/2/2022,Summer
1074,1075,113,Deposit,3408.73,10/1/2024,Fall
1075,1076,3968,Transfer,9484.59,9/6/2024,Fall
1076,1077,2221,Deposit,4734.62,7/17/2023,Summer
1077,1078,3000,Transfer,9535.19,11/21/2024,Fall
1078,1079,4660,Deposit,2135.23,5/30/2023,Spring
1079,1080,4824,Transfer,7123.13,4/1/2023,Spring
1080,1081,187,Transfer,2537.62,4/12/2023,Spring
1081,1082,3424,Withdrawal,4400.22,3/4/2025,Spring
1082,1083,4916,Payment,466.49,12/8/2024,Winter
1083,1084,662,Withdrawal,54.57,1/14/2023,Winter
1084,1085,1360,Transfer,1774.58,6/16/2024,Summer
1085,1086,4172,Payment,4770.83,10/25/2022,Fall
1086,1087,4431,Transfer,825.98,9/30/2022,Fall
1087,1088,1575,Withdrawal,9459.17,8/23/2023,Summer
1088,1089,2816,Transfer,8206.51,3/16/2024,Spring
1089,1090,847,Withdrawal,6635.49,11/30/2024,Fall
1090,1091,4409,Transfer,7683.48,3/10/2024,Spring
1091,1092,1489,Withdrawal,6923.29,4/21/2025,Spring
1092,1093,2940,Withdrawal,4826.72,3/7/2024,Spring
1093,1094,342,Withdrawal,4662.13,12/1/2023,Winter
1094,1095,1790,Withdrawal,6017.62,1/10/2023,Winter
1095,1096,974,Withdrawal,6679.27,8/5/2022,Summer
1096,1097,4168,Transfer,5789.07,3/15/2024,Spring
1097,1098,4593,Transfer,413.37,9/12/2023,Fall
1098,1099,1617,Deposit,954.94,3/10/2025,Spring
1099,1100,859,Deposit,8629.99,5/24/2022,Spring
1100,1101,4847,Withdrawal,4972.07,12/30/2022,Winter
1101,1102,2321,Deposit,9951.75,3/18/2025,Spring
1102,1103,4413,Deposit,6467,4/28/2024,Spring
1103,1104,2258,Withdrawal,8666.22,12/29/2024,Winter
1104,1105,3405,Payment,4970.91,11/10/2023,Fall
1105,1106,4936,Deposit,8273.83,7/17/2024,Summer
1106,1107,606,Deposit,5064.61,6/30/2024,Summer
1107,1108,881,Payment,8096.46,9/16/2022,Fall
1108,1109,939,Withdrawal,5591.56,9/5/2023,Fall
1109,1110,241,Deposit,1521.15,1/17/2024,Winter
1110,1111,1531,Payment,6015.95,4/28/2025,Spring
1111,1112,341,Transfer,3622.69,3/6/2024,Spring
1112,1113,2514,Payment,8681.99,11/21/2023,Fall
1113,1114,2017,Payment,1510.84,8/2/2024,Summer
1114,1115,3360,Deposit,7539.78,9/10/2022,Fall
1115,1116,691,Transfer,5836,5/13/2024,Spring
1116,1117,1078,Deposit,3633.52,11/2/2023,Fall
1117,1118,540,Withdrawal,1932.51,8/10/2024,Summer
1118,1119,2564,Deposit,3149.21,10/9/2023,Fall
1119,1120,3105,Deposit,3806.06,5/30/2024,Spring
1120,1121,3965,Withdrawal,6323.14,12/4/2024,Winter
1121,1122,236,Withdrawal,1094.96,1/5/2024,Winter
1122,1123,1674,Transfer,7478.89,9/7/2022,Fall
1123,1124,4944,Transfer,2073.01,5/22/2023,Spring
1124,1125,4166,Withdrawal,1712.39,10/21/2022,Fall
1125,1126,4025,Payment,4576.01,8/27/2024,Summer
1126,1127,4763,Withdrawal,6812.02,7/27/2024,Summer
1127,1128,3945,Transfer,9035.74,7/30/2022,Summer
1128,1129,2627,Withdrawal,8357.28,9/1/2024,Fall
1129,1130,4161,Transfer,118.7,5/11/2025,Spring
1130,1131,4991,Payment,7210.37,9/16/2022,Fall
1131,1132,1845,Deposit,8296.46,4/24/2025,Spring
1132,1133,977,Payment,9398.23,1/7/2025,Winter
1133,1134,4591,Payment,6230.75,5/9/2024,Spring
1134,1135,2283,Deposit,753.33,7/24/2022,Summer
1135,1136,4712,Transfer,7394.32,5/25/2022,Spring
1136,1137,4033,Transfer,5619.9,7/18/2024,Summer
1137,1138,1611,Withdrawal,7821.88,7/14/2023,Summer
1138,1139,4779,Withdrawal,9052.99,2/26/2023,Winter
1139,1140,3263,Payment,2311.01,9/27/2023,Fall
1140,1141,3762,Transfer,7918.09,2/25/2023,Winter
1141,1142,187,Withdrawal,1927.16,9/10/2022,Fall
1142,1143,4166,Withdrawal,4219.97,4/4/2025,Spring
1143,1144,3932,Deposit,8024.33,8/31/2023,Summer
1144,1145,4656,Withdrawal,893.76,10/25/2023,Fall
1145,1146,2046,Deposit,9940.12,12/17/2024,Winter
1146,1147,1700,Deposit,4219.02,4/28/2023,Spring
1147,1148,4601,Withdrawal,8857.01,5/14/2024,Spring
1148,1149,2190,Transfer,7726.41,3/25/2025,Spring
1149,1150,4483,Deposit,58.15,10/9/2023,Fall
1150,1151,1554,Payment,5841.64,4/20/2025,Spring
1151,1152,2974,Transfer,5273.14,12/31/2023,Winter
1152,1153,1420,Withdrawal,9692.15,3/14/2024,Spring
1153,1154,3694,Transfer,7998.99,11/10/2022,Fall
1154,1155,245,Withdrawal,8660.37,8/27/2022,Summer
1155,1156,4866,Transfer,120.03,6/14/2023,Summer
1156,1157,2439,Withdrawal,4504.87,5/8/2025,Spring
1157,1158,811,Transfer,5601.06,8/6/2022,Summer
1158,1159,4759,Withdrawal,3362.79,4/18/2025,Spring
1159,1160,3690,Transfer,2785.83,4/2/2025,Spring
1160,1161,3632,Transfer,8706.65,11/23/2022,Fall
1161,1162,1550,Withdrawal,5433.13,12/7/2023,Winter
1162,1163,4094,Transfer,5276.6,3/25/2025,Spring
1163,1164,4787,Transfer,2569.85,12/9/2023,Winter
1164,1165,706,Payment,7687.27,10/6/2023,Fall
1165,1166,4869,Deposit,5587.82,2/27/2025,Winter
1166,1167,4736,Withdrawal,9695.52,10/12/2023,Fall
1167,1168,1486,Payment,6997.76,10/2/2022,Fall
1168,1169,4938,Transfer,6472.84,4/17/2024,Spring
1169,1170,334,Deposit,4757.25,1/25/2023,Winter
1170,1171,2635,Payment,9971.86,8/28/2024,Summer
1171,1172,2697,Transfer,2369.64,7/21/2022,Summer
1172,1173,162,Deposit,1937.2,9/21/2024,Fall
1173,1174,4027,Withdrawal,7953.34,3/10/2023,Spring
1174,1175,1734,Payment,9173.21,7/21/2024,Summer
1175,1176,202,Withdrawal,4886.75,4/7/2023,Spring
1176,1177,1055,Deposit,5593.13,10/29/2022,Fall
1177,1178,4089,Transfer,936.17,6/23/2022,Summer
1178,1179,3063,Payment,3707.81,3/20/2023,Spring
1179,1180,386,Payment,7546.34,10/26/2024,Fall
1180,1181,903,Deposit,2087.72,3/19/2024,Spring
1181,1182,2063,Transfer,369.82,9/26/2024,Fall
1182,1183,4031,Deposit,4275.98,12/31/2024,Winter
1183,1184,1827,Withdrawal,7486.1,12/27/2023,Winter
1184,1185,1887,Deposit,8605.37,6/10/2024,Summer
1185,1186,3740,Transfer,7588.54,4/18/2023,Spring
1186,1187,4476,Withdrawal,935.96,12/30/2023,Winter
1187,1188,3180,Transfer,1769.25,8/8/2022,Summer
1188,1189,3938,Deposit,8092.19,6/21/2023,Summer
1189,1190,450,Withdrawal,1827.75,5/9/2024,Spring
1190,1191,1413,Transfer,9154.94,2/8/2023,Winter
1191,1192,289,Deposit,1175.01,5/27/2023,Spring
1192,1193,3192,Payment,2845.24,4/10/2023,Spring
1193,1194,3552,Withdrawal,7188.92,9/6/2023,Fall
1194,1195,3189,Deposit,6653.74,11/22/2024,Fall
1195,1196,2848,Transfer,7196.72,4/7/2023,Spring
1196,1197,4394,Withdrawal,784.31,12/27/2023,Winter
1197,1198,592,Withdrawal,2270.47,11/9/2022,Fall
1198,1199,2113,Withdrawal,4252.98,12/10/2024,Winter
1199,1200,4989,Transfer,7748.09,3/11/2025,Spring
1200,1201,686,Transfer,5597.63,10/2/2023,Fall
1201,1202,1326,Withdrawal,4857.84,6/11/2022,Summer
1202,1203,4146,Deposit,8372.45,5/22/2022,Spring
1203,1204,4486,Transfer,2360.28,8/26/2024,Summer
1204,1205,1339,Transfer,1554.41,4/15/2024,Spring
1205,1206,2837,Deposit,8847.82,11/3/2024,Fall
1206,1207,4525,Withdrawal,845.03,12/17/2023,Winter
1207,1208,772,Withdrawal,12.29,12/31/2022,Winter
1208,1209,556,Deposit,3118.25,9/25/2023,Fall
1209,1210,4354,Deposit,6124.17,8/26/2024,Summer
1210,1211,319,Deposit,7071.15,12/11/2024,Winter
1211,1212,1617,Payment,5165.02,4/7/2024,Spring
1212,1213,471,Withdrawal,2862.01,4/29/2023,Spring
1213,1214,238,Payment,4868.41,8/16/2024,Summer
1214,1215,2254,Transfer,7971.79,2/25/2024,Winter
1215,1216,312,Deposit,2125.55,11/11/2023,Fall
1216,1217,3923,Payment,8279.2,2/25/2025,Winter
1217,1218,2753,Transfer,6063.77,2/6/2023,Winter
1218,1219,1884,Withdrawal,7615.93,10/2/2022,Fall
1219,1220,2355,Payment,1486.94,7/3/2024,Summer
1220,1221,28,Withdrawal,241.33,4/11/2024,Spring
1221,1222,559,Transfer,7189.81,5/10/2025,Spring
1222,1223,2260,Withdrawal,7021.33,1/22/2025,Winter
1223,1224,1705,Withdrawal,9710.85,11/4/2022,Fall
1224,1225,4199,Withdrawal,7716.96,6/8/2022,Summer
1225,1226,3236,Withdrawal,5202.04,5/13/2024,Spring
1226,1227,1433,Deposit,5845.63,10/5/2023,Fall
1227,1228,1729,Transfer,8570.63,4/7/2023,Spring
1228,1229,803,Transfer,6114.19,12/9/2023,Winter
1229,1230,1435,Transfer,5654.78,7/10/2023,Summer
1230,1231,569,Deposit,5625.42,12/25/2022,Winter
1231,1232,3518,Withdrawal,2537.66,1/3/2024,Winter
1232,1233,4301,Deposit,2460.48,3/13/2023,Spring
1233,1234,3457,Payment,728.88,6/4/2022,Summer
1234,1235,600,Payment,9091,9/13/2024,Fall
1235,1236,2133,Deposit,3456.66,6/29/2024,Summer
1236,1237,763,Payment,2008.25,3/8/2025,Spring
1237,1238,3587,Withdrawal,6227.15,12/2/2024,Winter
1238,1239,2473,Transfer,497.89,5/28/2024,Spring
1239,1240,276,Withdrawal,2662.68,10/1/2024,Fall
1240,1241,2876,Transfer,2587.5,4/8/2023,Spring
1241,1242,585,Deposit,9737.72,10/25/2022,Fall
1242,1243,3877,Transfer,3231.8,10/18/2022,Fall
1243,1244,3710,Withdrawal,2720.96,7/7/2024,Summer
1244,1245,950,Withdrawal,497.31,1/13/2025,Winter
1245,1246,4472,Payment,8700.6,4/25/2024,Spring
1246,1247,3451,Transfer,4004.42,2/5/2025,Winter
1247,1248,1710,Transfer,5359.39,5/10/2023,Spring
1248,1249,4791,Deposit,2821.53,11/12/2023,Fall
1249,1250,3235,Transfer,9254.61,3/18/2024,Spring
1250,1251,703,Deposit,3264.14,10/11/2024,Fall
1251,1252,653,Withdrawal,4037.89,10/19/2024,Fall
1252,1253,1737,Payment,9728.08,9/5/2022,Fall
1253,1254,2599,Transfer,3383.88,6/29/2024,Summer
1254,1255,1245,Withdrawal,5458.43,7/18/2022,Summer
1255,1256,2824,Withdrawal,6216.21,4/16/2025,Spring
1256,1257,165,Payment,2881.4,7/29/2022,Summer
1257,1258,3370,Payment,534.5,10/24/2024,Fall
1258,1259,1953,Withdrawal,8303.46,9/1/2024,Fall
1259,1260,2997,Transfer,8114.49,10/22/2022,Fall
1260,1261,1490,Withdrawal,3677.03,12/23/2024,Winter
1261,1262,4190,Deposit,8242.58,6/14/2022,Summer
1262,1263,4281,Deposit,9979.12,8/29/2024,Summer
1263,1264,4110,Transfer,5558.9,12/1/2022,Winter
1264,1265,765,Deposit,1823.02,8/8/2023,Summer
1265,1266,4613,Withdrawal,5213.21,2/27/2023,Winter
1266,1267,1695,Payment,7026.19,9/23/2024,Fall
1267,1268,754,Deposit,7050.08,6/12/2024,Summer
1268,1269,1091,Transfer,4765.03,2/12/2024,Winter
1269,1270,564,Deposit,2620,10/7/2023,Fall
1270,1271,1255,Deposit,4676.83,2/16/2024,Winter
1271,1272,4387,Withdrawal,183.31,7/1/2024,Summer
1272,1273,3151,Transfer,5539.7,7/2/2022,Summer
1273,1274,2755,Deposit,339.41,10/19/2022,Fall
1274,1275,3114,Withdrawal,551,3/23/2024,Spring
1275,1276,2044,Withdrawal,3956.02,12/4/2022,Winter
1276,1277,2133,Payment,8891.25,7/4/2022,Summer
1277,1278,1980,Transfer,9708.95,11/19/2022,Fall
1278,1279,2127,Withdrawal,2173.51,1/23/2025,Winter
1279,1280,1884,Withdrawal,2832.37,10/30/2023,Fall
1280,1281,1148,Payment,1639.04,8/6/2024,Summer
1281,1282,2295,Withdrawal,109.2,8/15/2022,Summer
1282,1283,3134,Transfer,1108.05,6/9/2022,Summer
1283,1284,1310,Deposit,966.33,11/27/2022,Fall
1284,1285,1488,Payment,1058.43,10/18/2023,Fall
1285,1286,547,Transfer,7351.1,6/13/2024,Summer
1286,1287,4683,Withdrawal,3364.89,9/24/2023,Fall
1287,1288,886,Withdrawal,3616.01,9/15/2024,Fall
1288,1289,4222,Deposit,7381.3,4/17/2023,Spring
1289,1290,1564,Payment,9187.32,11/27/2023,Fall
1290,1291,2389,Transfer,5775.67,11/12/2023,Fall
1291,1292,3705,Deposit,6155.51,3/3/2023,Spring
1292,1293,2937,Payment,9313.96,12/7/2022,Winter
1293,1294,1260,Transfer,5799.42,12/4/2024,Winter
1294,1295,3748,Withdrawal,7578.08,3/3/2024,Spring
1295,1296,2007,Transfer,5403.88,3/4/2024,Spring
1296,1297,164,Transfer,1788.81,8/25/2023,Summer
1297,1298,3292,Transfer,6829.74,2/2/2024,Winter
1298,1299,1974,Transfer,9503.5,10/4/2024,Fall
1299,1300,4627,Payment,5442.45,9/14/2023,Fall
1300,1301,4516,Withdrawal,1562.89,2/9/2023,Winter
1301,1302,4754,Deposit,4721.89,1/17/2025,Winter
1302,1303,4779,Deposit,9524.83,2/26/2025,Winter
1303,1304,3550,Deposit,957.61,7/14/2022,Summer
1304,1305,1351,Payment,3936.85,7/29/2022,Summer
1305,1306,1693,Payment,660.77,10/23/2022,Fall
1306,1307,3951,Deposit,5826.13,9/5/2024,Fall
1307,1308,3017,Payment,9178.08,8/6/2022,Summer
1308,1309,1464,Withdrawal,3121.87,8/5/2023,Summer
1309,1310,2359,Payment,4271.09,1/27/2025,Winter
1310,1311,2636,Payment,125.59,6/29/2023,Summer
1311,1312,3220,Deposit,5570.69,7/29/2022,Summer
1312,1313,4153,Withdrawal,3147.79,7/12/2022,Summer
1313,1314,2765,Payment,2297.8,5/22/2023,Spring
1314,1315,1150,Deposit,9851.48,6/30/2023,Summer
1315,1316,4804,Payment,8596.75,5/13/2024,Spring
1316,1317,3492,Deposit,2200.17,12/25/2024,Winter
1317,1318,470,Transfer,8453.74,3/11/2025,Spring
1318,1319,2018,Withdrawal,4000.75,12/20/2024,Winter
1319,1320,1037,Payment,6516.32,7/26/2023,Summer
1320,1321,2307,Transfer,4877.67,9/12/2022,Fall
1321,1322,1012,Transfer,1065.22,4/1/2024,Spring
1322,1323,2954,Transfer,2276.9,3/10/2023,Spring
1323,1324,4528,Deposit,2869.3,6/19/2023,Summer
1324,1325,1716,Deposit,7783.7,3/22/2024,Spring
1325,1326,1478,Transfer,236.73,5/26/2024,Spring
1326,1327,77,Deposit,5805.52,8/24/2024,Summer
1327,1328,3020,Payment,488.45,5/27/2022,Spring
1328,1329,472,Payment,5591.72,11/28/2022,Fall
1329,1330,2177,Withdrawal,2046.01,8/18/2023,Summer
1330,1331,3496,Payment,147.23,8/29/2023,Summer
1331,1332,4829,Payment,1847.61,8/8/2024,Summer
1332,1333,3575,Transfer,3263.01,3/14/2024,Spring
1333,1334,170,Payment,779.37,6/7/2022,Summer
1334,1335,1127,Deposit,4944.65,2/17/2024,Winter
1335,1336,378,Withdrawal,5177.07,4/10/2024,Spring
1336,1337,866,Deposit,2812.85,12/12/2023,Winter
1337,1338,948,Deposit,4448.31,6/13/2024,Summer
1338,1339,1406,Transfer,7718.84,3/18/2023,Spring
1339,1340,63,Withdrawal,3702.06,5/27/2023,Spring
1340,1341,3364,Withdrawal,5679.22,9/1/2023,Fall
1341,1342,693,Transfer,8878.53,7/21/2023,Summer
1342,1343,2000,Payment,8527.89,4/27/2023,Spring
1343,1344,4658,Deposit,6316.37,9/11/2022,Fall
1344,1345,4086,Payment,9302.02,8/4/2023,Summer
1345,1346,699,Deposit,951.22,8/15/2023,Summer
1346,1347,2689,Payment,5653.66,12/8/2022,Winter
1347,1348,978,Deposit,491.21,12/6/2023,Winter
1348,1349,3736,Payment,3931.83,6/12/2022,Summer
1349,1350,2633,Deposit,6135.35,12/26/2022,Winter
1350,1351,872,Withdrawal,6026.85,12/30/2024,Winter
1351,1352,4972,Payment,6177.26,7/27/2023,Summer
1352,1353,4064,Deposit,5858.27,12/9/2022,Winter
1353,1354,4430,Withdrawal,8055.31,8/3/2023,Summer
1354,1355,4732,Deposit,8753.18,3/31/2024,Spring
1355,1356,3328,Withdrawal,8546.57,5/1/2023,Spring
1356,1357,3632,Deposit,5567.84,8/31/2023,Summer
1357,1358,2672,Withdrawal,8182.83,12/9/2024,Winter
1358,1359,1487,Payment,9200.24,1/22/2025,Winter
1359,1360,4001,Payment,8958.33,8/24/2024,Summer
1360,1361,3530,Deposit,5242.12,9/14/2022,Fall
1361,1362,1098,Withdrawal,9741.93,12/26/2024,Winter
1362,1363,3288,Payment,3504.51,2/16/2023,Winter
1363,1364,2782,Deposit,8346.79,10/26/2024,Fall
1364,1365,4959,Deposit,4928.25,5/5/2023,Spring
1365,1366,1379,Payment,6443.98,8/10/2024,Summer
1366,1367,584,Deposit,3061.01,6/19/2023,Summer
1367,1368,2364,Transfer,3982.27,11/30/2024,Fall
1368,1369,1713,Withdrawal,2030.97,1/4/2025,Winter
1369,1370,1558,Deposit,2351,1/24/2025,Winter
1370,1371,1435,Deposit,888.85,10/7/2023,Fall
1371,1372,1073,Payment,4790.4,8/9/2023,Summer
1372,1373,3232,Transfer,8480.34,12/8/2024,Winter
1373,1374,1422,Payment,9778.79,12/16/2023,Winter
1374,1375,3917,Withdrawal,5888.91,3/13/2025,Spring
1375,1376,4054,Transfer,7905.68,8/11/2022,Summer
1376,1377,1048,Payment,1374.59,3/16/2024,Spring
1377,1378,1770,Payment,7192.84,6/12/2022,Summer
1378,1379,723,Transfer,9075.38,8/1/2024,Summer
1379,1380,2287,Payment,8682.29,10/10/2024,Fall
1380,1381,1213,Deposit,4867.82,1/31/2025,Winter
1381,1382,2225,Transfer,4572.34,1/30/2023,Winter
1382,1383,2931,Payment,9533.2,8/8/2024,Summer
1383,1384,1021,Deposit,7905.57,4/26/2023,Spring
1384,1385,3114,Withdrawal,7639.69,6/21/2023,Summer
1385,1386,4657,Transfer,1228.56,7/23/2023,Summer
1386,1387,1080,Transfer,176.59,9/20/2024,Fall
1387,1388,1817,Withdrawal,3087.18,1/25/2024,Winter
1388,1389,2175,Transfer,9874.6,5/28/2024,Spring
1389,1390,369,Deposit,3258.39,7/20/2024,Summer
1390,1391,1005,Transfer,8714.65,8/28/2022,Summer
1391,1392,3380,Transfer,1954.68,5/3/2025,Spring
1392,1393,2298,Deposit,3340.99,1/23/2024,Winter
1393,1394,1077,Transfer,585.17,10/2/2023,Fall
1394,1395,4046,Payment,9012.82,8/18/2023,Summer
1395,1396,441,Deposit,3670.86,11/24/2024,Fall
1396,1397,4343,Deposit,3673.16,10/12/2024,Fall
1397,1398,4892,Deposit,7339.58,7/30/2022,Summer
1398,1399,3888,Transfer,8625.61,10/21/2024,Fall
1399,1400,603,Transfer,5750.03,2/19/2025,Winter
1400,1401,59,Transfer,8952.46,2/4/2025,Winter
1401,1402,4778,Deposit,3416.66,2/10/2023,Winter
1402,1403,1725,Payment,197.7,11/4/2022,Fall
1403,1404,2253,Withdrawal,640.43,9/25/2024,Fall
1404,1405,822,Deposit,1395.73,6/23/2024,Summer
1405,1406,2772,Transfer,2037.72,9/7/2023,Fall
1406,1407,3728,Transfer,7192.63,6/1/2024,Summer
1407,1408,4750,Payment,8401.2,12/22/2022,Winter
1408,1409,4560,Payment,3055.3,3/29/2024,Spring
1409,1410,2215,Payment,1163.09,1/7/2023,Winter
1410,1411,1530,Payment,5874.67,6/27/2022,Summer
1411,1412,4240,Deposit,3662.26,9/30/2022,Fall
1412,1413,820,Transfer,2592.48,2/11/2023,Winter
1413,1414,4505,Payment,2014.75,10/13/2024,Fall
1414,1415,4128,Transfer,516.66,6/20/2024,Summer
1415,1416,916,Deposit,7122.55,9/11/2023,Fall
1416,1417,2171,Deposit,2192.78,7/3/2024,Summer
1417,1418,39,Deposit,7736.45,10/3/2022,Fall
1418,1419,2348,Withdrawal,7947.09,2/28/2025,Winter
1419,1420,25,Payment,8188.88,2/26/2024,Winter
1420,1421,1617,Withdrawal,9907.29,3/31/2024,Spring
1421,1422,3147,Payment,1908.94,11/2/2022,Fall
1422,1423,637,Payment,2145.27,12/7/2024,Winter
1423,1424,4026,Withdrawal,3323.74,1/2/2023,Winter
1424,1425,1588,Payment,5538.16,11/8/2024,Fall
1425,1426,2500,Deposit,4828.33,9/30/2023,Fall
1426,1427,703,Transfer,9201.12,7/19/2023,Summer
1427,1428,4192,Withdrawal,2055.29,10/25/2023,Fall
1428,1429,3330,Payment,7752.66,1/7/2025,Winter
1429,1430,3848,Transfer,2265.56,2/17/2023,Winter
1430,1431,1733,Transfer,828.16,7/13/2024,Summer
1431,1432,4224,Deposit,8659,11/18/2024,Fall
1432,1433,154,Withdrawal,1417.35,10/11/2022,Fall
1433,1434,3302,Payment,5074.48,4/29/2025,Spring
1434,1435,2364,Transfer,3712.67,5/19/2023,Spring
1435,1436,4472,Transfer,3662.9,12/29/2022,Winter
1436,1437,2746,Payment,4393.23,8/14/2022,Summer
1437,1438,571,Withdrawal,291.83,5/9/2023,Spring
1438,1439,4673,Withdrawal,4155.62,1/22/2024,Winter
1439,1440,1434,Transfer,4908.69,7/17/2022,Summer
1440,1441,2829,Payment,9447.28,4/22/2024,Spring
1441,1442,4689,Deposit,4096.07,12/24/2022,Winter
1442,1443,4786,Transfer,6517.14,4/12/2023,Spring
1443,1444,3591,Payment,9437.89,6/18/2022,Summer
1444,1445,3620,Deposit,2768.79,4/7/2023,Spring
1445,1446,4005,Transfer,9886.24,6/27/2024,Summer
1446,1447,3074,Withdrawal,4319.93,8/29/2023,Summer
1447,1448,3432,Withdrawal,5647.96,8/21/2022,Summer
1448,1449,519,Transfer,4884.2,12/26/2024,Winter
1449,1450,70,Withdrawal,4781.04,12/7/2022,Winter
1450,1451,2830,Transfer,1039.63,8/10/2023,Summer
1451,1452,3709,Transfer,6086.83,6/14/2022,Summer
1452,1453,4300,Deposit,4652.68,4/24/2023,Spring
1453,1454,851,Withdrawal,4426.93,1/29/2023,Winter
1454,1455,3806,Withdrawal,4464.59,1/29/2023,Winter
1455,1456,388,Deposit,3891.97,11/1/2024,Fall
1456,1457,3607,Payment,9682.27,6/29/2023,Summer
1457,1458,4401,Payment,2740.57,7/12/2022,Summer
1458,1459,4955,Transfer,6079.65,3/9/2023,Spring
1459,1460,3145,Withdrawal,8632.44,10/17/2024,Fall
1460,1461,1994,Transfer,2594.55,12/26/2022,Winter
1461,1462,3866,Withdrawal,1003.9,8/14/2024,Summer
1462,1463,14,Withdrawal,959.52,2/8/2023,Winter
1463,1464,1658,Deposit,5494.69,2/14/2024,Winter
1464,1465,3661,Transfer,9966.58,8/24/2024,Summer
1465,1466,2105,Withdrawal,965.5,11/9/2024,Fall
1466,1467,2393,Payment,6843.68,5/5/2025,Spring
1467,1468,905,Payment,6978.31,2/28/2023,Winter
1468,1469,2803,Payment,7527.26,7/8/2022,Summer
1469,1470,2227,Deposit,7586.59,12/17/2023,Winter
1470,1471,842,Withdrawal,2170.5,3/27/2024,Spring
1471,1472,3709,Transfer,8814.55,3/8/2023,Spring
1472,1473,4647,Withdrawal,1605.59,10/22/2024,Fall
1473,1474,1886,Payment,7525.43,5/17/2023,Spring
1474,1475,1742,Withdrawal,5568.43,4/27/2023,Spring
1475,1476,2871,Withdrawal,9542.09,10/9/2024,Fall
1476,1477,2582,Transfer,9402.26,7/22/2024,Summer
1477,1478,1,Transfer,3707.8,5/1/2025,Spring
1478,1479,2989,Withdrawal,5328.41,3/18/2023,Spring
1479,1480,4660,Withdrawal,4051.89,2/12/2024,Winter
1480,1481,136,Transfer,3195.17,7/26/2023,Summer
1481,1482,2042,Withdrawal,2023.47,1/22/2024,Winter
1482,1483,896,Payment,8871.43,1/19/2025,Winter
1483,1484,2352,Payment,6580.27,12/4/2024,Winter
1484,1485,678,Payment,5586.88,4/10/2023,Spring
1485,1486,3344,Withdrawal,6546.78,11/14/2023,Fall
1486,1487,4896,Withdrawal,2824.71,11/27/2023,Fall
1487,1488,1125,Payment,931.31,6/7/2023,Summer
1488,1489,1701,Transfer,5441.91,5/23/2023,Spring
1489,1490,1328,Transfer,5947.78,5/13/2023,Spring
1490,1491,987,Deposit,2999.22,6/4/2024,Summer
1491,1492,2043,Deposit,3566.84,9/13/2022,Fall
1492,1493,1642,Deposit,6233.25,12/16/2023,Winter
1493,1494,4303,Transfer,1861.33,12/4/2023,Winter
1494,1495,492,Transfer,2044.1,10/2/2023,Fall
1495,1496,4275,Deposit,5965.44,11/22/2024,Fall
1496,1497,684,Payment,87.93,7/6/2023,Summer
1497,1498,4227,Transfer,6378.96,11/27/2022,Fall
1498,1499,3195,Withdrawal,9418.42,12/14/2024,Winter
1499,1500,1209,Deposit,5207.42,6/11/2024,Summer
1500,1501,842,Deposit,7653.38,3/2/2025,Spring
1501,1502,208,Withdrawal,318.9,7/25/2024,Summer
1502,1503,3730,Transfer,1222.19,4/26/2025,Spring
1503,1504,4690,Transfer,2974.82,7/1/2022,Summer
1504,1505,2908,Deposit,7606.01,5/14/2022,Spring
1505,1506,2572,Payment,8343.52,5/15/2023,Spring
1506,1507,539,Payment,9264.41,6/8/2022,Summer
1507,1508,986,Deposit,1762.05,3/19/2025,Spring
1508,1509,2548,Deposit,6318.93,7/7/2023,Summer
1509,1510,1212,Deposit,1446.54,11/30/2024,Fall
1510,1511,4908,Withdrawal,8999.03,10/5/2024,Fall
1511,1512,1736,Deposit,3978.55,11/8/2022,Fall
1512,1513,3653,Deposit,332.22,7/11/2024,Summer
1513,1514,1056,Payment,7404.33,2/15/2023,Winter
1514,1515,1408,Transfer,5198.09,12/6/2024,Winter
1515,1516,3610,Withdrawal,3819.79,11/10/2024,Fall
1516,1517,4616,Transfer,13.69,7/7/2022,Summer
1517,1518,3837,Transfer,2333.82,9/27/2022,Fall
1518,1519,3404,Deposit,8535.34,2/1/2023,Winter
1519,1520,3942,Transfer,9070.91,6/13/2023,Summer
1520,1521,1944,Payment,817.02,1/25/2024,Winter
1521,1522,1073,Withdrawal,3762.28,6/22/2022,Summer
1522,1523,4804,Transfer,5459.37,12/5/2023,Winter
1523,1524,1468,Deposit,4753.72,1/3/2025,Winter
1524,1525,1029,Payment,4868.76,3/25/2023,Spring
1525,1526,2093,Withdrawal,4332.29,11/6/2022,Fall
1526,1527,3326,Payment,4946.75,7/21/2024,Summer
1527,1528,4191,Transfer,8266.03,9/25/2023,Fall
1528,1529,1038,Payment,9970.14,8/18/2022,Summer
1529,1530,4992,Transfer,2993.9,7/9/2022,Summer
1530,1531,2201,Transfer,1648.7,10/24/2024,Fall
1531,1532,4252,Deposit,2014.65,9/17/2023,Fall
1532,1533,2860,Deposit,514.36,11/22/2023,Fall
1533,1534,1119,Transfer,923.57,7/6/2024,Summer
1534,1535,2129,Payment,2190.07,2/21/2023,Winter
1535,1536,4503,Payment,8920.65,8/18/2022,Summer
1536,1537,1437,Withdrawal,1661.92,8/19/2023,Summer
1537,1538,1668,Deposit,9752.92,6/19/2024,Summer
1538,1539,2173,Payment,5279.66,8/31/2024,Summer
1539,1540,653,Payment,7170,5/14/2022,Spring
1540,1541,1738,Withdrawal,8009.85,4/3/2024,Spring
1541,1542,1167,Transfer,2832.83,2/5/2023,Winter
1542,1543,1451,Transfer,4890.88,4/6/2023,Spring
1543,1544,660,Withdrawal,889.24,6/12/2023,Summer
1544,1545,3436,Withdrawal,4205.98,4/10/2025,Spring
1545,1546,4477,Withdrawal,4264.7,7/18/2024,Summer
1546,1547,4251,Payment,7737.4,3/2/2024,Spring
1547,1548,4419,Payment,9734.66,5/21/2024,Spring
1548,1549,1902,Payment,7715.16,11/26/2024,Fall
1549,1550,3600,Transfer,7016.69,2/2/2025,Winter
1550,1551,2981,Payment,6504.52,12/25/2024,Winter
1551,1552,2302,Payment,7960.77,11/25/2023,Fall
1552,1553,694,Payment,8414.56,6/13/2024,Summer
1553,1554,2593,Deposit,43.9,7/29/2023,Summer
1554,1555,4949,Deposit,2089.4,1/26/2024,Winter
1555,1556,3304,Payment,8316.81,6/16/2022,Summer
1556,1557,388,Payment,1322.04,11/14/2023,Fall
1557,1558,4497,Payment,1053.49,9/2/2024,Fall
1558,1559,4517,Deposit,1271.38,1/13/2023,Winter
1559,1560,358,Deposit,8742,3/8/2024,Spring
1560,1561,740,Withdrawal,7158.94,5/22/2024,Spring
1561,1562,1532,Payment,7611.3,8/3/2024,Summer
1562,1563,3083,Withdrawal,3610.7,6/12/2024,Summer
1563,1564,1204,Withdrawal,1997.43,7/10/2022,Summer
1564,1565,3593,Payment,3326,1/31/2024,Winter
1565,1566,4607,Withdrawal,6670.08,1/1/2025,Winter
1566,1567,3309,Withdrawal,5721.15,10/18/2023,Fall
1567,1568,1384,Deposit,7043.59,10/21/2024,Fall
1568,1569,150,Payment,3948.58,10/18/2022,Fall
1569,1570,141,Withdrawal,1936.2,5/14/2024,Spring
1570,1571,1398,Transfer,8360.5,9/15/2022,Fall
1571,1572,4004,Deposit,162.52,5/17/2023,Spring
1572,1573,978,Transfer,7863.57,7/14/2023,Summer
1573,1574,3115,Payment,1168.69,7/24/2024,Summer
1574,1575,4477,Withdrawal,5592.62,3/26/2024,Spring
1575,1576,862,Payment,1222.97,8/22/2024,Summer
1576,1577,2896,Withdrawal,2097.09,11/17/2023,Fall
1577,1578,535,Withdrawal,7758.28,3/27/2025,Spring
1578,1579,2443,Payment,3650.85,12/12/2022,Winter
1579,1580,4964,Withdrawal,775.61,12/14/2024,Winter
1580,1581,4537,Payment,6872.16,12/9/2024,Winter
1581,1582,4805,Withdrawal,1655.53,11/25/2024,Fall
1582,1583,3627,Payment,3046.42,5/15/2022,Spring
1583,1584,320,Deposit,8017.8,9/27/2022,Fall
1584,1585,574,Withdrawal,9488.61,2/24/2025,Winter
1585,1586,4684,Deposit,9058.83,1/27/2024,Winter
1586,1587,1766,Transfer,8809.19,11/10/2023,Fall
1587,1588,1918,Payment,1143.79,2/27/2025,Winter
1588,1589,2892,Deposit,6770.83,6/25/2023,Summer
1589,1590,3814,Deposit,2704.7,8/30/2024,Summer
1590,1591,857,Deposit,490.63,8/23/2022,Summer
1591,1592,1771,Deposit,4689.26,12/22/2022,Winter
1592,1593,1409,Deposit,7534.45,8/7/2022,Summer
1593,1594,4539,Transfer,6503.89,11/19/2023,Fall
1594,1595,4821,Payment,7722.4,8/17/2023,Summer
1595,1596,4111,Deposit,6798.34,9/20/2024,Fall
1596,1597,72,Payment,325.51,3/25/2023,Spring
1597,1598,3055,Withdrawal,7074.53,8/30/2024,Summer
1598,1599,4741,Withdrawal,2371.71,1/8/2024,Winter
1599,1600,3972,Withdrawal,4391.63,2/15/2024,Winter
1600,1601,4358,Transfer,4679.88,5/20/2024,Spring
1601,1602,3710,Withdrawal,8683.09,2/9/2025,Winter
1602,1603,2856,Transfer,5980.54,2/24/2024,Winter
1603,1604,3797,Payment,6855.71,7/13/2023,Summer
1604,1605,2840,Withdrawal,3994.6,8/28/2023,Summer
1605,1606,1993,Payment,5172.96,6/17/2022,Summer
1606,1607,4291,Payment,4881.26,12/28/2024,Winter
1607,1608,2279,Transfer,1415.01,9/12/2024,Fall
1608,1609,246,Withdrawal,5757.08,10/17/2022,Fall
1609,1610,2497,Deposit,8882.16,3/1/2023,Spring
1610,1611,2732,Payment,4361.06,12/26/2024,Winter
1611,1612,2174,Withdrawal,581.76,4/25/2024,Spring
1612,1613,1705,Withdrawal,1466.34,4/16/2023,Spring
1613,1614,884,Deposit,6598.08,9/30/2023,Fall
1614,1615,4883,Deposit,520.23,4/15/2025,Spring
1615,1616,3039,Withdrawal,5508.7,12/30/2024,Winter
1616,1617,1979,Transfer,7917.94,12/13/2024,Winter
1617,1618,1059,Withdrawal,9791.16,11/29/2023,Fall
1618,1619,2075,Payment,9977.83,3/20/2023,Spring
1619,1620,3469,Withdrawal,2239.23,10/23/2022,Fall
1620,1621,472,Payment,7457.24,6/14/2022,Summer
1621,1622,4527,Payment,3575.16,12/11/2024,Winter
1622,1623,2702,Withdrawal,7677.83,3/25/2025,Spring
1623,1624,2129,Withdrawal,4641.93,12/24/2024,Winter
1624,1625,290,Withdrawal,1922.36,2/8/2025,Winter
1625,1626,2076,Payment,9600.28,11/17/2023,Fall
1626,1627,880,Deposit,7925.21,4/6/2023,Spring
1627,1628,3269,Deposit,761.71,6/24/2022,Summer
1628,1629,1327,Payment,2938.92,10/13/2024,Fall
1629,1630,582,Payment,592.72,7/20/2024,Summer
1630,1631,4965,Deposit,1157.41,10/19/2023,Fall
1631,1632,3745,Withdrawal,4256.65,7/8/2024,Summer
1632,1633,1817,Payment,2073.26,12/26/2022,Winter
1633,1634,2953,Withdrawal,9483.56,7/25/2022,Summer
1634,1635,448,Transfer,7767.86,12/16/2023,Winter
1635,1636,17,Withdrawal,2254.61,11/19/2023,Fall
1636,1637,1947,Transfer,4183.17,3/27/2024,Spring
1637,1638,3456,Withdrawal,6148.52,4/3/2024,Spring
1638,1639,651,Payment,199.9,9/27/2023,Fall
1639,1640,1830,Transfer,4369.2,2/8/2025,Winter
1640,1641,4106,Deposit,1312.99,7/21/2023,Summer
1641,1642,4351,Payment,6426.71,10/1/2022,Fall
1642,1643,3810,Transfer,4174.15,12/29/2023,Winter
1643,1644,4842,Payment,6225.78,2/24/2023,Winter
1644,1645,3632,Payment,3819.93,8/7/2022,Summer
1645,1646,4556,Deposit,5712.93,5/14/2023,Spring
1646,1647,1553,Deposit,4703.89,4/13/2023,Spring
1647,1648,4550,Deposit,9808.78,7/1/2023,Summer
1648,1649,4500,Payment,6821.22,11/8/2022,Fall
1649,1650,3857,Withdrawal,1105.27,2/29/2024,Winter
1650,1651,3958,Transfer,2726.87,12/10/2022,Winter
1651,1652,1643,Withdrawal,5372.22,3/23/2023,Spring
1652,1653,4691,Transfer,5877,5/12/2023,Spring
1653,1654,1574,Withdrawal,6300.65,5/17/2024,Spring
1654,1655,2710,Deposit,4387.9,7/5/2022,Summer
1655,1656,242,Withdrawal,5323.14,12/28/2023,Winter
1656,1657,2774,Payment,8793.6,11/13/2024,Fall
1657,1658,2224,Withdrawal,7601.9,12/21/2024,Winter
1658,1659,2461,Payment,1314.41,1/31/2023,Winter
1659,1660,4619,Transfer,2957.51,11/16/2022,Fall
1660,1661,2665,Deposit,9031.19,9/4/2024,Fall
1661,1662,4219,Withdrawal,1820.9,4/7/2025,Spring
1662,1663,2656,Withdrawal,6007.56,7/31/2024,Summer
1663,1664,171,Payment,5746.97,4/14/2023,Spring
1664,1665,378,Payment,9571.56,2/25/2023,Winter
1665,1666,1489,Payment,1565.15,4/1/2024,Spring
1666,1667,4349,Deposit,4990.48,6/16/2022,Summer
1667,1668,4437,Transfer,9697.94,8/4/2024,Summer
1668,1669,4467,Transfer,2180.2,10/12/2023,Fall
1669,1670,1950,Transfer,4797.75,8/24/2024,Summer
1670,1671,3171,Transfer,5976.75,11/26/2022,Fall
1671,1672,4888,Transfer,1157.26,9/22/2022,Fall
1672,1673,4228,Transfer,3505.64,5/25/2022,Spring
1673,1674,4951,Withdrawal,2454.36,4/27/2023,Spring
1674,1675,2535,Payment,6907.13,4/20/2023,Spring
1675,1676,1721,Deposit,582.58,5/20/2023,Spring
1676,1677,3343,Deposit,8046.73,10/27/2022,Fall
1677,1678,3176,Payment,5583.91,8/15/2022,Summer
1678,1679,400,Deposit,6090.88,3/14/2025,Spring
1679,1680,2579,Withdrawal,6684.88,2/1/2024,Winter
1680,1681,1872,Transfer,8519.45,9/20/2024,Fall
1681,1682,2931,Transfer,5910.29,7/25/2024,Summer
1682,1683,424,Payment,1581.84,11/7/2023,Fall
1683,1684,4671,Deposit,7416.66,3/20/2023,Spring
1684,1685,1265,Withdrawal,9805.84,5/6/2023,Spring
1685,1686,1666,Payment,14.27,5/1/2023,Spring
1686,1687,1350,Payment,4490.04,1/15/2023,Winter
1687,1688,1928,Deposit,6187.97,6/18/2023,Summer
1688,1689,4590,Payment,6381.33,8/1/2022,Summer
1689,1690,4302,Withdrawal,1762.34,9/30/2023,Fall
1690,1691,1490,Transfer,1854.43,8/1/2024,Summer
1691,1692,1384,Payment,7724.76,1/7/2024,Winter
1692,1693,2115,Transfer,241.55,5/15/2022,Spring
1693,1694,3231,Transfer,1729.57,10/16/2022,Fall
1694,1695,317,Withdrawal,2943.38,10/2/2024,Fall
1695,1696,3460,Payment,3459.76,7/9/2023,Summer
1696,1697,963,Deposit,341.9,12/11/2023,Winter
1697,1698,1408,Deposit,8538.24,5/5/2024,Spring
1698,1699,4867,Withdrawal,7668.47,3/3/2025,Spring
1699,1700,2325,Payment,4552.24,8/2/2023,Summer
1700,1701,801,Deposit,505.83,1/23/2025,Winter
1701,1702,538,Deposit,8084.42,3/5/2023,Spring
1702,1703,1178,Withdrawal,2474.9,4/16/2025,Spring
1703,1704,1801,Withdrawal,9374.5,4/20/2023,Spring
1704,1705,2262,Deposit,3936.89,12/17/2024,Winter
1705,1706,1217,Payment,5301.5,3/17/2025,Spring
1706,1707,4819,Deposit,6709.17,6/19/2023,Summer
1707,1708,2053,Withdrawal,3302.81,9/29/2023,Fall
1708,1709,4167,Withdrawal,5173.04,2/26/2024,Winter
1709,1710,3306,Transfer,4168.34,2/8/2025,Winter
1710,1711,1687,Payment,2614.39,6/30/2022,Summer
1711,1712,3028,Transfer,5203.83,11/26/2023,Fall
1712,1713,3694,Withdrawal,6679.75,8/7/2022,Summer
1713,1714,3642,Transfer,9703.55,1/29/2024,Winter
1714,1715,348,Withdrawal,8381.48,8/29/2022,Summer
1715,1716,1038,Withdrawal,2012.94,11/28/2023,Fall
1716,1717,4885,Payment,3962.25,12/21/2023,Winter
1717,1718,3093,Deposit,4268.03,10/9/2022,Fall
1718,1719,2581,Payment,5830.29,1/24/2025,Winter
1719,1720,1229,Transfer,3512.3,2/28/2024,Winter
1720,1721,1853,Withdrawal,1769.54,10/26/2022,Fall
1721,1722,1088,Deposit,9334.93,9/22/2023,Fall
1722,1723,3239,Transfer,3142.96,8/5/2022,Summer
1723,1724,3292,Payment,2703.17,1/14/2023,Winter
1724,1725,4250,Payment,4547.05,5/23/2023,Spring
1725,1726,697,Payment,9241.75,2/2/2025,Winter
1726,1727,2562,Deposit,4213.07,10/6/2024,Fall
1727,1728,912,Withdrawal,7132.88,12/31/2023,Winter
1728,1729,2264,Withdrawal,7620.69,8/19/2023,Summer
1729,1730,3492,Transfer,5093.87,5/24/2023,Spring
1730,1731,1672,Transfer,4241.71,1/28/2024,Winter
1731,1732,2494,Withdrawal,74.6,11/8/2023,Fall
1732,1733,2932,Deposit,745.28,9/4/2023,Fall
1733,1734,3205,Withdrawal,3104.48,2/10/2025,Winter
1734,1735,4810,Payment,9727.32,4/24/2023,Spring
1735,1736,170,Withdrawal,8980.59,12/3/2022,Winter
1736,1737,4673,Payment,8399.69,3/20/2025,Spring
1737,1738,893,Transfer,5199.11,12/2/2022,Winter
1738,1739,4166,Deposit,716.13,10/11/2022,Fall
1739,1740,3262,Deposit,4438.97,2/15/2025,Winter
1740,1741,2710,Payment,1679.92,8/19/2023,Summer
1741,1742,3082,Withdrawal,7066.54,7/26/2024,Summer
1742,1743,4704,Payment,8723.82,2/29/2024,Winter
1743,1744,1714,Payment,1459.04,7/3/2024,Summer
1744,1745,3942,Transfer,5310.48,12/26/2023,Winter
1745,1746,3920,Transfer,3325.04,6/20/2023,Summer
1746,1747,722,Payment,5725,12/15/2024,Winter
1747,1748,305,Payment,818.3,7/12/2024,Summer
1748,1749,4860,Payment,7450.31,6/2/2023,Summer
1749,1750,4133,Payment,2591.2,7/14/2022,Summer
1750,1751,1589,Payment,7060.61,1/12/2025,Winter
1751,1752,3952,Transfer,8718.5,11/11/2022,Fall
1752,1753,3323,Payment,4961.97,10/2/2022,Fall
1753,1754,2819,Deposit,9822.23,12/18/2023,Winter
1754,1755,3864,Transfer,6587.86,8/7/2024,Summer
1755,1756,904,Payment,8287.25,6/24/2022,Summer
1756,1757,1075,Withdrawal,8402.16,9/14/2022,Fall
1757,1758,3338,Payment,1377.02,12/1/2022,Winter
1758,1759,4588,Deposit,3101.93,3/4/2023,Spring
1759,1760,2030,Deposit,2149.43,7/26/2023,Summer
1760,1761,3569,Transfer,8053.1,7/29/2024,Summer
1761,1762,4730,Deposit,8126.23,10/4/2023,Fall
1762,1763,387,Payment,8971.3,1/3/2024,Winter
1763,1764,4791,Deposit,3623.8,4/6/2025,Spring
1764,1765,3787,Payment,9610.58,5/5/2024,Spring
1765,1766,1584,Payment,972.81,2/19/2024,Winter
1766,1767,1937,Payment,3408.47,1/27/2023,Winter
1767,1768,4949,Withdrawal,86.95,3/26/2024,Spring
1768,1769,1619,Transfer,121.42,4/26/2024,Spring
1769,1770,1940,Transfer,7184.03,1/24/2025,Winter
1770,1771,4141,Withdrawal,2889.96,3/21/2023,Spring
1771,1772,4850,Transfer,2770.47,12/17/2022,Winter
1772,1773,4673,Transfer,4694.62,8/26/2024,Summer
1773,1774,729,Payment,1812.5,7/2/2024,Summer
1774,1775,4857,Deposit,3000.16,8/24/2024,Summer
1775,1776,1835,Withdrawal,6130.74,4/24/2023,Spring
1776,1777,224,Transfer,6991.91,8/1/2023,Summer
1777,1778,3218,Deposit,9354.95,4/10/2024,Spring
1778,1779,616,Withdrawal,4812.91,6/19/2022,Summer
1779,1780,3332,Transfer,2457.52,12/31/2024,Winter
1780,1781,1625,Deposit,566.83,7/25/2023,Summer
1781,1782,1041,Deposit,8714.92,2/26/2025,Winter
1782,1783,2012,Deposit,2521.19,3/14/2023,Spring
1783,1784,512,Withdrawal,6157.76,6/4/2022,Summer
1784,1785,1805,Payment,3477.64,5/31/2023,Spring
1785,1786,1149,Transfer,7348.8,4/19/2025,Spring
1786,1787,3854,Payment,8236.98,11/3/2022,Fall
1787,1788,351,Withdrawal,3102.77,10/18/2022,Fall
1788,1789,1039,Withdrawal,6101.21,6/1/2024,Summer
1789,1790,3428,Withdrawal,8756.72,9/18/2022,Fall
1790,1791,4476,Payment,4343.65,3/31/2024,Spring
1791,1792,2978,Transfer,6657.78,1/30/2025,Winter
1792,1793,1262,Transfer,25.31,10/23/2022,Fall
1793,1794,1963,Deposit,5275.02,4/11/2025,Spring
1794,1795,70,Transfer,2762.02,7/22/2022,Summer
1795,1796,287,Withdrawal,5646.62,7/25/2023,Summer
1796,1797,3490,Withdrawal,6930.63,7/22/2024,Summer
1797,1798,3658,Withdrawal,2355.23,7/14/2023,Summer
1798,1799,3255,Deposit,5652.5,5/11/2023,Spring
1799,1800,1120,Transfer,5794.88,9/18/2024,Fall
1800,1801,782,Transfer,6202.97,6/4/2023,Summer
1801,1802,655,Payment,581.33,6/14/2024,Summer
1802,1803,3857,Withdrawal,5369.24,1/17/2024,Winter
1803,1804,1994,Deposit,374,8/31/2023,Summer
1804,1805,1640,Withdrawal,2204.85,12/13/2023,Winter
1805,1806,105,Deposit,8780.84,7/31/2024,Summer
1806,1807,2996,Deposit,4847.05,8/8/2023,Summer
1807,1808,3821,Transfer,9680.35,5/22/2024,Spring
1808,1809,2722,Deposit,6605.53,11/24/2022,Fall
1809,1810,2023,Transfer,465.55,2/5/2023,Winter
1810,1811,1876,Payment,6758.51,4/29/2025,Spring
1811,1812,3641,Transfer,8777.26,1/9/2024,Winter
1812,1813,3151,Deposit,7244.75,1/16/2024,Winter
1813,1814,746,Transfer,9543.32,12/4/2022,Winter
1814,1815,3446,Withdrawal,6999.74,4/22/2024,Spring
1815,1816,2975,Withdrawal,769.89,2/18/2023,Winter
1816,1817,4294,Withdrawal,731.3,1/5/2024,Winter
1817,1818,4838,Deposit,3654.75,7/21/2024,Summer
1818,1819,3885,Payment,8944.62,2/2/2025,Winter
1819,1820,4755,Transfer,2726.87,10/30/2024,Fall
1820,1821,1850,Payment,2947.85,11/10/2024,Fall
1821,1822,642,Transfer,5397.24,5/26/2023,Spring
1822,1823,1337,Deposit,9411.85,12/26/2023,Winter
1823,1824,2541,Payment,9310.82,7/4/2022,Summer
1824,1825,3672,Transfer,2579.1,7/29/2023,Summer
1825,1826,2210,Transfer,3006.1,3/4/2025,Spring
1826,1827,965,Transfer,7048.74,9/25/2022,Fall
1827,1828,3706,Transfer,8378.83,2/19/2024,Winter
1828,1829,3430,Withdrawal,7867.27,12/10/2023,Winter
1829,1830,4077,Withdrawal,923.03,8/24/2022,Summer
1830,1831,2210,Transfer,1570.14,5/22/2022,Spring
1831,1832,3850,Deposit,7725.7,2/6/2024,Winter
1832,1833,3828,Withdrawal,545.14,6/14/2022,Summer
1833,1834,2632,Transfer,402.03,2/23/2023,Winter
1834,1835,4581,Transfer,394.02,1/29/2023,Winter
1835,1836,3105,Deposit,4194.12,8/30/2024,Summer
1836,1837,2038,Withdrawal,8497.51,1/12/2023,Winter
1837,1838,3988,Payment,7969.28,1/1/2023,Winter
1838,1839,233,Payment,215.22,9/30/2024,Fall
1839,1840,744,Transfer,8233.19,1/16/2024,Winter
1840,1841,3350,Withdrawal,84.99,3/24/2025,Spring
1841,1842,3790,Deposit,2339.46,11/3/2022,Fall
1842,1843,314,Transfer,1522.58,4/2/2023,Spring
1843,1844,2137,Payment,5838.04,6/25/2024,Summer
1844,1845,2433,Payment,4700.96,9/6/2024,Fall
1845,1846,1304,Transfer,2514.07,11/10/2024,Fall
1846,1847,4457,Payment,4924.79,10/28/2024,Fall
1847,1848,2762,Withdrawal,5152.59,10/5/2024,Fall
1848,1849,648,Payment,9261.57,12/28/2023,Winter
1849,1850,2850,Withdrawal,2647.72,2/22/2024,Winter
1850,1851,2071,Deposit,7672.75,4/10/2023,Spring
1851,1852,2697,Withdrawal,2712.41,12/25/2023,Winter
1852,1853,3602,Transfer,3406.54,2/3/2024,Winter
1853,1854,2336,Deposit,2070.14,4/3/2025,Spring
1854,1855,2736,Withdrawal,9813.21,3/6/2024,Spring
1855,1856,4769,Withdrawal,4310.13,12/8/2022,Winter
1856,1857,4617,Withdrawal,6006,1/26/2025,Winter
1857,1858,4649,Transfer,5614.02,5/22/2022,Spring
1858,1859,3821,Deposit,9665.02,9/3/2022,Fall
1859,1860,2922,Deposit,2133.84,4/4/2025,Spring
1860,1861,1059,Deposit,9095.76,11/10/2022,Fall
1861,1862,3571,Deposit,2000.48,3/10/2023,Spring
1862,1863,1965,Transfer,5962.48,10/14/2024,Fall
1863,1864,2372,Payment,9302.06,7/13/2023,Summer
1864,1865,1314,Deposit,1256.77,10/8/2022,Fall
1865,1866,4475,Transfer,3968.7,1/9/2025,Winter
1866,1867,666,Transfer,9789.51,10/16/2022,Fall
1867,1868,2376,Transfer,123.14,10/22/2024,Fall
1868,1869,3356,Deposit,8111.44,1/14/2023,Winter
1869,1870,4019,Withdrawal,8188.6,11/30/2022,Fall
1870,1871,2081,Deposit,4222.04,6/19/2024,Summer
1871,1872,141,Withdrawal,4076.99,1/12/2025,Winter
1872,1873,3088,Deposit,5431.57,6/12/2023,Summer
1873,1874,3021,Deposit,5185.28,3/27/2024,Spring
1874,1875,4905,Transfer,3504.59,12/24/2023,Winter
1875,1876,1633,Withdrawal,8691.99,1/17/2023,Winter
1876,1877,2946,Deposit,9164.24,3/21/2025,Spring
1877,1878,579,Deposit,9677.3,3/15/2024,Spring
1878,1879,1523,Payment,5831.96,5/30/2024,Spring
1879,1880,4646,Deposit,2819.38,6/21/2022,Summer
1880,1881,3632,Deposit,6369,1/10/2025,Winter
1881,1882,1475,Transfer,4228.91,10/14/2024,Fall
1882,1883,3790,Payment,8543.61,4/20/2025,Spring
1883,1884,2886,Withdrawal,8464.07,7/9/2022,Summer
1884,1885,1732,Deposit,3110.15,6/17/2022,Summer
1885,1886,1781,Deposit,1709.5,2/26/2024,Winter
1886,1887,393,Payment,6826.05,5/3/2024,Spring
1887,1888,2248,Transfer,5808.42,11/13/2022,Fall
1888,1889,2466,Withdrawal,5175.01,10/16/2022,Fall
1889,1890,4440,Payment,412.33,12/27/2024,Winter
1890,1891,179,Transfer,9531.4,2/5/2024,Winter
1891,1892,3295,Deposit,8440.84,8/21/2023,Summer
1892,1893,2391,Transfer,9229.53,11/21/2022,Fall
1893,1894,4575,Transfer,2791.8,2/21/2025,Winter
1894,1895,4063,Withdrawal,9254.69,7/24/2022,Summer
1895,1896,4667,Deposit,9486.87,8/22/2024,Summer
1896,1897,3392,Transfer,3259.55,4/19/2024,Spring
1897,1898,4388,Withdrawal,6684.69,6/11/2022,Summer
1898,1899,1385,Withdrawal,3152.55,3/29/2024,Spring
1899,1900,1788,Deposit,13.92,10/10/2023,Fall
1900,1901,3562,Payment,3226.13,12/20/2023,Winter
1901,1902,1977,Withdrawal,5151.86,9/13/2023,Fall
1902,1903,2367,Payment,1820.27,11/25/2022,Fall
1903,1904,464,Deposit,5625.42,11/14/2024,Fall
1904,1905,3021,Withdrawal,1303.69,12/11/2022,Winter
1905,1906,801,Payment,8381.53,9/20/2023,Fall
1906,1907,3406,Withdrawal,866.77,5/4/2024,Spring
1907,1908,1926,Deposit,6044.79,7/20/2023,Summer
1908,1909,4296,Withdrawal,6598.7,6/4/2024,Summer
1909,1910,309,Withdrawal,3774.19,7/29/2023,Summer
1910,1911,4153,Payment,5449.49,9/22/2023,Fall
1911,1912,1542,Payment,3771.77,9/9/2023,Fall
1912,1913,4398,Deposit,8168.19,2/27/2025,Winter
1913,1914,4721,Withdrawal,5402.91,2/1/2023,Winter
1914,1915,4135,Deposit,4440.63,10/22/2022,Fall
1915,1916,4878,Deposit,7551.04,10/28/2023,Fall
1916,1917,2654,Payment,9890.07,1/25/2024,Winter
1917,1918,2705,Payment,971.89,12/31/2023,Winter
1918,1919,75,Transfer,8238.48,9/14/2022,Fall
1919,1920,1464,Deposit,1625.73,12/23/2022,Winter
1920,1921,3103,Transfer,9593.64,11/11/2024,Fall
1921,1922,4659,Deposit,5143.24,2/6/2025,Winter
1922,1923,3343,Transfer,7056.58,4/14/2024,Spring
1923,1924,2471,Withdrawal,820.82,9/12/2023,Fall
1924,1925,3053,Payment,4402.13,12/3/2023,Winter
1925,1926,3645,Withdrawal,1050.79,1/19/2024,Winter
1926,1927,547,Transfer,162.68,8/17/2022,Summer
1927,1928,3255,Transfer,2677.32,7/3/2024,Summer
1928,1929,2630,Deposit,504.3,9/17/2024,Fall
1929,1930,3371,Transfer,701.95,3/16/2025,Spring
1930,1931,2525,Deposit,9834.54,10/25/2024,Fall
1931,1932,566,Deposit,7482.52,12/17/2024,Winter
1932,1933,3147,Payment,6415.23,7/7/2022,Summer
1933,1934,300,Payment,4821.12,1/8/2025,Winter
1934,1935,1855,Deposit,9745.3,4/27/2025,Spring
1935,1936,698,Deposit,9950.34,4/18/2023,Spring
1936,1937,347,Payment,776.12,4/7/2024,Spring
1937,1938,1749,Deposit,3221.28,10/26/2024,Fall
1938,1939,3407,Payment,6881.28,3/11/2023,Spring
1939,1940,2145,Withdrawal,7422.85,9/20/2023,Fall
1940,1941,4975,Transfer,1492.23,9/30/2023,Fall
1941,1942,3186,Payment,6860.2,6/1/2022,Summer
1942,1943,445,Deposit,4596.85,12/28/2023,Winter
1943,1944,1937,Transfer,6910.95,9/10/2024,Fall
1944,1945,4797,Payment,6184.85,12/2/2022,Winter
1945,1946,3655,Transfer,7075.99,10/13/2023,Fall
1946,1947,358,Payment,7752.88,1/28/2025,Winter
1947,1948,405,Withdrawal,6332.12,12/11/2024,Winter
1948,1949,459,Payment,8506.53,4/9/2024,Spring
1949,1950,4493,Payment,6838.36,8/3/2023,Summer
1950,1951,4126,Withdrawal,9994.84,10/2/2023,Fall
1951,1952,3218,Payment,3166.32,10/17/2024,Fall
1952,1953,3692,Payment,9689.77,6/19/2023,Summer
1953,1954,4031,Deposit,9360.75,4/19/2023,Spring
1954,1955,4787,Withdrawal,7594.59,8/9/2022,Summer
1955,1956,1747,Deposit,718.56,5/24/2022,Spring
1956,1957,3967,Withdrawal,6589.12,7/3/2023,Summer
1957,1958,4591,Deposit,3556.48,6/3/2024,Summer
1958,1959,4330,Payment,5168.07,1/29/2025,Winter
1959,1960,351,Deposit,430.09,4/21/2024,Spring
1960,1961,4220,Payment,9020.67,6/3/2022,Summer
1961,1962,3338,Withdrawal,3243.43,3/9/2024,Spring
1962,1963,2953,Transfer,2863.1,6/29/2022,Summer
1963,1964,4578,Payment,5141.29,7/10/2023,Summer
1964,1965,3759,Deposit,3546.44,6/13/2023,Summer
1965,1966,4846,Withdrawal,7464.05,5/23/2024,Spring
1966,1967,3071,Payment,5326.56,7/1/2023,Summer
1967,1968,2237,Deposit,7099.08,9/13/2023,Fall
1968,1969,1788,Withdrawal,8683.37,10/14/2023,Fall
1969,1970,1234,Transfer,6220.27,8/16/2023,Summer
1970,1971,2350,Payment,8888.52,8/31/2023,Summer
1971,1972,1099,Deposit,8071.3,2/14/2024,Winter
1972,1973,47,Deposit,2289.32,8/5/2024,Summer
1973,1974,3916,Payment,4909.54,1/6/2025,Winter
1974,1975,3208,Payment,4709.37,8/22/2023,Summer
1975,1976,4555,Payment,862.8,1/26/2023,Winter
1976,1977,4289,Payment,8110.34,8/14/2023,Summer
1977,1978,169,Deposit,4614.11,3/14/2023,Spring
1978,1979,4779,Transfer,7072.62,8/15/2022,Summer
1979,1980,1101,Deposit,7109.96,9/20/2024,Fall
1980,1981,1187,Withdrawal,2103.92,11/22/2022,Fall
1981,1982,2021,Transfer,2122.32,1/10/2023,Winter
1982,1983,2631,Transfer,7949.89,7/17/2024,Summer
1983,1984,1311,Payment,4941.23,3/18/2023,Spring
1984,1985,3735,Transfer,6821.35,4/13/2025,Spring
1985,1986,652,Payment,8826.36,7/24/2023,Summer
1986,1987,1621,Withdrawal,9717.44,4/1/2024,Spring
1987,1988,151,Transfer,8882.24,10/2/2023,Fall
1988,1989,322,Withdrawal,9042.17,10/20/2022,Fall
1989,1990,2886,Withdrawal,1544.02,1/8/2023,Winter
1990,1991,530,Payment,2255.21,5/18/2022,Spring
1991,1992,4481,Transfer,3204.4,12/25/2023,Winter
1992,1993,1878,Transfer,1580.65,12/31/2023,Winter
1993,1994,868,Transfer,7744.36,12/31/2023,Winter
1994,1995,2834,Withdrawal,8628.3,9/21/2022,Fall
1995,1996,3046,Transfer,8474.75,2/4/2025,Winter
1996,1997,4564,Withdrawal,9115.61,1/28/2025,Winter
1997,1998,4754,Withdrawal,5460.64,9/18/2024,Fall
1998,1999,3130,Withdrawal,4138.56,10/6/2022,Fall
1999,2000,4767,Transfer,9577.02,7/17/2022,Summer
2000,2001,3574,Payment,9971.56,3/16/2024,Spring
2001,2002,2096,Payment,1109.39,12/17/2023,Winter
2002,2003,1717,Transfer,2204.27,12/21/2023,Winter
2003,2004,1048,Transfer,8803.64,3/23/2023,Spring
2004,2005,3536,Transfer,3838.82,12/17/2023,Winter
2005,2006,3265,Withdrawal,9172.63,2/1/2023,Winter
2006,2007,3023,Deposit,501.45,7/31/2022,Summer
2007,2008,945,Payment,9772.86,1/6/2023,Winter
2008,2009,3576,Withdrawal,2286.61,2/1/2024,Winter
2009,2010,1841,Deposit,5081.46,6/18/2024,Summer
2010,2011,2221,Transfer,9462.66,10/7/2023,Fall
2011,2012,4546,Deposit,9555.72,7/2/2024,Summer
2012,2013,230,Payment,3941.14,2/18/2025,Winter
2013,2014,2540,Withdrawal,9864.52,6/22/2023,Summer
2014,2015,3512,Transfer,9507.71,6/5/2022,Summer
2015,2016,3774,Withdrawal,3898.41,4/21/2024,Spring
2016,2017,939,Payment,9988.02,3/11/2023,Spring
2017,2018,3292,Deposit,6233.55,9/7/2022,Fall
2018,2019,3879,Deposit,7131.84,11/7/2023,Fall
2019,2020,2158,Transfer,5030.49,7/11/2023,Summer
2020,2021,3760,Transfer,8369.44,4/29/2023,Spring
2021,2022,1126,Payment,11.31,12/26/2023,Winter
2022,2023,234,Payment,1148.16,12/22/2022,Winter
2023,2024,2900,Withdrawal,1490.41,11/14/2023,Fall
2024,2025,2504,Withdrawal,8707.18,7/19/2024,Summer
2025,2026,2396,Withdrawal,5087.5,10/4/2024,Fall
2026,2027,648,Deposit,6364.5,5/10/2023,Spring
2027,2028,4921,Deposit,7215.86,4/12/2023,Spring
2028,2029,3649,Deposit,6977.58,8/30/2024,Summer
2029,2030,2417,Payment,4221.37,3/23/2023,Spring
2030,2031,1739,Transfer,8161.65,3/10/2024,Spring
2031,2032,1468,Deposit,8436.48,9/8/2023,Fall
2032,2033,155,Payment,1224.36,12/3/2022,Winter
2033,2034,1511,Deposit,2861.39,3/10/2025,Spring
2034,2035,4553,Payment,7462.8,1/3/2023,Winter
2035,2036,4514,Transfer,726.09,5/19/2024,Spring
2036,2037,1623,Payment,7344.84,11/6/2024,Fall
2037,2038,4940,Payment,6389.41,11/11/2022,Fall
2038,2039,4555,Deposit,2077.49,1/2/2025,Winter
2039,2040,4425,Payment,5854.36,7/29/2022,Summer
2040,2041,1035,Withdrawal,1357.9,9/26/2022,Fall
2041,2042,1182,Payment,6231.68,10/9/2023,Fall
2042,2043,1922,Transfer,5022.66,4/25/2023,Spring
2043,2044,116,Payment,7950.83,10/28/2023,Fall
2044,2045,2072,Withdrawal,1464.16,12/23/2022,Winter
2045,2046,590,Withdrawal,2993.93,1/20/2025,Winter
2046,2047,523,Withdrawal,1045.3,11/16/2024,Fall
2047,2048,125,Transfer,2585.27,7/4/2022,Summer
2048,2049,4897,Deposit,1692.2,2/1/2024,Winter
2049,2050,3639,Deposit,9477.11,2/18/2023,Winter
2050,2051,4474,Deposit,1826.29,1/7/2024,Winter
2051,2052,1913,Deposit,2569,1/29/2025,Winter
2052,2053,1355,Deposit,1750.1,5/23/2023,Spring
2053,2054,1874,Payment,4378.07,2/21/2023,Winter
2054,2055,794,Withdrawal,8969.78,6/22/2022,Summer
2055,2056,3435,Payment,2120.97,1/9/2023,Winter
2056,2057,2217,Withdrawal,8898.52,1/11/2024,Winter
2057,2058,3315,Payment,499.36,3/3/2023,Spring
2058,2059,3099,Deposit,922.02,5/18/2024,Spring
2059,2060,1735,Deposit,7159.14,10/20/2022,Fall
2060,2061,1544,Transfer,9371.58,8/2/2024,Summer
2061,2062,1866,Deposit,5690.75,10/25/2022,Fall
2062,2063,394,Transfer,1693.31,11/12/2024,Fall
2063,2064,4901,Withdrawal,9167.77,10/18/2022,Fall
2064,2065,2173,Transfer,8331.31,11/23/2022,Fall
2065,2066,999,Deposit,4618.57,9/22/2022,Fall
2066,2067,3248,Payment,9258.01,11/14/2022,Fall
2067,2068,3969,Payment,9416.91,4/28/2025,Spring
2068,2069,2032,Withdrawal,2464.3,7/21/2023,Summer
2069,2070,1117,Payment,7419.89,10/8/2022,Fall
2070,2071,3751,Transfer,3404.89,7/13/2023,Summer
2071,2072,2206,Payment,6166.44,1/8/2023,Winter
2072,2073,3488,Payment,2894.4,4/3/2024,Spring
2073,2074,67,Transfer,9963.88,4/13/2023,Spring
2074,2075,1378,Withdrawal,3525.8,3/7/2024,Spring
2075,2076,1155,Payment,223.08,6/15/2022,Summer
2076,2077,1344,Deposit,7079.34,7/13/2024,Summer
2077,2078,3089,Withdrawal,3744.94,8/31/2024,Summer
2078,2079,2712,Transfer,5818.16,4/9/2025,Spring
2079,2080,2920,Withdrawal,4751.52,10/6/2023,Fall
2080,2081,4869,Transfer,6705.55,12/9/2024,Winter
2081,2082,2530,Withdrawal,7212.48,5/10/2025,Spring
2082,2083,821,Withdrawal,3997.65,11/18/2023,Fall
2083,2084,1693,Transfer,4221.99,7/16/2022,Summer
2084,2085,209,Payment,6898.73,5/13/2023,Spring
2085,2086,3730,Withdrawal,795.67,7/9/2022,Summer
2086,2087,3384,Withdrawal,2500.41,12/9/2022,Winter
2087,2088,1529,Deposit,6674.57,1/13/2024,Winter
2088,2089,917,Withdrawal,5005.79,9/13/2022,Fall
2089,2090,679,Withdrawal,3865.49,5/31/2023,Spring
2090,2091,3202,Payment,725.7,8/30/2023,Summer
2091,2092,1971,Withdrawal,7533.86,7/12/2023,Summer
2092,2093,516,Withdrawal,4052.83,6/8/2022,Summer
2093,2094,1586,Withdrawal,5483.07,12/11/2023,Winter
2094,2095,2104,Withdrawal,1695.17,11/22/2023,Fall
2095,2096,754,Payment,4603.3,10/11/2023,Fall
2096,2097,1307,Payment,1771.7,10/26/2023,Fall
2097,2098,2370,Deposit,179.27,12/20/2022,Winter
2098,2099,3230,Payment,1606.39,3/17/2024,Spring
2099,2100,2146,Withdrawal,6372.91,12/28/2024,Winter
2100,2101,2884,Transfer,1659.52,9/29/2024,Fall
2101,2102,4982,Transfer,7623.85,11/17/2024,Fall
2102,2103,1113,Deposit,1017.26,2/28/2025,Winter
2103,2104,4991,Withdrawal,8840.66,6/7/2022,Summer
2104,2105,4817,Withdrawal,6382.54,11/17/2022,Fall
2105,2106,1301,Transfer,2786.62,5/7/2023,Spring
2106,2107,4973,Withdrawal,9405.52,12/9/2022,Winter
2107,2108,152,Deposit,169.73,4/25/2025,Spring
2108,2109,3007,Payment,2273.5,1/1/2024,Winter
2109,2110,1157,Transfer,9259.4,12/15/2024,Winter
2110,2111,3066,Transfer,8770.1,4/9/2023,Spring
2111,2112,3422,Deposit,5088.84,5/12/2022,Spring
2112,2113,3451,Transfer,5008.61,3/28/2025,Spring
2113,2114,1624,Payment,1230.2,7/16/2024,Summer
2114,2115,642,Withdrawal,2115.51,6/20/2022,Summer
2115,2116,4980,Payment,7313.75,9/4/2023,Fall
2116,2117,2314,Transfer,5481.94,1/30/2025,Winter
2117,2118,3104,Transfer,2827.71,8/6/2022,Summer
2118,2119,3321,Transfer,6428.94,10/23/2023,Fall
2119,2120,111,Payment,4442.59,12/29/2022,Winter
2120,2121,515,Deposit,4578.19,9/5/2024,Fall
2121,2122,1832,Payment,8968.2,9/7/2024,Fall
2122,2123,2654,Deposit,3320.11,8/21/2023,Summer
2123,2124,1525,Transfer,8362.56,7/21/2024,Summer
2124,2125,4955,Transfer,5199.29,4/12/2025,Spring
2125,2126,4740,Withdrawal,2385.18,8/13/2024,Summer
2126,2127,2324,Payment,2189.99,12/18/2024,Winter
2127,2128,4974,Deposit,7414.61,8/17/2023,Summer
2128,2129,266,Withdrawal,4135.13,10/11/2023,Fall
2129,2130,4729,Withdrawal,5846.42,3/22/2024,Spring
2130,2131,1602,Deposit,8888.2,12/11/2022,Winter
2131,2132,3553,Transfer,7168.86,8/2/2023,Summer
2132,2133,1230,Payment,212.64,1/1/2025,Winter
2133,2134,2652,Transfer,4204.05,6/7/2022,Summer
2134,2135,2239,Deposit,1295.08,4/27/2025,Spring
2135,2136,2390,Payment,9016.31,9/13/2024,Fall
2136,2137,3835,Transfer,3313.97,1/7/2025,Winter
2137,2138,4693,Payment,3300.73,2/4/2025,Winter
2138,2139,770,Transfer,687.94,10/5/2024,Fall
2139,2140,2704,Withdrawal,7194.37,7/17/2024,Summer
2140,2141,1336,Withdrawal,1287.34,1/8/2025,Winter
2141,2142,670,Transfer,7011.65,12/9/2024,Winter
2142,2143,4295,Payment,6126.17,3/27/2023,Spring
2143,2144,4134,Withdrawal,6132.45,1/4/2024,Winter
2144,2145,3767,Transfer,8196.5,6/1/2024,Summer
2145,2146,2687,Transfer,6457.56,1/21/2025,Winter
2146,2147,2703,Withdrawal,2470.92,6/18/2022,Summer
2147,2148,3365,Deposit,1164.21,8/24/2024,Summer
2148,2149,3069,Payment,1143.64,9/28/2023,Fall
2149,2150,4603,Deposit,9082.46,9/29/2024,Fall
2150,2151,4219,Payment,9233.91,1/10/2023,Winter
2151,2152,3216,Deposit,5356.61,5/6/2025,Spring
2152,2153,3377,Payment,6281.96,11/13/2023,Fall
2153,2154,4858,Payment,6989.43,11/9/2022,Fall
2154,2155,4915,Deposit,6218.09,10/21/2023,Fall
2155,2156,1818,Withdrawal,9672.82,9/21/2024,Fall
2156,2157,495,Payment,3341.48,8/25/2023,Summer
2157,2158,544,Transfer,2046.05,6/24/2023,Summer
2158,2159,780,Withdrawal,8561.91,4/16/2025,Spring
2159,2160,2544,Payment,1717.62,6/29/2022,Summer
2160,2161,393,Deposit,4745.93,11/2/2022,Fall
2161,2162,2192,Deposit,7651.18,8/1/2022,Summer
2162,2163,1883,Withdrawal,7667.57,2/10/2024,Winter
2163,2164,4444,Payment,7378.81,1/20/2023,Winter
2164,2165,692,Payment,4021.27,12/30/2024,Winter
2165,2166,3671,Withdrawal,2915.43,4/9/2025,Spring
2166,2167,1211,Deposit,9822.85,4/29/2025,Spring
2167,2168,3402,Payment,2528.75,8/19/2022,Summer
2168,2169,4447,Deposit,7846.7,4/5/2025,Spring
2169,2170,793,Withdrawal,4562.35,4/22/2023,Spring
2170,2171,4738,Transfer,7015.28,6/10/2024,Summer
2171,2172,487,Transfer,2228.21,6/16/2022,Summer
2172,2173,704,Transfer,187.68,10/28/2023,Fall
2173,2174,2213,Withdrawal,3295.69,2/16/2024,Winter
2174,2175,111,Payment,5918.57,11/13/2023,Fall
2175,2176,156,Payment,2020.99,11/8/2022,Fall
2176,2177,924,Payment,4379.79,9/19/2022,Fall
2177,2178,3422,Payment,5942.88,9/18/2024,Fall
2178,2179,608,Deposit,3206.6,3/16/2023,Spring
2179,2180,534,Withdrawal,6862.62,6/26/2022,Summer
2180,2181,4246,Payment,8285.1,8/20/2023,Summer
2181,2182,2101,Transfer,6126.76,8/3/2023,Summer
2182,2183,1575,Withdrawal,3637.57,4/15/2024,Spring
2183,2184,3479,Transfer,1046.09,6/16/2024,Summer
2184,2185,1111,Withdrawal,620.48,8/21/2023,Summer
2185,2186,2097,Payment,2624.97,1/8/2023,Winter
2186,2187,2859,Deposit,7084.12,2/5/2023,Winter
2187,2188,4048,Withdrawal,8481.54,2/14/2025,Winter
2188,2189,196,Withdrawal,2851.48,5/16/2022,Spring
2189,2190,4440,Payment,8131.78,5/9/2025,Spring
2190,2191,4268,Deposit,2838.2,10/6/2023,Fall
2191,2192,781,Deposit,514.06,7/4/2022,Summer
2192,2193,866,Payment,2069.65,9/14/2024,Fall
2193,2194,2984,Payment,9780.23,3/14/2024,Spring
2194,2195,3454,Withdrawal,6857.73,4/13/2025,Spring
2195,2196,2711,Withdrawal,4658.28,4/8/2023,Spring
2196,2197,2932,Payment,2671.85,3/4/2025,Spring
2197,2198,1325,Deposit,5044.56,3/7/2023,Spring
2198,2199,2556,Payment,8757.27,4/29/2024,Spring
2199,2200,2520,Withdrawal,3884.42,12/12/2024,Winter
2200,2201,1839,Withdrawal,2638.11,5/15/2023,Spring
2201,2202,4520,Deposit,9849.25,2/28/2024,Winter
2202,2203,597,Payment,9240.27,12/31/2022,Winter
2203,2204,1759,Transfer,6215.67,11/27/2023,Fall
2204,2205,2169,Deposit,5462.18,5/5/2023,Spring
2205,2206,2500,Payment,8088.57,5/23/2024,Spring
2206,2207,3623,Payment,2717.16,11/12/2022,Fall
2207,2208,1111,Transfer,8513.42,1/18/2024,Winter
2208,2209,202,Deposit,2549.89,1/8/2025,Winter
2209,2210,3642,Withdrawal,6496.45,3/5/2024,Spring
2210,2211,2569,Transfer,7368.76,6/30/2023,Summer
2211,2212,2647,Withdrawal,7009.83,1/22/2025,Winter
2212,2213,2120,Transfer,1377.7,8/2/2022,Summer
2213,2214,2335,Payment,9752.73,9/29/2023,Fall
2214,2215,788,Withdrawal,2228.85,11/4/2023,Fall
2215,2216,3197,Transfer,4932.93,10/14/2024,Fall
2216,2217,4497,Payment,610.76,5/28/2024,Spring
2217,2218,1255,Deposit,4490.58,11/22/2022,Fall
2218,2219,2616,Payment,9851.64,3/27/2024,Spring
2219,2220,3652,Transfer,3707.06,5/12/2024,Spring
2220,2221,879,Withdrawal,554.81,12/9/2022,Winter
2221,2222,3943,Withdrawal,6678.46,9/4/2023,Fall
2222,2223,319,Payment,9450.7,10/7/2022,Fall
2223,2224,3716,Withdrawal,9084.96,2/6/2023,Winter
2224,2225,764,Withdrawal,3261.8,12/17/2022,Winter
2225,2226,2316,Withdrawal,9977.56,11/15/2022,Fall
2226,2227,2228,Transfer,1181.41,1/10/2025,Winter
2227,2228,836,Transfer,5143.12,10/15/2024,Fall
2228,2229,285,Deposit,2312.77,4/3/2025,Spring
2229,2230,1039,Deposit,7720.62,11/22/2023,Fall
2230,2231,1293,Deposit,6498.74,7/25/2024,Summer
2231,2232,4024,Deposit,9903.95,10/1/2024,Fall
2232,2233,3881,Transfer,4199.84,5/10/2025,Spring
2233,2234,2046,Withdrawal,7076.36,3/16/2025,Spring
2234,2235,3391,Transfer,6305.89,2/12/2024,Winter
2235,2236,2709,Transfer,2788.34,2/24/2023,Winter
2236,2237,4318,Transfer,3490.61,5/27/2022,Spring
2237,2238,2079,Payment,8065.74,3/20/2024,Spring
2238,2239,4136,Transfer,2739.51,6/21/2022,Summer
2239,2240,3526,Withdrawal,7647.25,7/28/2023,Summer
2240,2241,4154,Payment,9474.73,7/5/2022,Summer
2241,2242,2561,Payment,5572.18,8/6/2024,Summer
2242,2243,1218,Withdrawal,9899.68,11/4/2022,Fall
2243,2244,2563,Deposit,3408.28,8/17/2023,Summer
2244,2245,2112,Payment,293.81,11/2/2024,Fall
2245,2246,4622,Deposit,9375.81,9/12/2024,Fall
2246,2247,1262,Transfer,1839.8,10/5/2024,Fall
2247,2248,747,Deposit,5107.52,12/25/2024,Winter
2248,2249,3927,Deposit,5134.74,3/5/2024,Spring
2249,2250,4249,Withdrawal,2584.98,7/28/2022,Summer
2250,2251,515,Payment,594.28,1/22/2025,Winter
2251,2252,3582,Withdrawal,9684.6,3/13/2024,Spring
2252,2253,1314,Deposit,602.47,12/3/2023,Winter
2253,2254,4473,Withdrawal,9471.64,10/21/2022,Fall
2254,2255,3486,Withdrawal,585.3,12/21/2023,Winter
2255,2256,1083,Withdrawal,7464.19,10/9/2022,Fall
2256,2257,1884,Payment,5010.97,11/29/2023,Fall
2257,2258,2150,Transfer,5825.38,7/22/2024,Summer
2258,2259,1382,Transfer,6216.03,4/9/2023,Spring
2259,2260,3758,Deposit,282.07,4/2/2024,Spring
2260,2261,2010,Withdrawal,9110.97,11/7/2023,Fall
2261,2262,793,Withdrawal,8515.73,1/3/2025,Winter
2262,2263,2864,Transfer,2487.87,2/24/2024,Winter
2263,2264,3207,Payment,624.98,7/26/2024,Summer
2264,2265,4538,Deposit,4993.94,7/26/2022,Summer
2265,2266,4388,Deposit,6458.83,11/5/2024,Fall
2266,2267,4913,Withdrawal,8883.33,6/29/2022,Summer
2267,2268,391,Deposit,9748.39,10/27/2022,Fall
2268,2269,4629,Deposit,1266.07,1/4/2023,Winter
2269,2270,3849,Withdrawal,4546.82,6/12/2022,Summer
2270,2271,1438,Payment,3562.55,8/24/2024,Summer
2271,2272,1429,Withdrawal,925.38,3/31/2023,Spring
2272,2273,3090,Transfer,5781.01,4/20/2025,Spring
2273,2274,4690,Payment,4690.59,3/5/2023,Spring
2274,2275,1002,Transfer,6886.02,3/6/2023,Spring
2275,2276,1826,Transfer,3171.79,10/23/2022,Fall
2276,2277,2900,Withdrawal,4494.81,6/14/2023,Summer
2277,2278,1507,Deposit,8609.71,2/27/2025,Winter
2278,2279,3353,Payment,7288.03,1/16/2025,Winter
2279,2280,3730,Deposit,7008.5,11/17/2024,Fall
2280,2281,1403,Withdrawal,5179.97,11/28/2022,Fall
2281,2282,3479,Deposit,3410.63,8/19/2023,Summer
2282,2283,2232,Transfer,5348.01,4/19/2025,Spring
2283,2284,1020,Deposit,5848.41,5/8/2023,Spring
2284,2285,2877,Withdrawal,1241.89,10/5/2023,Fall
2285,2286,1062,Withdrawal,3204.36,3/10/2024,Spring
2286,2287,3016,Deposit,2860.2,7/11/2023,Summer
2287,2288,2982,Payment,7085.32,10/14/2024,Fall
2288,2289,3964,Deposit,8022.82,3/16/2024,Spring
2289,2290,761,Withdrawal,9301.06,6/16/2024,Summer
2290,2291,4231,Deposit,6274.09,6/9/2022,Summer
2291,2292,591,Deposit,1464.99,6/20/2023,Summer
2292,2293,1888,Payment,6396.66,9/20/2023,Fall
2293,2294,2622,Payment,2880.84,6/12/2022,Summer
2294,2295,3268,Transfer,2910.64,6/7/2023,Summer
2295,2296,1243,Payment,8193.8,9/12/2024,Fall
2296,2297,3518,Transfer,8839.87,4/13/2025,Spring
2297,2298,3154,Payment,8731.17,10/9/2023,Fall
2298,2299,2242,Transfer,4937.37,9/12/2024,Fall
2299,2300,2438,Payment,5080.9,8/12/2022,Summer
2300,2301,909,Payment,8745.3,12/23/2022,Winter
2301,2302,1780,Payment,2075.02,11/9/2024,Fall
2302,2303,1288,Withdrawal,5505.69,4/7/2024,Spring
2303,2304,4253,Withdrawal,5239.43,6/13/2024,Summer
2304,2305,3065,Transfer,1269.69,12/8/2022,Winter
2305,2306,3338,Withdrawal,8115.72,10/4/2022,Fall
2306,2307,3462,Transfer,2960.52,6/10/2024,Summer
2307,2308,619,Payment,3139.36,5/7/2025,Spring
2308,2309,1364,Payment,7088.1,5/15/2024,Spring
2309,2310,4412,Payment,9516.62,7/31/2024,Summer
2310,2311,3286,Payment,8759.81,11/11/2024,Fall
2311,2312,4973,Deposit,2569.07,7/22/2024,Summer
2312,2313,4047,Deposit,2013.54,10/20/2024,Fall
2313,2314,4675,Payment,9500.31,6/10/2022,Summer
2314,2315,2818,Withdrawal,1311.7,12/17/2024,Winter
2315,2316,1324,Withdrawal,3347.82,2/26/2023,Winter
2316,2317,3846,Transfer,1974.41,2/6/2025,Winter
2317,2318,337,Transfer,5204.42,1/22/2025,Winter
2318,2319,4384,Transfer,2838.05,3/4/2023,Spring
2319,2320,809,Deposit,1428.26,8/24/2024,Summer
2320,2321,2400,Transfer,4270.34,1/29/2023,Winter
2321,2322,1530,Deposit,8414.29,2/27/2024,Winter
2322,2323,3289,Payment,8670.97,10/7/2022,Fall
2323,2324,2553,Withdrawal,9598.08,8/18/2023,Summer
2324,2325,2240,Transfer,2244.36,9/29/2022,Fall
2325,2326,1934,Payment,8497.44,11/13/2023,Fall
2326,2327,1836,Deposit,9302.46,6/12/2022,Summer
2327,2328,3683,Withdrawal,7640.7,8/15/2023,Summer
2328,2329,609,Payment,7524.99,8/2/2023,Summer
2329,2330,3998,Withdrawal,5659.64,4/12/2023,Spring
2330,2331,45,Transfer,6726.57,11/20/2023,Fall
2331,2332,172,Transfer,2528.01,5/1/2025,Spring
2332,2333,470,Deposit,5646.85,12/26/2024,Winter
2333,2334,4073,Transfer,7452.63,8/12/2024,Summer
2334,2335,3519,Payment,8768.84,6/16/2024,Summer
2335,2336,2904,Deposit,6623.17,3/31/2024,Spring
2336,2337,4685,Deposit,7182.42,10/28/2024,Fall
2337,2338,2984,Deposit,6756.33,8/1/2023,Summer
2338,2339,4540,Payment,7376.19,3/19/2025,Spring
2339,2340,3999,Withdrawal,9070.81,12/22/2024,Winter
2340,2341,2212,Deposit,2734.16,12/11/2024,Winter
2341,2342,4067,Deposit,4317.4,8/1/2024,Summer
2342,2343,4912,Transfer,8851.57,3/24/2023,Spring
2343,2344,13,Withdrawal,4185.62,11/25/2024,Fall
2344,2345,3088,Payment,1113.63,11/2/2023,Fall
2345,2346,3347,Payment,7514.72,12/3/2024,Winter
2346,2347,4844,Payment,4821.89,6/6/2022,Summer
2347,2348,1873,Transfer,2675.17,5/15/2024,Spring
2348,2349,3504,Payment,3592.11,10/19/2023,Fall
2349,2350,4034,Deposit,7597.24,12/30/2023,Winter
2350,2351,1095,Withdrawal,2875.4,6/20/2024,Summer
2351,2352,940,Withdrawal,8989.56,1/27/2024,Winter
2352,2353,1398,Transfer,545.25,12/13/2024,Winter
2353,2354,3288,Withdrawal,7767.33,9/9/2023,Fall
2354,2355,1118,Payment,5965.73,3/17/2024,Spring
2355,2356,3603,Transfer,9286.61,9/18/2024,Fall
2356,2357,3048,Transfer,6041.73,10/31/2024,Fall
2357,2358,3968,Transfer,1921.86,10/2/2024,Fall
2358,2359,311,Transfer,1295.06,11/10/2024,Fall
2359,2360,1466,Payment,5900.53,4/3/2025,Spring
2360,2361,1910,Payment,909.79,2/9/2024,Winter
2361,2362,508,Deposit,5919.53,12/29/2024,Winter
2362,2363,1363,Withdrawal,1049.16,10/31/2024,Fall
2363,2364,3198,Deposit,957.03,8/22/2024,Summer
2364,2365,71,Transfer,487.99,10/11/2022,Fall
2365,2366,1151,Payment,1280.8,2/17/2023,Winter
2366,2367,4734,Deposit,6946.15,2/14/2023,Winter
2367,2368,2050,Transfer,5633.13,10/17/2024,Fall
2368,2369,4552,Deposit,8996.12,5/16/2023,Spring
2369,2370,4526,Transfer,373.63,3/16/2024,Spring
2370,2371,3463,Transfer,2839.51,10/25/2024,Fall
2371,2372,2891,Deposit,5253.6,12/3/2023,Winter
2372,2373,2910,Withdrawal,3930.32,3/11/2023,Spring
2373,2374,2667,Withdrawal,3292.66,5/30/2023,Spring
2374,2375,3538,Payment,9439.29,10/12/2022,Fall
2375,2376,2585,Transfer,1603.68,4/27/2025,Spring
2376,2377,1775,Transfer,1335.14,10/21/2024,Fall
2377,2378,525,Payment,7397.12,11/10/2023,Fall
2378,2379,1518,Deposit,183.55,10/19/2024,Fall
2379,2380,3465,Transfer,1491.71,2/23/2023,Winter
2380,2381,4346,Deposit,7472.37,4/3/2024,Spring
2381,2382,3145,Transfer,9096.97,11/5/2023,Fall
2382,2383,3093,Withdrawal,560.3,3/28/2023,Spring
2383,2384,234,Transfer,5378.11,1/7/2023,Winter
2384,2385,4693,Payment,7208.27,2/7/2024,Winter
2385,2386,3079,Transfer,9827.79,3/30/2024,Spring
2386,2387,211,Transfer,9245.93,4/6/2024,Spring
2387,2388,3311,Transfer,8934.6,7/23/2022,Summer
2388,2389,332,Payment,4634.76,7/6/2024,Summer
2389,2390,4182,Deposit,6704.88,2/8/2023,Winter
2390,2391,3487,Payment,7712.85,8/11/2022,Summer
2391,2392,2842,Payment,2339.93,1/20/2025,Winter
2392,2393,3774,Transfer,2230.52,12/2/2024,Winter
2393,2394,4922,Transfer,4419.74,11/3/2024,Fall
2394,2395,2809,Withdrawal,1322.75,3/30/2024,Spring
2395,2396,3047,Transfer,5715.49,3/8/2023,Spring
2396,2397,2865,Deposit,8302.29,9/24/2024,Fall
2397,2398,619,Transfer,6828.11,10/5/2022,Fall
2398,2399,2334,Transfer,9054.48,4/14/2024,Spring
2399,2400,4177,Deposit,3512.97,9/18/2024,Fall
2400,2401,1989,Deposit,3125.04,10/8/2023,Fall
2401,2402,747,Deposit,2096.9,11/20/2023,Fall
2402,2403,1943,Deposit,3409.53,12/28/2023,Winter
2403,2404,102,Transfer,7044.22,10/4/2022,Fall
2404,2405,1852,Payment,2524.85,2/8/2023,Winter
2405,2406,4244,Payment,511.64,10/12/2022,Fall
2406,2407,1611,Transfer,5506.98,10/14/2024,Fall
2407,2408,1917,Deposit,9251.91,4/18/2023,Spring
2408,2409,741,Deposit,2928.56,7/12/2023,Summer
2409,2410,1214,Payment,1043.69,2/14/2023,Winter
2410,2411,2113,Withdrawal,9274.08,9/7/2023,Fall
2411,2412,1959,Transfer,9787.61,8/17/2024,Summer
2412,2413,3184,Withdrawal,4211.86,11/8/2024,Fall
2413,2414,4687,Deposit,3460.13,9/25/2022,Fall
2414,2415,3138,Payment,7705.82,1/29/2023,Winter
2415,2416,1303,Deposit,6308.31,8/16/2024,Summer
2416,2417,2370,Withdrawal,2217.76,10/20/2023,Fall
2417,2418,1722,Transfer,6750.33,8/1/2023,Summer
2418,2419,3830,Deposit,9771.81,10/23/2023,Fall
2419,2420,2191,Transfer,862.22,2/9/2024,Winter
2420,2421,1223,Deposit,5739.93,5/5/2023,Spring
2421,2422,2612,Withdrawal,3318.37,11/28/2022,Fall
2422,2423,4962,Deposit,411.71,7/4/2022,Summer
2423,2424,4977,Transfer,232.61,7/6/2022,Summer
2424,2425,4570,Withdrawal,4311.1,8/1/2022,Summer
2425,2426,3546,Deposit,3744.83,6/7/2024,Summer
2426,2427,295,Payment,5006.57,10/1/2024,Fall
2427,2428,3832,Deposit,9257.69,12/13/2024,Winter
2428,2429,2155,Transfer,7822.48,9/2/2022,Fall
2429,2430,2695,Transfer,8309.64,4/26/2023,Spring
2430,2431,30,Withdrawal,4105.45,9/9/2022,Fall
2431,2432,1354,Deposit,2927.14,6/18/2022,Summer
2432,2433,4132,Payment,3809.85,9/20/2024,Fall
2433,2434,4513,Deposit,8239.42,3/22/2025,Spring
2434,2435,636,Deposit,7925.53,10/4/2022,Fall
2435,2436,3840,Deposit,9144.02,12/24/2024,Winter
2436,2437,3250,Withdrawal,4896.56,5/21/2024,Spring
2437,2438,4074,Payment,1234.61,7/30/2023,Summer
2438,2439,1862,Payment,482.43,11/12/2024,Fall
2439,2440,2400,Transfer,6199.92,12/18/2023,Winter
2440,2441,2730,Deposit,8949.87,1/28/2025,Winter
2441,2442,3237,Transfer,7191.12,6/20/2023,Summer
2442,2443,3859,Transfer,3237.58,12/20/2024,Winter
2443,2444,1021,Deposit,2961.75,4/1/2025,Spring
2444,2445,1092,Withdrawal,4303.35,9/19/2023,Fall
2445,2446,4061,Payment,1211.02,12/22/2022,Winter
2446,2447,2227,Deposit,7120.24,8/2/2022,Summer
2447,2448,282,Deposit,2148.32,4/2/2023,Spring
2448,2449,4543,Withdrawal,7420.65,1/3/2023,Winter
2449,2450,4855,Withdrawal,2464.52,5/8/2025,Spring
2450,2451,1705,Transfer,4546.31,8/11/2023,Summer
2451,2452,618,Deposit,851.74,2/22/2025,Winter
2452,2453,4636,Withdrawal,8164.02,3/28/2024,Spring
2453,2454,3285,Transfer,7278.11,6/13/2022,Summer
2454,2455,2567,Withdrawal,4715.97,1/27/2023,Winter
2455,2456,2205,Withdrawal,8360.86,3/2/2025,Spring
2456,2457,1814,Deposit,8079.62,8/19/2023,Summer
2457,2458,242,Deposit,7848.29,11/11/2024,Fall
2458,2459,1061,Withdrawal,6139.75,4/27/2023,Spring
2459,2460,2910,Withdrawal,4674.41,9/22/2023,Fall
2460,2461,4474,Withdrawal,401.78,11/21/2024,Fall
2461,2462,786,Payment,1065.29,9/18/2023,Fall
2462,2463,3093,Deposit,2126.65,7/7/2024,Summer
2463,2464,1481,Withdrawal,5574.06,6/29/2023,Summer
2464,2465,88,Deposit,5124.33,4/13/2024,Spring
2465,2466,66,Deposit,4905.95,3/28/2025,Spring
2466,2467,30,Transfer,982.82,6/27/2023,Summer
2467,2468,711,Payment,1625.85,9/30/2022,Fall
2468,2469,3220,Withdrawal,2890.22,8/30/2023,Summer
2469,2470,1664,Transfer,4882.78,11/12/2023,Fall
2470,2471,3389,Transfer,1180.94,12/30/2022,Winter
2471,2472,1360,Payment,1950.26,12/25/2023,Winter
2472,2473,1548,Payment,3677.12,4/27/2025,Spring
2473,2474,1492,Transfer,9550.14,12/7/2022,Winter
2474,2475,4317,Withdrawal,1168.96,8/8/2022,Summer
2475,2476,606,Deposit,8026.15,6/1/2022,Summer
2476,2477,3856,Payment,5123.03,3/3/2023,Spring
2477,2478,4692,Payment,4732.95,9/23/2022,Fall
2478,2479,4597,Withdrawal,9693.7,5/29/2024,Spring
2479,2480,399,Payment,8741.87,12/19/2024,Winter
2480,2481,3914,Transfer,5387.4,2/14/2023,Winter
2481,2482,4310,Payment,6201.73,1/15/2025,Winter
2482,2483,4478,Payment,7524.31,7/23/2022,Summer
2483,2484,2430,Payment,8644.38,11/23/2024,Fall
2484,2485,799,Deposit,6176.11,9/17/2024,Fall
2485,2486,1616,Deposit,6433.87,7/14/2023,Summer
2486,2487,3314,Transfer,4635.65,1/26/2024,Winter
2487,2488,1162,Deposit,3255.15,8/29/2024,Summer
2488,2489,4147,Deposit,866.48,5/18/2022,Spring
2489,2490,3396,Payment,9919.48,10/30/2023,Fall
2490,2491,3839,Transfer,3616.09,11/30/2024,Fall
2491,2492,1471,Withdrawal,964.18,8/7/2022,Summer
2492,2493,4803,Payment,4532.39,12/16/2022,Winter
2493,2494,4712,Withdrawal,1591.12,10/17/2022,Fall
2494,2495,3432,Withdrawal,5118.48,10/12/2024,Fall
2495,2496,4335,Payment,232.95,9/4/2024,Fall
2496,2497,4844,Transfer,4548.3,7/16/2022,Summer
2497,2498,1814,Deposit,8838.01,11/29/2022,Fall
2498,2499,2157,Deposit,4206.94,10/13/2023,Fall
2499,2500,3484,Transfer,2525.07,3/10/2025,Spring
2500,2501,4204,Deposit,9843,5/8/2023,Spring
2501,2502,1561,Payment,3532.71,1/31/2023,Winter
2502,2503,75,Withdrawal,890.03,12/21/2023,Winter
2503,2504,2004,Deposit,1369.04,8/12/2022,Summer
2504,2505,866,Deposit,953.83,6/1/2023,Summer
2505,2506,273,Transfer,9274.52,1/24/2025,Winter
2506,2507,280,Payment,3566.85,11/11/2023,Fall
2507,2508,3220,Transfer,7459.49,11/11/2022,Fall
2508,2509,1082,Withdrawal,204.14,4/7/2023,Spring
2509,2510,3414,Deposit,7508.82,6/4/2022,Summer
2510,2511,963,Payment,8189.27,1/29/2025,Winter
2511,2512,4686,Transfer,5622.72,2/11/2024,Winter
2512,2513,1677,Transfer,2973.11,8/28/2024,Summer
2513,2514,2276,Deposit,2862.2,10/21/2022,Fall
2514,2515,3068,Payment,1017.43,8/26/2023,Summer
2515,2516,4549,Transfer,7927.53,11/9/2024,Fall
2516,2517,3798,Deposit,4649.21,10/14/2023,Fall
2517,2518,2771,Transfer,6054.75,11/18/2022,Fall
2518,2519,1431,Transfer,4470.99,11/14/2024,Fall
2519,2520,4833,Withdrawal,7833.96,9/30/2024,Fall
2520,2521,4911,Payment,6051.02,9/19/2022,Fall
2521,2522,1080,Withdrawal,9208.77,2/14/2024,Winter
2522,2523,4629,Deposit,8474.34,5/25/2024,Spring
2523,2524,133,Transfer,1499.75,4/2/2023,Spring
2524,2525,1195,Withdrawal,5437.82,5/20/2023,Spring
2525,2526,2807,Withdrawal,864.15,12/31/2024,Winter
2526,2527,4785,Deposit,6993.13,6/28/2023,Summer
2527,2528,1586,Withdrawal,9260.28,12/10/2024,Winter
2528,2529,3405,Withdrawal,1527.06,1/9/2024,Winter
2529,2530,3219,Payment,4470.18,2/22/2023,Winter
2530,2531,66,Transfer,8196.57,11/23/2023,Fall
2531,2532,1815,Transfer,6954.18,4/24/2024,Spring
2532,2533,937,Payment,9200.51,7/8/2024,Summer
2533,2534,1060,Payment,2335.95,5/23/2024,Spring
2534,2535,2839,Withdrawal,5112.51,7/17/2022,Summer
2535,2536,1216,Deposit,8975.88,8/22/2022,Summer
2536,2537,3875,Payment,1473,3/5/2025,Spring
2537,2538,4134,Deposit,4364.8,4/7/2023,Spring
2538,2539,3598,Withdrawal,9942.28,2/3/2025,Winter
2539,2540,1026,Payment,5570.16,10/8/2023,Fall
2540,2541,4502,Deposit,1311.35,7/23/2022,Summer
2541,2542,190,Payment,8276.63,12/17/2022,Winter
2542,2543,2902,Deposit,3679.75,4/27/2023,Spring
2543,2544,3560,Deposit,7895.85,6/22/2024,Summer
2544,2545,2920,Payment,5435.64,10/10/2024,Fall
2545,2546,3243,Transfer,1221.95,12/3/2024,Winter
2546,2547,35,Transfer,7465.33,8/18/2022,Summer
2547,2548,4056,Payment,1643.15,12/2/2022,Winter
2548,2549,635,Withdrawal,533.84,8/31/2024,Summer
2549,2550,4770,Withdrawal,8091.51,9/4/2022,Fall
2550,2551,3541,Withdrawal,5601,2/26/2025,Winter
2551,2552,2638,Transfer,9210.06,2/23/2023,Winter
2552,2553,2756,Withdrawal,7699.67,1/24/2024,Winter
2553,2554,350,Withdrawal,5574.83,7/10/2022,Summer
2554,2555,1657,Deposit,4351.95,6/28/2022,Summer
2555,2556,707,Withdrawal,1542.08,8/28/2022,Summer
2556,2557,5000,Deposit,9137.93,12/24/2023,Winter
2557,2558,2490,Withdrawal,4923.9,10/5/2023,Fall
2558,2559,3313,Withdrawal,8049.92,6/30/2024,Summer
2559,2560,4195,Withdrawal,7066.89,8/21/2023,Summer
2560,2561,2626,Deposit,2442.15,1/2/2024,Winter
2561,2562,2410,Deposit,2046.12,5/14/2022,Spring
2562,2563,4862,Withdrawal,9874.64,11/25/2024,Fall
2563,2564,2137,Deposit,6605.34,9/19/2023,Fall
2564,2565,2337,Transfer,2437.36,12/19/2024,Winter
2565,2566,1954,Payment,1459.51,5/6/2023,Spring
2566,2567,3136,Withdrawal,4524.54,5/18/2022,Spring
2567,2568,2400,Deposit,5937.35,8/18/2023,Summer
2568,2569,951,Withdrawal,7577.9,3/26/2023,Spring
2569,2570,4809,Deposit,1471.73,12/23/2022,Winter
2570,2571,4794,Transfer,3448.08,2/28/2025,Winter
2571,2572,312,Deposit,5468.56,4/4/2025,Spring
2572,2573,3237,Withdrawal,4842.78,3/3/2023,Spring
2573,2574,4916,Transfer,4374.11,2/27/2025,Winter
2574,2575,2216,Transfer,4116.17,1/25/2023,Winter
2575,2576,1540,Transfer,8702.2,11/26/2024,Fall
2576,2577,3425,Withdrawal,3863.21,2/24/2024,Winter
2577,2578,3575,Payment,5719.63,5/14/2022,Spring
2578,2579,283,Transfer,9226.16,7/19/2023,Summer
2579,2580,870,Deposit,8843.66,8/21/2023,Summer
2580,2581,3110,Transfer,7811.58,9/5/2024,Fall
2581,2582,3854,Deposit,3032.19,8/15/2024,Summer
2582,2583,589,Withdrawal,1714.99,3/24/2024,Spring
2583,2584,3135,Withdrawal,8592.53,2/25/2025,Winter
2584,2585,56,Deposit,3001.16,2/6/2024,Winter
2585,2586,117,Transfer,1696.48,10/30/2022,Fall
2586,2587,3348,Withdrawal,573.05,9/26/2022,Fall
2587,2588,2782,Transfer,9005.76,1/6/2024,Winter
2588,2589,4944,Payment,7584.9,9/28/2024,Fall
2589,2590,2785,Deposit,4472.93,5/2/2025,Spring
2590,2591,491,Withdrawal,6483.99,7/25/2023,Summer
2591,2592,2698,Deposit,5325.29,2/14/2025,Winter
2592,2593,2509,Payment,8103.07,5/30/2024,Spring
2593,2594,2310,Withdrawal,8298.7,8/28/2023,Summer
2594,2595,1239,Deposit,4142.83,1/25/2024,Winter
2595,2596,772,Deposit,9680.92,3/18/2025,Spring
2596,2597,4638,Transfer,4033.39,1/23/2024,Winter
2597,2598,3317,Transfer,1928.7,9/22/2023,Fall
2598,2599,4878,Deposit,7231.31,1/12/2023,Winter
2599,2600,2887,Withdrawal,6714.54,1/4/2024,Winter
2600,2601,4475,Withdrawal,6165.77,1/16/2023,Winter
2601,2602,1801,Transfer,8160.08,3/27/2025,Spring
2602,2603,3824,Transfer,4177.92,12/24/2024,Winter
2603,2604,4388,Payment,5345.3,8/18/2022,Summer
2604,2605,2029,Transfer,2747.86,9/23/2023,Fall
2605,2606,4553,Deposit,6674.59,1/7/2024,Winter
2606,2607,4300,Withdrawal,1765.97,8/12/2023,Summer
2607,2608,4924,Transfer,9849.15,8/13/2023,Summer
2608,2609,4027,Payment,2381.8,8/9/2022,Summer
2609,2610,4470,Transfer,2609.26,3/20/2024,Spring
2610,2611,1265,Payment,8077.86,6/16/2024,Summer
2611,2612,1483,Deposit,8454.09,1/4/2023,Winter
2612,2613,977,Withdrawal,9712.71,9/15/2024,Fall
2613,2614,2760,Transfer,98.43,10/10/2022,Fall
2614,2615,1909,Payment,5453.83,6/14/2024,Summer
2615,2616,1801,Withdrawal,1389.96,4/14/2025,Spring
2616,2617,2051,Payment,8862.84,10/6/2023,Fall
2617,2618,1637,Payment,9873.05,1/2/2023,Winter
2618,2619,1632,Deposit,4315.37,10/18/2023,Fall
2619,2620,492,Transfer,7380.45,7/13/2024,Summer
2620,2621,2173,Transfer,4387.43,10/29/2022,Fall
2621,2622,1314,Transfer,7278.66,11/20/2023,Fall
2622,2623,4306,Payment,4827.04,1/4/2025,Winter
2623,2624,3711,Deposit,8352.75,9/5/2023,Fall
2624,2625,767,Payment,9921.1,12/22/2022,Winter
2625,2626,1945,Payment,3247.76,9/4/2023,Fall
2626,2627,1153,Withdrawal,5240.99,10/21/2022,Fall
2627,2628,537,Deposit,257.02,8/18/2024,Summer
2628,2629,3115,Transfer,744.01,2/3/2023,Winter
2629,2630,746,Payment,1443.59,2/6/2025,Winter
2630,2631,3328,Deposit,5647.38,5/28/2024,Spring
2631,2632,3576,Transfer,5344.21,1/14/2023,Winter
2632,2633,126,Withdrawal,9656.07,6/18/2024,Summer
2633,2634,4964,Withdrawal,5095.91,1/1/2025,Winter
2634,2635,2208,Payment,8290.77,4/30/2025,Spring
2635,2636,4526,Deposit,486.6,11/29/2024,Fall
2636,2637,298,Deposit,4802.36,1/29/2025,Winter
2637,2638,4076,Withdrawal,7895.52,5/13/2022,Spring
2638,2639,2681,Withdrawal,6004.8,8/26/2022,Summer
2639,2640,1597,Deposit,1789.92,11/8/2022,Fall
2640,2641,4262,Transfer,3514.79,9/15/2022,Fall
2641,2642,3876,Payment,6268.55,12/5/2023,Winter
2642,2643,4116,Payment,8579.3,5/29/2022,Spring
2643,2644,3574,Withdrawal,9983.86,9/27/2023,Fall
2644,2645,2436,Deposit,7369.71,12/24/2022,Winter
2645,2646,2006,Transfer,4073.54,10/18/2023,Fall
2646,2647,537,Transfer,5933.89,11/24/2024,Fall
2647,2648,895,Withdrawal,7498.11,3/8/2024,Spring
2648,2649,2186,Transfer,4719.86,2/26/2024,Winter
2649,2650,1591,Payment,7995.1,8/5/2024,Summer
2650,2651,1053,Deposit,3922.13,3/3/2025,Spring
2651,2652,708,Withdrawal,7530.6,8/17/2024,Summer
2652,2653,925,Transfer,1220.85,11/24/2023,Fall
2653,2654,923,Withdrawal,6158.67,5/22/2024,Spring
2654,2655,4463,Payment,2635.47,6/2/2023,Summer
2655,2656,673,Withdrawal,8328.33,3/29/2023,Spring
2656,2657,3289,Withdrawal,2772.03,9/10/2023,Fall
2657,2658,749,Withdrawal,3242.01,8/13/2023,Summer
2658,2659,2439,Payment,9216.06,8/16/2023,Summer
2659,2660,3506,Payment,6657.53,10/29/2022,Fall
2660,2661,3713,Withdrawal,4062.7,10/8/2022,Fall
2661,2662,4140,Deposit,2962.52,6/14/2022,Summer
2662,2663,1559,Withdrawal,3357.66,6/12/2023,Summer
2663,2664,2343,Deposit,2436.02,2/2/2024,Winter
2664,2665,1796,Deposit,7002.56,12/31/2022,Winter
2665,2666,4161,Withdrawal,200.71,2/9/2024,Winter
2666,2667,2815,Payment,4566.46,8/20/2022,Summer
2667,2668,4174,Transfer,4233.99,8/23/2023,Summer
2668,2669,4232,Deposit,9195.65,1/28/2024,Winter
2669,2670,3151,Deposit,9383.77,5/19/2024,Spring
2670,2671,2554,Payment,1500.81,12/28/2023,Winter
2671,2672,3527,Withdrawal,7766.88,8/20/2023,Summer
2672,2673,2484,Deposit,8201.35,3/8/2025,Spring
2673,2674,3015,Transfer,6799.85,5/8/2025,Spring
2674,2675,2453,Transfer,6562.97,9/16/2022,Fall
2675,2676,638,Deposit,6066.11,12/6/2024,Winter
2676,2677,695,Deposit,9675.12,12/16/2024,Winter
2677,2678,522,Payment,2002.19,2/18/2024,Winter
2678,2679,955,Payment,331.55,8/6/2022,Summer
2679,2680,4327,Payment,8171.95,2/11/2024,Winter
2680,2681,673,Transfer,6651.52,7/28/2024,Summer
2681,2682,1146,Withdrawal,3573.9,10/1/2024,Fall
2682,2683,1044,Transfer,5511.3,11/10/2022,Fall
2683,2684,1114,Transfer,4580.85,5/25/2024,Spring
2684,2685,4804,Payment,1324.45,2/18/2024,Winter
2685,2686,2572,Deposit,5382.77,8/6/2024,Summer
2686,2687,2368,Deposit,7313.62,7/28/2022,Summer
2687,2688,838,Payment,1526.56,5/10/2023,Spring
2688,2689,1312,Payment,1839.15,1/22/2025,Winter
2689,2690,1914,Transfer,3319.64,12/6/2023,Winter
2690,2691,4312,Withdrawal,3073.58,5/24/2023,Spring
2691,2692,1938,Payment,6516.77,1/28/2024,Winter
2692,2693,4750,Deposit,5692.42,7/18/2024,Summer
2693,2694,1,Deposit,8813.84,11/1/2023,Fall
2694,2695,1512,Deposit,1997.9,3/21/2025,Spring
2695,2696,2998,Withdrawal,1413.5,12/16/2023,Winter
2696,2697,67,Withdrawal,8635.75,6/25/2022,Summer
2697,2698,4586,Deposit,3945.66,7/9/2024,Summer
2698,2699,90,Withdrawal,8983.98,11/17/2023,Fall
2699,2700,4311,Payment,3365.3,3/20/2025,Spring
2700,2701,4162,Withdrawal,6748.82,5/31/2024,Spring
2701,2702,4690,Deposit,4527.02,11/20/2023,Fall
2702,2703,2171,Deposit,4711.72,9/14/2023,Fall
2703,2704,3010,Payment,872.87,1/4/2023,Winter
2704,2705,1635,Deposit,8234.55,12/30/2023,Winter
2705,2706,4442,Deposit,5339.28,11/30/2023,Fall
2706,2707,2965,Withdrawal,5172.48,3/19/2024,Spring
2707,2708,1340,Payment,8715.7,1/12/2024,Winter
2708,2709,1170,Payment,3437.1,1/18/2023,Winter
2709,2710,2989,Transfer,401.33,10/14/2024,Fall
2710,2711,1776,Deposit,4439.76,6/1/2022,Summer
2711,2712,3164,Payment,7609.8,12/4/2022,Winter
2712,2713,1002,Deposit,8913.4,10/5/2024,Fall
2713,2714,2142,Payment,1274.99,7/6/2024,Summer
2714,2715,4401,Deposit,1017.72,10/5/2022,Fall
2715,2716,3939,Withdrawal,6222.8,10/16/2024,Fall
2716,2717,646,Payment,7952.19,11/29/2023,Fall
2717,2718,4142,Deposit,4701.72,6/20/2024,Summer
2718,2719,1743,Deposit,2270.15,4/3/2025,Spring
2719,2720,927,Deposit,621.27,6/3/2022,Summer
2720,2721,2075,Withdrawal,3326.41,1/4/2024,Winter
2721,2722,1829,Deposit,690.8,11/28/2023,Fall
2722,2723,3162,Deposit,4397.08,4/18/2023,Spring
2723,2724,4542,Withdrawal,1277.87,10/28/2023,Fall
2724,2725,3763,Withdrawal,4066.7,3/29/2025,Spring
2725,2726,75,Withdrawal,1954.87,8/1/2023,Summer
2726,2727,1613,Deposit,7509.63,5/12/2022,Spring
2727,2728,4310,Deposit,3675.67,1/16/2025,Winter
2728,2729,4547,Deposit,1163.34,2/27/2023,Winter
2729,2730,3596,Withdrawal,9515.11,7/22/2022,Summer
2730,2731,2467,Deposit,4987.43,6/11/2023,Summer
2731,2732,2719,Payment,7296.67,11/30/2023,Fall
2732,2733,2071,Deposit,9190.08,10/6/2022,Fall
2733,2734,1703,Payment,8186.67,9/14/2022,Fall
2734,2735,4704,Deposit,7623.27,5/20/2022,Spring
2735,2736,2535,Payment,7381.48,1/8/2024,Winter
2736,2737,4901,Payment,5856.17,10/23/2022,Fall
2737,2738,494,Withdrawal,1509.38,7/9/2024,Summer
2738,2739,3325,Payment,6457.63,12/31/2022,Winter
2739,2740,343,Transfer,9642.05,1/17/2025,Winter
2740,2741,1920,Withdrawal,4685.17,11/1/2024,Fall
2741,2742,4792,Payment,4323.94,1/3/2024,Winter
2742,2743,2581,Transfer,6411.11,2/5/2025,Winter
2743,2744,4069,Deposit,3153.97,6/28/2022,Summer
2744,2745,4308,Transfer,5965.66,4/6/2024,Spring
2745,2746,1441,Deposit,1541.21,10/19/2022,Fall
2746,2747,3356,Deposit,3937.01,12/11/2022,Winter
2747,2748,3903,Transfer,8886.14,5/31/2023,Spring
2748,2749,2538,Withdrawal,7475.34,9/23/2023,Fall
2749,2750,900,Payment,4165.81,11/28/2024,Fall
2750,2751,1461,Deposit,2632.68,3/30/2024,Spring
2751,2752,2305,Withdrawal,6104.42,12/3/2024,Winter
2752,2753,3691,Deposit,3273.72,5/16/2023,Spring
2753,2754,395,Payment,5945.98,12/21/2023,Winter
2754,2755,4271,Deposit,1790.36,5/22/2024,Spring
2755,2756,4219,Deposit,2866.21,5/6/2025,Spring
2756,2757,3780,Withdrawal,1940.48,11/24/2024,Fall
2757,2758,479,Transfer,3979.69,1/27/2023,Winter
2758,2759,3659,Withdrawal,2748.64,10/30/2024,Fall
2759,2760,1069,Transfer,5968.17,12/29/2023,Winter
2760,2761,3760,Withdrawal,6027.91,6/18/2022,Summer
2761,2762,617,Payment,5511.51,4/14/2025,Spring
2762,2763,2569,Transfer,7081.51,5/12/2023,Spring
2763,2764,3372,Transfer,5873.54,8/24/2022,Summer
2764,2765,2752,Payment,6206.53,1/26/2025,Winter
2765,2766,2217,Deposit,7555.29,9/2/2024,Fall
2766,2767,3907,Payment,2658.9,10/8/2023,Fall
2767,2768,3351,Transfer,8083.18,9/15/2024,Fall
2768,2769,1585,Transfer,3918.45,11/30/2023,Fall
2769,2770,3003,Payment,6338.33,10/29/2024,Fall
2770,2771,4710,Withdrawal,4354.59,10/20/2024,Fall
2771,2772,3342,Deposit,9588.18,4/15/2023,Spring
2772,2773,1639,Deposit,7238.65,12/27/2024,Winter
2773,2774,2166,Deposit,2055.24,2/19/2024,Winter
2774,2775,4931,Withdrawal,2094.21,12/8/2022,Winter
2775,2776,4208,Payment,2591.45,3/19/2023,Spring
2776,2777,1860,Payment,2818.25,4/30/2023,Spring
2777,2778,4741,Transfer,9235.47,12/20/2022,Winter
2778,2779,4512,Withdrawal,408.36,5/26/2023,Spring
2779,2780,2745,Deposit,4935.28,9/7/2024,Fall
2780,2781,1282,Transfer,2312.72,8/27/2023,Summer
2781,2782,869,Withdrawal,6860.47,2/24/2024,Winter
2782,2783,4929,Withdrawal,8708.85,11/6/2022,Fall
2783,2784,833,Payment,5757.38,8/9/2024,Summer
2784,2785,1569,Withdrawal,3968.66,3/14/2024,Spring
2785,2786,725,Withdrawal,5912.08,3/6/2025,Spring
2786,2787,764,Payment,260.58,10/16/2023,Fall
2787,2788,1193,Deposit,2952.98,10/25/2023,Fall
2788,2789,826,Transfer,853.89,5/15/2024,Spring
2789,2790,1447,Payment,5050.22,3/28/2024,Spring
2790,2791,2249,Transfer,8663.74,4/28/2023,Spring
2791,2792,519,Payment,7123.43,3/1/2025,Spring
2792,2793,4072,Transfer,6277.9,11/22/2022,Fall
2793,2794,1044,Payment,7457.88,1/20/2025,Winter
2794,2795,3290,Transfer,9328.72,11/8/2024,Fall
2795,2796,680,Deposit,8017.5,11/27/2022,Fall
2796,2797,631,Deposit,9573.83,2/3/2023,Winter
2797,2798,2087,Deposit,7006.01,8/2/2022,Summer
2798,2799,4333,Payment,679.75,12/17/2022,Winter
2799,2800,657,Transfer,4407.68,2/23/2025,Winter
2800,2801,2836,Transfer,6125.18,5/8/2023,Spring
2801,2802,4644,Deposit,2891.5,4/20/2025,Spring
2802,2803,1810,Withdrawal,3054.71,8/30/2022,Summer
2803,2804,4469,Deposit,3118.73,1/1/2023,Winter
2804,2805,2927,Withdrawal,7499.33,11/10/2024,Fall
2805,2806,2110,Payment,7850.52,5/1/2025,Spring
2806,2807,43,Payment,7661.62,3/3/2024,Spring
2807,2808,1477,Deposit,5457,7/30/2022,Summer
2808,2809,4300,Payment,144.02,3/10/2023,Spring
2809,2810,941,Transfer,1021.04,4/4/2023,Spring
2810,2811,768,Withdrawal,4748.07,7/12/2024,Summer
2811,2812,758,Transfer,6688.33,1/24/2024,Winter
2812,2813,1765,Withdrawal,3008.38,8/13/2024,Summer
2813,2814,4555,Transfer,9607.49,4/4/2023,Spring
2814,2815,3524,Payment,6809.44,1/6/2025,Winter
2815,2816,4068,Deposit,172.55,9/6/2022,Fall
2816,2817,3863,Withdrawal,4223.43,12/23/2022,Winter
2817,2818,3775,Transfer,3436.96,4/28/2025,Spring
2818,2819,590,Payment,7260.85,8/14/2024,Summer
2819,2820,2176,Payment,611.89,10/24/2024,Fall
2820,2821,2067,Deposit,3343.29,6/21/2023,Summer
2821,2822,3364,Transfer,6813.3,3/20/2025,Spring
2822,2823,2858,Deposit,4710,5/25/2023,Spring
2823,2824,2706,Payment,9062.19,11/3/2024,Fall
2824,2825,4764,Deposit,9471.82,6/14/2023,Summer
2825,2826,3148,Payment,9002.38,12/7/2023,Winter
2826,2827,3649,Withdrawal,4816.64,4/20/2025,Spring
2827,2828,662,Deposit,1575.42,4/18/2025,Spring
2828,2829,2836,Transfer,7834.54,11/1/2024,Fall
2829,2830,4138,Deposit,3493.75,3/8/2024,Spring
2830,2831,4414,Deposit,6158.98,7/4/2024,Summer
2831,2832,3005,Payment,3749.58,3/25/2024,Spring
2832,2833,1929,Transfer,2591.93,6/8/2023,Summer
2833,2834,1075,Payment,3968.95,4/4/2023,Spring
2834,2835,1242,Withdrawal,482.34,10/16/2023,Fall
2835,2836,4665,Transfer,7713.13,3/15/2023,Spring
2836,2837,3795,Payment,561.17,11/1/2023,Fall
2837,2838,3914,Transfer,9462.69,12/1/2022,Winter
2838,2839,621,Transfer,9533.21,1/27/2023,Winter
2839,2840,2383,Payment,7618.71,5/23/2022,Spring
2840,2841,1175,Transfer,7436.62,5/15/2023,Spring
2841,2842,2498,Payment,3264.94,11/4/2023,Fall
2842,2843,1343,Payment,6153.37,9/21/2023,Fall
2843,2844,1576,Transfer,287.66,3/27/2024,Spring
2844,2845,1355,Deposit,5396.79,11/5/2023,Fall
2845,2846,3470,Withdrawal,6409.13,5/10/2023,Spring
2846,2847,4267,Payment,3394.67,4/30/2023,Spring
2847,2848,1010,Withdrawal,2547.84,4/7/2023,Spring
2848,2849,1762,Transfer,4542.33,2/19/2023,Winter
2849,2850,1784,Withdrawal,9823.8,5/29/2022,Spring
2850,2851,4607,Transfer,8731.11,12/22/2023,Winter
2851,2852,2311,Transfer,2825.47,7/24/2022,Summer
2852,2853,4395,Deposit,8020.42,8/25/2023,Summer
2853,2854,4294,Deposit,8983.46,12/12/2022,Winter
2854,2855,75,Deposit,4311.02,1/27/2024,Winter
2855,2856,4470,Transfer,7249.09,4/20/2025,Spring
2856,2857,1566,Transfer,6183.39,10/19/2023,Fall
2857,2858,2766,Payment,59.24,7/7/2023,Summer
2858,2859,3976,Transfer,2822.91,2/13/2025,Winter
2859,2860,3097,Deposit,1838.87,9/18/2022,Fall
2860,2861,1686,Transfer,4859.61,10/13/2022,Fall
2861,2862,2416,Deposit,228.19,7/1/2023,Summer
2862,2863,2605,Transfer,3874.73,3/28/2025,Spring
2863,2864,2001,Transfer,8290.06,12/12/2024,Winter
2864,2865,1463,Transfer,235.43,2/23/2025,Winter
2865,2866,4870,Deposit,7992.27,12/4/2023,Winter
2866,2867,2578,Payment,3106.23,1/26/2025,Winter
2867,2868,3197,Deposit,7530.99,1/1/2023,Winter
2868,2869,3077,Deposit,4967.68,2/25/2023,Winter
2869,2870,3706,Withdrawal,5429.47,9/21/2023,Fall
2870,2871,1588,Withdrawal,3653.73,12/3/2024,Winter
2871,2872,2011,Deposit,6992.69,10/19/2024,Fall
2872,2873,4441,Transfer,7067.94,2/3/2025,Winter
2873,2874,2517,Deposit,4153.98,11/17/2023,Fall
2874,2875,4139,Withdrawal,8366.69,5/29/2024,Spring
2875,2876,2856,Transfer,7523.44,1/20/2023,Winter
2876,2877,4364,Deposit,8640.91,5/9/2024,Spring
2877,2878,2558,Deposit,230.84,7/18/2023,Summer
2878,2879,3486,Transfer,4296.31,5/11/2023,Spring
2879,2880,409,Withdrawal,5687.52,6/2/2024,Summer
2880,2881,365,Transfer,2223.9,12/30/2023,Winter
2881,2882,1118,Deposit,6750.41,3/16/2024,Spring
2882,2883,1452,Payment,1837.4,3/6/2023,Spring
2883,2884,841,Transfer,7135.35,1/14/2025,Winter
2884,2885,1630,Transfer,4598.38,6/24/2024,Summer
2885,2886,2878,Transfer,3177.58,8/4/2023,Summer
2886,2887,4773,Transfer,899.26,10/30/2023,Fall
2887,2888,4040,Deposit,2166.89,12/6/2022,Winter
2888,2889,1937,Deposit,9696.57,7/20/2023,Summer
2889,2890,3168,Payment,2440.61,6/9/2024,Summer
2890,2891,1811,Transfer,9474.12,11/15/2024,Fall
2891,2892,1487,Deposit,8308.16,5/6/2023,Spring
2892,2893,3828,Withdrawal,667.05,4/16/2025,Spring
2893,2894,3099,Payment,4837.23,12/4/2022,Winter
2894,2895,3077,Withdrawal,9778.85,4/10/2023,Spring
2895,2896,40,Withdrawal,9132.98,1/6/2023,Winter
2896,2897,4156,Deposit,9503.85,3/16/2024,Spring
2897,2898,1849,Transfer,2866.92,5/3/2024,Spring
2898,2899,2689,Transfer,6657.23,6/28/2024,Summer
2899,2900,416,Transfer,8169.91,8/19/2022,Summer
2900,2901,976,Payment,3235.49,7/31/2023,Summer
2901,2902,2543,Payment,5484.64,2/23/2024,Winter
2902,2903,1334,Deposit,5204.51,10/10/2022,Fall
2903,2904,2199,Payment,5334.26,6/19/2022,Summer
2904,2905,2373,Withdrawal,9087.24,4/25/2024,Spring
2905,2906,901,Deposit,7975.17,11/24/2022,Fall
2906,2907,3653,Payment,5973.78,12/21/2023,Winter
2907,2908,3480,Transfer,3046.95,9/14/2024,Fall
2908,2909,3397,Deposit,2093.21,4/16/2024,Spring
2909,2910,7,Transfer,6522.12,12/16/2022,Winter
2910,2911,3220,Deposit,6379.7,9/25/2022,Fall
2911,2912,4332,Deposit,2732.14,11/28/2022,Fall
2912,2913,3010,Payment,1893.74,8/19/2023,Summer
2913,2914,2589,Transfer,988.54,1/24/2024,Winter
2914,2915,3854,Payment,9720.22,10/27/2022,Fall
2915,2916,4764,Deposit,2670.97,4/30/2024,Spring
2916,2917,406,Deposit,9237.55,6/21/2023,Summer
2917,2918,742,Transfer,2302.7,10/26/2023,Fall
2918,2919,4772,Payment,1069.47,11/29/2022,Fall
2919,2920,4298,Transfer,8226.43,9/11/2024,Fall
2920,2921,2778,Transfer,8552.98,9/29/2024,Fall
2921,2922,1687,Deposit,8278.4,5/11/2025,Spring
2922,2923,4089,Withdrawal,1083.43,7/30/2022,Summer
2923,2924,3863,Withdrawal,7580.45,9/11/2022,Fall
2924,2925,681,Deposit,1823.24,9/16/2022,Fall
2925,2926,1762,Withdrawal,8754.96,11/25/2023,Fall
2926,2927,2706,Withdrawal,1219.75,11/27/2023,Fall
2927,2928,4564,Transfer,4330.65,10/11/2024,Fall
2928,2929,4808,Withdrawal,1924.09,7/2/2022,Summer
2929,2930,2819,Transfer,4701.68,10/3/2024,Fall
2930,2931,3836,Withdrawal,8802.65,8/12/2022,Summer
2931,2932,4351,Withdrawal,5822.12,9/20/2022,Fall
2932,2933,1322,Payment,7474.12,2/24/2023,Winter
2933,2934,4159,Transfer,3793.61,12/19/2023,Winter
2934,2935,2765,Withdrawal,344.33,2/23/2024,Winter
2935,2936,569,Deposit,4612.32,8/14/2023,Summer
2936,2937,3815,Deposit,5511.31,5/13/2022,Spring
2937,2938,4811,Payment,4805.75,3/4/2024,Spring
2938,2939,2333,Payment,8911.43,11/6/2022,Fall
2939,2940,1260,Deposit,9825.44,7/18/2024,Summer
2940,2941,4872,Withdrawal,6274.21,9/15/2023,Fall
2941,2942,1684,Payment,6648.06,6/22/2022,Summer
2942,2943,1826,Payment,2206.48,4/21/2023,Spring
2943,2944,4235,Deposit,7171.91,9/18/2022,Fall
2944,2945,381,Deposit,5040.45,2/25/2024,Winter
2945,2946,4407,Payment,6280.97,1/20/2025,Winter
2946,2947,1716,Payment,2482.29,9/8/2023,Fall
2947,2948,2062,Withdrawal,6198.79,11/30/2024,Fall
2948,2949,2945,Deposit,6014.88,3/1/2024,Spring
2949,2950,2391,Payment,9787.41,8/3/2024,Summer
2950,2951,1966,Deposit,6757.39,9/14/2023,Fall
2951,2952,2981,Deposit,2788.23,7/24/2022,Summer
2952,2953,4600,Deposit,6324.92,9/20/2023,Fall
2953,2954,2555,Deposit,5770.1,5/28/2022,Spring
2954,2955,372,Payment,5666.61,10/26/2022,Fall
2955,2956,2475,Withdrawal,2007.73,10/31/2022,Fall
2956,2957,3452,Transfer,2822.25,10/3/2023,Fall
2957,2958,2079,Payment,8105.46,10/21/2023,Fall
2958,2959,808,Transfer,338.81,2/8/2024,Winter
2959,2960,2507,Payment,553.34,2/1/2024,Winter
2960,2961,3435,Deposit,8581.14,11/30/2024,Fall
2961,2962,67,Transfer,8908.91,6/5/2023,Summer
2962,2963,1166,Payment,4219.33,6/15/2022,Summer
2963,2964,3927,Transfer,5713.29,5/14/2022,Spring
2964,2965,4805,Transfer,6674.56,5/7/2023,Spring
2965,2966,2020,Deposit,6036.99,9/13/2023,Fall
2966,2967,666,Transfer,7892.04,5/10/2024,Spring
2967,2968,370,Transfer,4856.26,9/1/2022,Fall
2968,2969,4121,Transfer,5489.88,1/10/2023,Winter
2969,2970,1795,Transfer,4423.06,11/21/2023,Fall
2970,2971,2119,Transfer,8914.81,5/15/2022,Spring
2971,2972,4339,Payment,2065.01,7/12/2023,Summer
2972,2973,1165,Withdrawal,3247.16,9/1/2023,Fall
2973,2974,2325,Deposit,4449.22,9/6/2023,Fall
2974,2975,1877,Withdrawal,3985.91,1/4/2023,Winter
2975,2976,2171,Deposit,1099.52,10/28/2023,Fall
2976,2977,1128,Payment,4793.78,3/28/2023,Spring
2977,2978,52,Payment,4210.52,5/24/2023,Spring
2978,2979,4641,Deposit,2251.58,11/6/2023,Fall
2979,2980,3967,Transfer,7523.61,7/19/2022,Summer
2980,2981,4828,Withdrawal,2067.92,4/21/2024,Spring
2981,2982,4769,Withdrawal,8987.91,3/17/2024,Spring
2982,2983,4140,Withdrawal,6663.33,4/30/2024,Spring
2983,2984,271,Withdrawal,3379.03,1/4/2023,Winter
2984,2985,4681,Withdrawal,9702.86,10/24/2023,Fall
2985,2986,4602,Transfer,703.64,2/26/2025,Winter
2986,2987,4431,Withdrawal,4762.11,7/27/2023,Summer
2987,2988,2100,Transfer,4379.96,10/18/2022,Fall
2988,2989,2079,Payment,4756.35,4/7/2023,Spring
2989,2990,822,Payment,2631.26,2/3/2025,Winter
2990,2991,4561,Payment,7621.66,11/16/2023,Fall
2991,2992,1871,Withdrawal,6793.97,3/20/2024,Spring
2992,2993,3671,Transfer,9816.67,8/20/2022,Summer
2993,2994,2079,Withdrawal,555.28,7/25/2023,Summer
2994,2995,2328,Deposit,1576.08,11/1/2024,Fall
2995,2996,2032,Withdrawal,9481,12/24/2022,Winter
2996,2997,2670,Withdrawal,8830.85,6/19/2024,Summer
2997,2998,3964,Deposit,910.6,4/20/2024,Spring
2998,2999,3850,Payment,9542.6,5/31/2024,Spring
2999,3000,4634,Deposit,3358.95,10/3/2022,Fall
3000,3001,4316,Deposit,5337.43,1/17/2025,Winter
3001,3002,1433,Withdrawal,1946.83,7/29/2022,Summer
3002,3003,510,Transfer,2947.62,9/30/2024,Fall
3003,3004,370,Withdrawal,5127.24,8/18/2023,Summer
3004,3005,4863,Payment,5039.7,5/28/2022,Spring
3005,3006,1280,Transfer,2263.27,2/7/2023,Winter
3006,3007,2720,Transfer,1958.38,12/22/2023,Winter
3007,3008,2943,Deposit,2761.2,5/16/2022,Spring
3008,3009,4818,Payment,5505.25,3/14/2023,Spring
3009,3010,1521,Transfer,6125.59,7/17/2023,Summer
3010,3011,2737,Payment,1365.28,8/30/2023,Summer
3011,3012,3450,Transfer,829.89,4/23/2023,Spring
3012,3013,614,Deposit,5292.84,8/5/2024,Summer
3013,3014,1992,Withdrawal,419.51,5/15/2022,Spring
3014,3015,4842,Withdrawal,8757.63,5/14/2022,Spring
3015,3016,3475,Payment,4074.84,7/21/2024,Summer
3016,3017,1467,Payment,9399.47,7/3/2023,Summer
3017,3018,110,Deposit,9586.49,2/6/2023,Winter
3018,3019,138,Transfer,4340.22,11/24/2023,Fall
3019,3020,3711,Payment,4119.11,12/18/2024,Winter
3020,3021,503,Withdrawal,2401.8,3/11/2024,Spring
3021,3022,1322,Transfer,4989.98,11/18/2022,Fall
3022,3023,502,Withdrawal,9345.28,3/10/2023,Spring
3023,3024,304,Deposit,8262.95,2/13/2025,Winter
3024,3025,3126,Payment,861.54,5/6/2024,Spring
3025,3026,3560,Deposit,5683.05,11/2/2024,Fall
3026,3027,3453,Deposit,4819.58,10/27/2022,Fall
3027,3028,2704,Deposit,8652.47,3/20/2025,Spring
3028,3029,3899,Transfer,5419.06,7/18/2022,Summer
3029,3030,2214,Transfer,9367.88,4/19/2024,Spring
3030,3031,2820,Transfer,1488.29,7/16/2023,Summer
3031,3032,3301,Withdrawal,1021.46,6/26/2024,Summer
3032,3033,2395,Deposit,5750.16,5/28/2024,Spring
3033,3034,2885,Transfer,634.66,9/18/2023,Fall
3034,3035,3589,Transfer,2612.98,3/8/2025,Spring
3035,3036,2316,Transfer,2313.87,12/11/2023,Winter
3036,3037,2817,Deposit,1107.92,8/24/2023,Summer
3037,3038,4290,Withdrawal,1005.12,12/10/2023,Winter
3038,3039,4819,Withdrawal,5888.07,9/13/2024,Fall
3039,3040,753,Payment,5838.97,12/23/2024,Winter
3040,3041,1604,Transfer,4759.67,1/10/2025,Winter
3041,3042,1940,Payment,4089.93,3/2/2024,Spring
3042,3043,3598,Payment,7252.51,3/9/2025,Spring
3043,3044,4615,Deposit,7718.26,6/8/2023,Summer
3044,3045,3610,Withdrawal,9564.78,10/31/2024,Fall
3045,3046,2173,Withdrawal,5595.57,4/1/2025,Spring
3046,3047,2367,Payment,6177.65,2/16/2025,Winter
3047,3048,3707,Transfer,590.67,4/21/2025,Spring
3048,3049,4156,Transfer,1903.25,5/16/2022,Spring
3049,3050,58,Deposit,4375.65,1/19/2024,Winter
3050,3051,1771,Payment,3845.41,3/19/2025,Spring
3051,3052,4285,Transfer,963.59,2/11/2023,Winter
3052,3053,4166,Payment,5270.09,11/9/2024,Fall
3053,3054,1133,Withdrawal,6494.18,8/1/2024,Summer
3054,3055,1858,Transfer,8431.28,1/19/2024,Winter
3055,3056,3208,Transfer,8057.76,6/10/2024,Summer
3056,3057,387,Payment,6572.5,12/30/2023,Winter
3057,3058,1567,Deposit,5137.81,11/22/2024,Fall
3058,3059,875,Withdrawal,1514.98,10/1/2022,Fall
3059,3060,1509,Payment,7505.81,12/17/2022,Winter
3060,3061,1280,Payment,2642.52,2/20/2023,Winter
3061,3062,4719,Payment,800.54,4/1/2024,Spring
3062,3063,1225,Payment,9857.15,11/17/2022,Fall
3063,3064,780,Transfer,1835.11,5/9/2024,Spring
3064,3065,4237,Withdrawal,5480.81,3/13/2025,Spring
3065,3066,1549,Transfer,3851.29,12/25/2023,Winter
3066,3067,4618,Transfer,6245.39,12/22/2023,Winter
3067,3068,993,Deposit,9344.35,4/3/2025,Spring
3068,3069,872,Deposit,5054.38,10/1/2022,Fall
3069,3070,2964,Deposit,7557.32,3/20/2025,Spring
3070,3071,3268,Deposit,4375.26,6/29/2022,Summer
3071,3072,3115,Deposit,5578.95,8/30/2022,Summer
3072,3073,27,Payment,1046.78,10/4/2022,Fall
3073,3074,3764,Deposit,975.31,2/24/2025,Winter
3074,3075,4808,Transfer,2075.54,12/5/2022,Winter
3075,3076,4895,Payment,7132.52,6/10/2024,Summer
3076,3077,4931,Deposit,3178.41,12/29/2024,Winter
3077,3078,2519,Payment,3610.26,1/23/2024,Winter
3078,3079,4006,Transfer,6505.05,9/14/2023,Fall
3079,3080,1607,Withdrawal,1880.66,10/19/2022,Fall
3080,3081,1404,Payment,8208.28,6/1/2022,Summer
3081,3082,390,Withdrawal,7587.22,7/6/2022,Summer
3082,3083,3022,Payment,6376.55,6/6/2023,Summer
3083,3084,4161,Transfer,8225.34,12/5/2022,Winter
3084,3085,3545,Deposit,9227.85,3/29/2025,Spring
3085,3086,3592,Transfer,8905.97,8/31/2023,Summer
3086,3087,926,Withdrawal,3715.49,9/3/2022,Fall
3087,3088,2180,Deposit,7957.97,7/19/2024,Summer
3088,3089,1355,Payment,4705.66,12/11/2022,Winter
3089,3090,4072,Deposit,4751.28,2/19/2024,Winter
3090,3091,2475,Payment,2155.67,7/30/2022,Summer
3091,3092,4784,Withdrawal,4435.61,8/12/2022,Summer
3092,3093,2278,Deposit,8381.17,12/25/2024,Winter
3093,3094,745,Payment,2635.88,10/28/2024,Fall
3094,3095,2159,Payment,9701.75,12/12/2024,Winter
3095,3096,3895,Withdrawal,8078.73,12/4/2024,Winter
3096,3097,3022,Deposit,2290.94,6/6/2023,Summer
3097,3098,186,Payment,496.23,6/11/2023,Summer
3098,3099,1250,Withdrawal,5438.12,3/9/2025,Spring
3099,3100,946,Deposit,6025.24,6/21/2022,Summer
3100,3101,4684,Transfer,7445.34,5/4/2023,Spring
3101,3102,437,Transfer,1834.55,1/13/2024,Winter
3102,3103,996,Deposit,8854.1,11/8/2024,Fall
3103,3104,3024,Transfer,5314.8,7/13/2022,Summer
3104,3105,1398,Transfer,7218.4,3/20/2025,Spring
3105,3106,1231,Withdrawal,3889.78,6/30/2024,Summer
3106,3107,4757,Payment,1039.99,11/22/2024,Fall
3107,3108,2609,Transfer,1101.32,8/31/2023,Summer
3108,3109,3830,Withdrawal,6733.05,1/21/2023,Winter
3109,3110,1394,Transfer,4443.77,1/2/2024,Winter
3110,3111,2386,Payment,8846.84,12/29/2024,Winter
3111,3112,3840,Payment,6693.01,6/2/2023,Summer
3112,3113,2821,Withdrawal,2618.16,8/9/2024,Summer
3113,3114,2012,Withdrawal,7582.94,12/26/2023,Winter
3114,3115,2454,Payment,1421.04,7/24/2024,Summer
3115,3116,287,Payment,5808.15,8/13/2023,Summer
3116,3117,2578,Withdrawal,6894.75,2/9/2023,Winter
3117,3118,2708,Withdrawal,4243.29,11/23/2023,Fall
3118,3119,3868,Transfer,1459.26,5/6/2023,Spring
3119,3120,1833,Deposit,8565.59,3/1/2024,Spring
3120,3121,1366,Withdrawal,4239.46,1/4/2025,Winter
3121,3122,4083,Withdrawal,61.94,11/13/2023,Fall
3122,3123,2961,Payment,58.02,12/9/2023,Winter
3123,3124,1835,Deposit,4963.02,4/28/2024,Spring
3124,3125,295,Withdrawal,35.34,7/1/2024,Summer
3125,3126,15,Transfer,1328.77,3/20/2024,Spring
3126,3127,3927,Transfer,1726.05,6/11/2024,Summer
3127,3128,3379,Withdrawal,7786.94,11/25/2022,Fall
3128,3129,4684,Withdrawal,3715.14,6/22/2023,Summer
3129,3130,277,Deposit,1230.08,3/23/2025,Spring
3130,3131,369,Payment,2163.69,5/16/2024,Spring
3131,3132,1993,Deposit,1106.14,3/21/2024,Spring
3132,3133,608,Withdrawal,8642.65,1/18/2023,Winter
3133,3134,3237,Deposit,8966.92,9/18/2023,Fall
3134,3135,3412,Payment,9105.92,10/27/2022,Fall
3135,3136,125,Withdrawal,604.85,4/17/2024,Spring
3136,3137,1535,Payment,4150.72,4/14/2024,Spring
3137,3138,4816,Withdrawal,8631.39,10/3/2024,Fall
3138,3139,4760,Transfer,7575.72,4/6/2024,Spring
3139,3140,2234,Transfer,537.29,3/6/2024,Spring
3140,3141,4445,Payment,4180.62,10/1/2023,Fall
3141,3142,1104,Withdrawal,1015.48,11/30/2023,Fall
3142,3143,3391,Payment,1525.11,10/27/2023,Fall
3143,3144,1051,Deposit,5078.92,6/21/2022,Summer
3144,3145,2145,Withdrawal,3767.14,12/4/2023,Winter
3145,3146,3676,Payment,1810.08,4/8/2025,Spring
3146,3147,4281,Deposit,9717.61,10/9/2023,Fall
3147,3148,3629,Payment,6732.13,10/17/2022,Fall
3148,3149,2176,Withdrawal,1622.99,7/1/2022,Summer
3149,3150,2635,Payment,7471.59,11/29/2024,Fall
3150,3151,432,Deposit,5031.16,10/18/2024,Fall
3151,3152,1497,Deposit,376.71,3/2/2023,Spring
3152,3153,507,Deposit,284.68,2/6/2023,Winter
3153,3154,809,Withdrawal,7037.73,6/26/2022,Summer
3154,3155,474,Withdrawal,9816.57,4/20/2024,Spring
3155,3156,1888,Deposit,8774.37,12/26/2022,Winter
3156,3157,817,Withdrawal,3518.66,11/25/2022,Fall
3157,3158,3844,Payment,8044.6,2/26/2024,Winter
3158,3159,671,Transfer,8501.73,12/20/2022,Winter
3159,3160,4878,Payment,6677.77,3/20/2025,Spring
3160,3161,2384,Transfer,1819.6,6/8/2024,Summer
3161,3162,4226,Payment,8862.17,10/1/2023,Fall
3162,3163,4830,Transfer,4204.46,7/8/2022,Summer
3163,3164,3903,Transfer,8065.9,6/12/2023,Summer
3164,3165,1853,Transfer,1988.53,11/1/2024,Fall
3165,3166,1909,Transfer,9094.66,5/16/2022,Spring
3166,3167,1456,Withdrawal,6363.7,10/14/2024,Fall
3167,3168,360,Withdrawal,279.37,1/9/2024,Winter
3168,3169,631,Deposit,7476.64,4/23/2025,Spring
3169,3170,1533,Withdrawal,3631.92,2/16/2023,Winter
3170,3171,1151,Transfer,8630.32,10/20/2024,Fall
3171,3172,2007,Withdrawal,728.8,8/14/2022,Summer
3172,3173,4628,Transfer,5847.88,6/21/2022,Summer
3173,3174,488,Deposit,180.75,8/31/2024,Summer
3174,3175,3849,Withdrawal,9662.13,1/12/2024,Winter
3175,3176,579,Withdrawal,3916.09,2/28/2024,Winter
3176,3177,267,Transfer,2774.25,12/31/2022,Winter
3177,3178,413,Withdrawal,6685.53,4/2/2023,Spring
3178,3179,1419,Payment,2974.04,1/7/2025,Winter
3179,3180,1915,Deposit,8657.97,9/23/2022,Fall
3180,3181,3098,Payment,8009.25,12/20/2022,Winter
3181,3182,3245,Deposit,2100.53,1/9/2025,Winter
3182,3183,160,Payment,312.95,3/17/2024,Spring
3183,3184,3776,Withdrawal,6083.35,6/25/2024,Summer
3184,3185,1042,Withdrawal,5052.53,10/25/2023,Fall
3185,3186,2657,Deposit,447.63,10/8/2023,Fall
3186,3187,1124,Transfer,417.46,9/25/2023,Fall
3187,3188,4514,Withdrawal,2600.41,2/15/2025,Winter
3188,3189,2103,Transfer,5134.53,6/1/2024,Summer
3189,3190,4725,Payment,2022.18,8/8/2023,Summer
3190,3191,3931,Transfer,6009.42,11/7/2024,Fall
3191,3192,4089,Transfer,9751.59,1/7/2025,Winter
3192,3193,4601,Transfer,3587.82,11/22/2023,Fall
3193,3194,3295,Withdrawal,8855.28,2/13/2024,Winter
3194,3195,347,Withdrawal,3334.22,1/15/2025,Winter
3195,3196,1773,Transfer,3702.48,4/20/2023,Spring
3196,3197,3666,Transfer,9764.4,11/6/2024,Fall
3197,3198,4209,Payment,5350.11,12/29/2022,Winter
3198,3199,3189,Deposit,330.59,3/16/2025,Spring
3199,3200,1641,Withdrawal,9695.37,4/9/2023,Spring
3200,3201,518,Deposit,8017.49,6/3/2023,Summer
3201,3202,1770,Payment,4703.24,1/13/2025,Winter
3202,3203,2637,Transfer,7939.28,11/26/2022,Fall
3203,3204,473,Payment,1585.25,8/26/2023,Summer
3204,3205,2602,Payment,9594.58,7/31/2024,Summer
3205,3206,2890,Deposit,5546.86,5/18/2024,Spring
3206,3207,525,Deposit,5255.8,4/21/2025,Spring
3207,3208,3239,Transfer,3537.64,10/6/2022,Fall
3208,3209,3585,Payment,9895.8,11/9/2022,Fall
3209,3210,2478,Transfer,2168.05,12/23/2022,Winter
3210,3211,1897,Withdrawal,5403.6,4/4/2025,Spring
3211,3212,770,Withdrawal,1482.52,8/29/2022,Summer
3212,3213,2386,Payment,342.16,4/26/2025,Spring
3213,3214,2220,Deposit,5660.04,2/9/2023,Winter
3214,3215,2618,Transfer,5791.84,7/9/2022,Summer
3215,3216,4471,Withdrawal,5812.54,5/22/2023,Spring
3216,3217,4685,Deposit,550.37,3/12/2023,Spring
3217,3218,4713,Deposit,446.24,7/17/2023,Summer
3218,3219,2052,Payment,1844.85,1/10/2024,Winter
3219,3220,4937,Transfer,3632.01,9/16/2024,Fall
3220,3221,2850,Transfer,7390.49,8/18/2022,Summer
3221,3222,3197,Transfer,9228.61,5/21/2022,Spring
3222,3223,4487,Withdrawal,7723.94,5/5/2025,Spring
3223,3224,361,Transfer,9159.22,12/29/2024,Winter
3224,3225,4036,Deposit,7303.16,5/6/2023,Spring
3225,3226,2664,Withdrawal,8389.19,7/13/2023,Summer
3226,3227,2396,Transfer,2648.75,12/7/2022,Winter
3227,3228,1942,Payment,6398.78,11/14/2023,Fall
3228,3229,1923,Withdrawal,1999.03,10/26/2024,Fall
3229,3230,4918,Transfer,870.34,5/12/2023,Spring
3230,3231,824,Deposit,5814.27,12/1/2024,Winter
3231,3232,2621,Deposit,1733.05,2/20/2025,Winter
3232,3233,1865,Deposit,2635.62,3/12/2023,Spring
3233,3234,103,Deposit,8371.54,8/21/2024,Summer
3234,3235,4757,Transfer,2428.65,5/22/2023,Spring
3235,3236,1067,Withdrawal,7593.35,11/19/2024,Fall
3236,3237,4674,Payment,3890.15,2/2/2024,Winter
3237,3238,195,Withdrawal,397.18,11/11/2024,Fall
3238,3239,1053,Withdrawal,6646.19,12/30/2024,Winter
3239,3240,2877,Payment,2062.8,7/29/2023,Summer
3240,3241,1233,Withdrawal,1468.18,7/8/2024,Summer
3241,3242,122,Payment,7214.83,9/26/2022,Fall
3242,3243,1250,Deposit,3487.62,7/21/2023,Summer
3243,3244,3666,Payment,3505.98,10/8/2024,Fall
3244,3245,3278,Transfer,8341.3,11/23/2022,Fall
3245,3246,669,Deposit,3732.53,5/9/2024,Spring
3246,3247,3692,Deposit,6950.97,10/31/2022,Fall
3247,3248,1433,Transfer,4973.92,11/24/2022,Fall
3248,3249,1182,Withdrawal,5549.63,9/24/2023,Fall
3249,3250,562,Withdrawal,9691.04,6/3/2024,Summer
3250,3251,4896,Payment,4762.57,2/26/2025,Winter
3251,3252,2951,Transfer,1192.57,12/10/2024,Winter
3252,3253,257,Withdrawal,8209.33,11/3/2023,Fall
3253,3254,1466,Withdrawal,31.57,12/10/2023,Winter
3254,3255,3787,Payment,5346.18,11/22/2023,Fall
3255,3256,896,Transfer,8561.92,4/26/2023,Spring
3256,3257,467,Payment,5760.57,2/4/2024,Winter
3257,3258,4543,Withdrawal,5393.02,3/11/2024,Spring
3258,3259,3740,Deposit,7372.25,1/29/2025,Winter
3259,3260,4369,Payment,5655.81,2/26/2025,Winter
3260,3261,2060,Deposit,6163.8,4/15/2025,Spring
3261,3262,1266,Deposit,7400.71,7/26/2022,Summer
3262,3263,4486,Payment,7940.9,9/29/2023,Fall
3263,3264,2833,Transfer,8312.17,5/23/2023,Spring
3264,3265,1792,Deposit,3761.91,10/25/2024,Fall
3265,3266,520,Payment,1681.04,4/23/2025,Spring
3266,3267,1440,Payment,839.44,4/26/2023,Spring
3267,3268,4787,Deposit,1109.92,9/30/2023,Fall
3268,3269,960,Payment,3192.34,8/10/2024,Summer
3269,3270,1717,Transfer,4678.18,3/24/2023,Spring
3270,3271,4830,Payment,4231.4,9/15/2022,Fall
3271,3272,3677,Deposit,2528.7,4/23/2023,Spring
3272,3273,4476,Withdrawal,8934.57,5/31/2023,Spring
3273,3274,4875,Transfer,9219.08,12/7/2023,Winter
3274,3275,519,Deposit,9729.27,9/27/2024,Fall
3275,3276,2704,Transfer,1034.19,12/12/2022,Winter
3276,3277,732,Transfer,3628.17,10/18/2023,Fall
3277,3278,1300,Transfer,7335.2,1/27/2025,Winter
3278,3279,2830,Withdrawal,7190.61,4/18/2024,Spring
3279,3280,2841,Deposit,5414.18,2/7/2023,Winter
3280,3281,502,Transfer,5724.09,5/31/2024,Spring
3281,3282,4913,Payment,5292.03,3/20/2025,Spring
3282,3283,119,Payment,1830.16,5/2/2025,Spring
3283,3284,3253,Payment,7936.41,1/13/2023,Winter
3284,3285,4434,Transfer,5321.93,4/12/2024,Spring
3285,3286,3529,Deposit,4637.5,9/23/2022,Fall
3286,3287,3565,Withdrawal,8303.58,10/2/2022,Fall
3287,3288,543,Payment,1938.52,2/5/2025,Winter
3288,3289,690,Transfer,3599.02,11/1/2024,Fall
3289,3290,1234,Transfer,5778.79,12/5/2022,Winter
3290,3291,1034,Transfer,7973.24,1/27/2024,Winter
3291,3292,4107,Payment,1830.06,6/21/2023,Summer
3292,3293,2506,Payment,5517.42,4/16/2024,Spring
3293,3294,4580,Payment,1789.48,10/22/2022,Fall
3294,3295,3315,Payment,6948.67,3/2/2023,Spring
3295,3296,4160,Withdrawal,9217.52,6/15/2022,Summer
3296,3297,3262,Payment,9112.37,3/30/2023,Spring
3297,3298,2452,Deposit,3045.25,1/23/2024,Winter
3298,3299,568,Payment,4266.91,8/20/2023,Summer
3299,3300,3749,Deposit,6079.01,11/3/2023,Fall
3300,3301,2998,Deposit,881.33,4/10/2025,Spring
3301,3302,2782,Withdrawal,3923.67,10/2/2023,Fall
3302,3303,4422,Withdrawal,334.44,1/11/2024,Winter
3303,3304,4434,Withdrawal,5685.17,12/13/2022,Winter
3304,3305,1018,Payment,305.52,11/29/2023,Fall
3305,3306,4424,Withdrawal,8846.6,11/3/2023,Fall
3306,3307,417,Payment,8166.55,12/20/2023,Winter
3307,3308,758,Transfer,8745.18,4/30/2025,Spring
3308,3309,1060,Withdrawal,4789.34,2/5/2024,Winter
3309,3310,1410,Transfer,5509.82,10/14/2024,Fall
3310,3311,2904,Payment,8025.68,9/5/2023,Fall
3311,3312,4982,Deposit,9820.7,7/31/2024,Summer
3312,3313,2764,Withdrawal,2613.63,9/17/2023,Fall
3313,3314,4661,Transfer,6159.16,1/19/2024,Winter
3314,3315,4193,Deposit,5703.49,5/3/2023,Spring
3315,3316,1187,Withdrawal,6764.38,12/19/2022,Winter
3316,3317,3137,Transfer,527.21,8/28/2022,Summer
3317,3318,2636,Withdrawal,7083.6,2/4/2025,Winter
3318,3319,2503,Withdrawal,2854.43,3/29/2024,Spring
3319,3320,2124,Transfer,6342.47,9/24/2024,Fall
3320,3321,4767,Transfer,3114.08,1/9/2025,Winter
3321,3322,80,Withdrawal,3090.11,12/14/2024,Winter
3322,3323,3923,Payment,7672.01,6/11/2022,Summer
3323,3324,1501,Deposit,1142.69,9/4/2023,Fall
3324,3325,3263,Payment,8266.89,8/29/2023,Summer
3325,3326,1135,Payment,3763.66,3/23/2025,Spring
3326,3327,4470,Transfer,3237.13,2/8/2023,Winter
3327,3328,2708,Transfer,52.67,6/4/2024,Summer
3328,3329,1422,Transfer,2953.29,5/30/2022,Spring
3329,3330,2148,Transfer,6159.75,6/11/2023,Summer
3330,3331,4331,Deposit,1462.83,10/24/2022,Fall
3331,3332,2670,Withdrawal,6923.43,5/4/2024,Spring
3332,3333,400,Payment,908.04,1/20/2023,Winter
3333,3334,93,Deposit,350.86,11/17/2023,Fall
3334,3335,1996,Deposit,250.89,2/20/2024,Winter
3335,3336,2835,Payment,50.78,12/5/2022,Winter
3336,3337,3791,Transfer,3195.62,2/26/2023,Winter
3337,3338,2042,Withdrawal,8291.61,7/24/2023,Summer
3338,3339,4984,Deposit,5044.01,11/21/2023,Fall
3339,3340,4604,Transfer,3790,3/25/2023,Spring
3340,3341,1783,Deposit,4672.59,8/31/2024,Summer
3341,3342,4994,Withdrawal,4452.44,1/18/2023,Winter
3342,3343,2173,Deposit,9432.98,10/14/2024,Fall
3343,3344,4986,Withdrawal,2692.97,12/17/2022,Winter
3344,3345,3668,Payment,1962.71,10/20/2022,Fall
3345,3346,3386,Withdrawal,4627.9,3/31/2024,Spring
3346,3347,2501,Payment,7592.8,1/30/2023,Winter
3347,3348,4203,Transfer,6299.24,7/3/2023,Summer
3348,3349,856,Transfer,4679.52,4/7/2023,Spring
3349,3350,1283,Deposit,5992.71,10/24/2024,Fall
3350,3351,43,Withdrawal,8778.8,10/17/2022,Fall
3351,3352,4482,Withdrawal,4014.92,12/18/2023,Winter
3352,3353,2504,Withdrawal,238.37,5/21/2024,Spring
3353,3354,2628,Withdrawal,527.39,4/2/2025,Spring
3354,3355,2786,Deposit,4682.37,9/13/2024,Fall
3355,3356,327,Payment,6994.87,5/4/2025,Spring
3356,3357,2140,Transfer,7661.08,12/5/2024,Winter
3357,3358,1821,Withdrawal,4047.1,7/8/2022,Summer
3358,3359,3298,Deposit,267.85,7/2/2024,Summer
3359,3360,4398,Payment,8893.62,7/17/2022,Summer
3360,3361,2846,Withdrawal,8664.37,12/19/2022,Winter
3361,3362,350,Transfer,3660,3/14/2023,Spring
3362,3363,3653,Withdrawal,9437.22,5/1/2023,Spring
3363,3364,582,Payment,2426.02,5/7/2023,Spring
3364,3365,3380,Deposit,2365.29,3/25/2024,Spring
3365,3366,1778,Transfer,9569.27,12/28/2023,Winter
3366,3367,3066,Deposit,7244.62,1/13/2023,Winter
3367,3368,4323,Deposit,8594.17,7/10/2023,Summer
3368,3369,2955,Payment,7203.9,12/7/2024,Winter
3369,3370,1471,Payment,1324.35,5/26/2022,Spring
3370,3371,2400,Payment,7397.28,10/6/2022,Fall
3371,3372,2104,Transfer,5807.72,10/31/2024,Fall
3372,3373,3993,Payment,9183.84,10/4/2023,Fall
3373,3374,1365,Payment,8905.02,1/4/2023,Winter
3374,3375,124,Deposit,5430.94,9/25/2023,Fall
3375,3376,4889,Payment,5163.26,11/6/2022,Fall
3376,3377,2835,Deposit,390,2/28/2025,Winter
3377,3378,4445,Payment,9865.44,3/30/2025,Spring
3378,3379,687,Payment,3213.81,2/6/2025,Winter
3379,3380,4316,Transfer,581.28,7/14/2024,Summer
3380,3381,2726,Payment,3293.19,10/30/2022,Fall
3381,3382,1589,Withdrawal,1825.72,12/24/2024,Winter
3382,3383,2905,Transfer,6634.35,5/15/2022,Spring
3383,3384,397,Withdrawal,7525.81,12/17/2024,Winter
3384,3385,1000,Transfer,7216.97,9/23/2024,Fall
3385,3386,2353,Transfer,7150.53,4/22/2023,Spring
3386,3387,1963,Withdrawal,4630.57,9/12/2024,Fall
3387,3388,3122,Deposit,3234.98,9/1/2023,Fall
3388,3389,1044,Deposit,2623.33,6/16/2022,Summer
3389,3390,2635,Payment,5714.47,12/7/2022,Winter
3390,3391,2235,Payment,8654.93,7/7/2024,Summer
3391,3392,3954,Payment,3241.46,11/4/2024,Fall
3392,3393,892,Transfer,3197.62,10/30/2024,Fall
3393,3394,1295,Payment,8836.51,6/16/2022,Summer
3394,3395,1316,Transfer,8451.09,6/27/2023,Summer
3395,3396,4791,Deposit,3876.69,8/27/2024,Summer
3396,3397,3540,Transfer,9987.54,8/26/2023,Summer
3397,3398,2860,Deposit,4626.46,1/7/2025,Winter
3398,3399,4903,Payment,4268.18,6/2/2024,Summer
3399,3400,566,Withdrawal,4322.8,12/13/2024,Winter
3400,3401,2305,Withdrawal,9102.98,10/10/2023,Fall
3401,3402,4185,Payment,8005.08,1/14/2025,Winter
3402,3403,1116,Payment,9586.61,4/23/2023,Spring
3403,3404,3874,Deposit,4847.63,4/7/2025,Spring
3404,3405,3782,Deposit,6403.79,7/22/2024,Summer
3405,3406,3909,Deposit,8623.06,8/16/2023,Summer
3406,3407,1466,Transfer,6420.24,10/4/2024,Fall
3407,3408,993,Payment,6892.16,1/13/2023,Winter
3408,3409,1727,Withdrawal,1446.98,3/2/2023,Spring
3409,3410,776,Transfer,55.16,3/22/2024,Spring
3410,3411,3301,Payment,6190.75,4/29/2024,Spring
3411,3412,4303,Deposit,8093,8/28/2023,Summer
3412,3413,2688,Deposit,6633.72,8/30/2023,Summer
3413,3414,1410,Payment,6948.59,5/6/2025,Spring
3414,3415,4309,Transfer,2938.59,10/29/2024,Fall
3415,3416,4743,Payment,1682.4,8/25/2024,Summer
3416,3417,1193,Transfer,6956.84,6/9/2024,Summer
3417,3418,660,Deposit,6577.24,2/14/2024,Winter
3418,3419,746,Transfer,7046.78,1/14/2023,Winter
3419,3420,3772,Transfer,2476,5/26/2022,Spring
3420,3421,3703,Deposit,916.83,4/9/2024,Spring
3421,3422,2694,Transfer,5810.16,10/22/2022,Fall
3422,3423,752,Payment,4893.76,1/2/2023,Winter
3423,3424,4842,Payment,8573.44,10/31/2023,Fall
3424,3425,2006,Transfer,8260.24,8/21/2023,Summer
3425,3426,1071,Deposit,6318.83,11/8/2023,Fall
3426,3427,2596,Deposit,1033.91,6/7/2022,Summer
3427,3428,3431,Transfer,199.11,4/19/2025,Spring
3428,3429,1509,Transfer,6912.21,4/18/2025,Spring
3429,3430,4577,Payment,3101.52,9/15/2024,Fall
3430,3431,1389,Transfer,7558.15,2/7/2023,Winter
3431,3432,4885,Withdrawal,2421.83,8/23/2024,Summer
3432,3433,797,Withdrawal,9722.5,2/9/2024,Winter
3433,3434,3371,Withdrawal,8863.01,11/16/2024,Fall
3434,3435,1286,Deposit,2548.46,9/26/2024,Fall
3435,3436,4103,Payment,9566.93,2/28/2025,Winter
3436,3437,659,Transfer,2800.05,2/12/2023,Winter
3437,3438,4452,Withdrawal,465.56,9/17/2022,Fall
3438,3439,2441,Withdrawal,9185.59,10/12/2024,Fall
3439,3440,3189,Transfer,9664.72,6/30/2024,Summer
3440,3441,4224,Payment,1309.68,6/7/2022,Summer
3441,3442,2571,Payment,4718.09,1/13/2023,Winter
3442,3443,4274,Deposit,1394.72,2/18/2024,Winter
3443,3444,238,Withdrawal,2229.16,4/25/2023,Spring
3444,3445,4292,Transfer,3430.49,5/6/2024,Spring
3445,3446,2159,Deposit,1322.17,10/7/2022,Fall
3446,3447,2924,Withdrawal,3636.06,12/13/2023,Winter
3447,3448,1864,Deposit,8249,9/21/2024,Fall
3448,3449,4288,Transfer,9987.4,4/7/2023,Spring
3449,3450,26,Deposit,2076.77,12/1/2024,Winter
3450,3451,311,Payment,1748.4,10/10/2023,Fall
3451,3452,3758,Payment,4172.27,1/27/2025,Winter
3452,3453,4454,Deposit,3507.99,8/18/2023,Summer
3453,3454,1324,Payment,8955.17,5/8/2025,Spring
3454,3455,4210,Payment,7434.53,3/25/2025,Spring
3455,3456,3294,Transfer,2997.3,3/20/2024,Spring
3456,3457,2523,Payment,1887.92,9/29/2022,Fall
3457,3458,1479,Withdrawal,7140.21,1/15/2024,Winter
3458,3459,1822,Deposit,1767.01,7/18/2022,Summer
3459,3460,1477,Transfer,136.98,9/1/2024,Fall
3460,3461,3467,Deposit,4888.98,11/15/2022,Fall
3461,3462,131,Deposit,3040.92,9/28/2023,Fall
3462,3463,4198,Deposit,2043.35,2/1/2025,Winter
3463,3464,1472,Payment,861.39,2/3/2025,Winter
3464,3465,24,Deposit,8468.51,6/6/2024,Summer
3465,3466,4666,Withdrawal,5377.82,9/21/2022,Fall
3466,3467,966,Deposit,5494.55,10/31/2023,Fall
3467,3468,2704,Deposit,3474.76,8/15/2023,Summer
3468,3469,3144,Withdrawal,9965.74,11/11/2023,Fall
3469,3470,3881,Transfer,5849.71,6/15/2023,Summer
3470,3471,3967,Payment,2828.64,7/27/2022,Summer
3471,3472,2654,Transfer,7256.47,9/14/2022,Fall
3472,3473,3109,Deposit,5894.44,7/9/2023,Summer
3473,3474,1029,Payment,2445.11,2/9/2024,Winter
3474,3475,4134,Payment,6328.72,2/15/2025,Winter
3475,3476,1343,Transfer,1058.64,8/21/2022,Summer
3476,3477,1947,Transfer,9933.15,7/10/2024,Summer
3477,3478,2349,Deposit,5245.51,1/20/2025,Winter
3478,3479,3974,Transfer,9678.78,10/26/2022,Fall
3479,3480,764,Withdrawal,4580.22,7/23/2023,Summer
3480,3481,62,Withdrawal,650.66,3/11/2025,Spring
3481,3482,3274,Transfer,6618.06,11/10/2024,Fall
3482,3483,1308,Withdrawal,8657.39,5/2/2025,Spring
3483,3484,3251,Withdrawal,8249.54,9/13/2023,Fall
3484,3485,4713,Transfer,6195.2,1/29/2025,Winter
3485,3486,4661,Deposit,4382.36,2/12/2025,Winter
3486,3487,2833,Deposit,7232.28,9/4/2022,Fall
3487,3488,450,Withdrawal,4178.84,5/14/2022,Spring
3488,3489,1289,Transfer,2421.64,9/4/2023,Fall
3489,3490,3670,Transfer,5177.09,5/3/2025,Spring
3490,3491,3558,Withdrawal,1153.19,6/5/2022,Summer
3491,3492,4580,Payment,5198.42,4/21/2025,Spring
3492,3493,4994,Deposit,5603.25,9/17/2022,Fall
3493,3494,1221,Deposit,894.36,7/18/2022,Summer
3494,3495,2053,Transfer,9895.49,11/2/2024,Fall
3495,3496,1087,Deposit,6775.92,9/8/2023,Fall
3496,3497,4440,Withdrawal,6949.94,9/15/2023,Fall
3497,3498,3878,Withdrawal,3625.48,12/22/2023,Winter
3498,3499,446,Payment,4941.28,5/22/2024,Spring
3499,3500,4087,Payment,3493.67,5/8/2025,Spring
3500,3501,276,Transfer,9591.93,8/12/2023,Summer
3501,3502,1525,Deposit,3687.15,4/30/2024,Spring
3502,3503,2391,Payment,8879.17,4/10/2024,Spring
3503,3504,2263,Transfer,6176.93,10/5/2023,Fall
3504,3505,589,Transfer,1249.06,8/2/2022,Summer
3505,3506,4930,Transfer,9818.44,6/10/2024,Summer
3506,3507,738,Deposit,6670.21,2/6/2024,Winter
3507,3508,2953,Payment,5406.24,10/7/2023,Fall
3508,3509,1603,Payment,7516.91,2/26/2023,Winter
3509,3510,365,Payment,2858.77,4/24/2025,Spring
3510,3511,4604,Payment,6698.08,4/29/2025,Spring
3511,3512,1237,Deposit,2231.85,9/13/2024,Fall
3512,3513,348,Payment,6066.96,1/6/2025,Winter
3513,3514,4092,Transfer,5647.2,4/2/2024,Spring
3514,3515,4868,Withdrawal,9277.35,8/7/2023,Summer
3515,3516,3403,Deposit,8391.07,2/11/2024,Winter
3516,3517,3124,Payment,6903.08,6/10/2022,Summer
3517,3518,4194,Payment,4575.41,5/10/2025,Spring
3518,3519,3365,Deposit,4680.39,1/23/2024,Winter
3519,3520,4406,Transfer,6527.8,10/5/2022,Fall
3520,3521,213,Transfer,3332.65,4/19/2023,Spring
3521,3522,4342,Withdrawal,9686.65,2/11/2025,Winter
3522,3523,4479,Payment,5152.8,3/7/2025,Spring
3523,3524,84,Withdrawal,2297.91,4/4/2024,Spring
3524,3525,613,Withdrawal,2769.85,4/3/2024,Spring
3525,3526,4907,Deposit,9135.92,7/2/2023,Summer
3526,3527,312,Withdrawal,3895.82,7/4/2023,Summer
3527,3528,3844,Transfer,6101.23,3/14/2023,Spring
3528,3529,2701,Payment,4807.54,7/4/2022,Summer
3529,3530,2215,Payment,5664.17,11/20/2022,Fall
3530,3531,2133,Withdrawal,2915.22,12/14/2022,Winter
3531,3532,3533,Deposit,2482.76,10/15/2022,Fall
3532,3533,2546,Deposit,933.16,5/25/2024,Spring
3533,3534,964,Payment,9496.19,9/6/2023,Fall
3534,3535,831,Deposit,5763.34,12/21/2024,Winter
3535,3536,350,Payment,6645.95,10/22/2024,Fall
3536,3537,3104,Deposit,4657.91,12/12/2022,Winter
3537,3538,4128,Transfer,6387.53,6/23/2024,Summer
3538,3539,1424,Withdrawal,4860.45,12/21/2024,Winter
3539,3540,4557,Payment,5908.65,9/19/2024,Fall
3540,3541,1462,Payment,4797.09,1/22/2025,Winter
3541,3542,3839,Payment,9295.16,7/24/2022,Summer
3542,3543,3239,Transfer,9316.14,9/29/2023,Fall
3543,3544,965,Withdrawal,4535.03,7/1/2022,Summer
3544,3545,2742,Deposit,8269.74,12/1/2024,Winter
3545,3546,442,Withdrawal,4727.5,10/20/2022,Fall
3546,3547,202,Deposit,6022.69,4/26/2025,Spring
3547,3548,3195,Transfer,5824.79,8/6/2023,Summer
3548,3549,1517,Withdrawal,2578.21,4/2/2025,Spring
3549,3550,1792,Transfer,2808.64,5/26/2023,Spring
3550,3551,1480,Withdrawal,5436.89,7/7/2024,Summer
3551,3552,4683,Transfer,5168.27,11/1/2022,Fall
3552,3553,271,Transfer,9665.18,7/16/2024,Summer
3553,3554,664,Deposit,5443.3,2/12/2023,Winter
3554,3555,804,Deposit,9997.47,10/29/2022,Fall
3555,3556,4221,Deposit,4111.9,3/12/2023,Spring
3556,3557,1722,Deposit,6936.25,8/28/2024,Summer
3557,3558,1077,Payment,3764.3,6/16/2023,Summer
3558,3559,1466,Withdrawal,5076.54,3/25/2025,Spring
3559,3560,1385,Payment,1372.12,11/7/2023,Fall
3560,3561,3462,Transfer,1287.4,5/3/2023,Spring
3561,3562,93,Transfer,1171.06,11/23/2024,Fall
3562,3563,3824,Withdrawal,7058.57,11/25/2023,Fall
3563,3564,374,Withdrawal,7569.47,5/27/2023,Spring
3564,3565,4954,Deposit,4934.64,8/17/2024,Summer
3565,3566,2637,Withdrawal,2949.07,10/21/2023,Fall
3566,3567,157,Withdrawal,7901.09,9/2/2024,Fall
3567,3568,3947,Withdrawal,237.24,5/10/2025,Spring
3568,3569,2318,Transfer,7768.25,2/13/2025,Winter
3569,3570,150,Transfer,9324.51,11/18/2023,Fall
3570,3571,1517,Payment,7513.15,6/2/2022,Summer
3571,3572,2805,Payment,5853.77,4/3/2024,Spring
3572,3573,4914,Payment,3254.8,9/4/2022,Fall
3573,3574,2448,Withdrawal,2935.17,5/22/2024,Spring
3574,3575,3010,Withdrawal,9005.64,9/14/2023,Fall
3575,3576,3105,Deposit,6305.09,6/12/2023,Summer
3576,3577,628,Transfer,5577.02,6/12/2022,Summer
3577,3578,3897,Payment,543.54,11/25/2023,Fall
3578,3579,2918,Withdrawal,9482.12,10/18/2023,Fall
3579,3580,1113,Deposit,7498.66,8/20/2023,Summer
3580,3581,3526,Withdrawal,2855.79,5/23/2024,Spring
3581,3582,4655,Deposit,7870.3,1/23/2023,Winter
3582,3583,4281,Deposit,5077.71,12/11/2022,Winter
3583,3584,1618,Deposit,1161.25,12/31/2024,Winter
3584,3585,3559,Transfer,5290.12,12/31/2023,Winter
3585,3586,1057,Deposit,1455.95,8/19/2023,Summer
3586,3587,3735,Deposit,575.74,2/26/2025,Winter
3587,3588,223,Transfer,9097.09,6/5/2022,Summer
3588,3589,45,Withdrawal,2740.75,10/8/2022,Fall
3589,3590,4246,Deposit,4284.09,2/9/2025,Winter
3590,3591,3340,Deposit,8219.64,11/18/2023,Fall
3591,3592,2541,Withdrawal,394.58,5/22/2024,Spring
3592,3593,3383,Withdrawal,9164.25,5/23/2023,Spring
3593,3594,4501,Deposit,6682.58,9/3/2024,Fall
3594,3595,3950,Deposit,6568.19,4/23/2024,Spring
3595,3596,592,Withdrawal,4248.23,9/9/2022,Fall
3596,3597,2060,Payment,9904.57,1/17/2023,Winter
3597,3598,1466,Withdrawal,8817.06,6/17/2022,Summer
3598,3599,54,Transfer,464.12,6/7/2022,Summer
3599,3600,2130,Deposit,116.55,3/16/2024,Spring
3600,3601,3077,Payment,245.37,12/28/2023,Winter
3601,3602,131,Payment,6401.43,11/30/2022,Fall
3602,3603,3730,Payment,6827.35,3/26/2025,Spring
3603,3604,4093,Deposit,5609.99,12/21/2023,Winter
3604,3605,3407,Transfer,4606.46,8/8/2024,Summer
3605,3606,3470,Deposit,5613.86,2/11/2025,Winter
3606,3607,3074,Deposit,2794.83,1/15/2024,Winter
3607,3608,4893,Deposit,4331.95,2/9/2025,Winter
3608,3609,417,Deposit,3021.88,4/6/2025,Spring
3609,3610,2074,Payment,7074.84,12/25/2022,Winter
3610,3611,790,Transfer,7138.57,11/19/2024,Fall
3611,3612,3065,Deposit,7336.07,10/2/2022,Fall
3612,3613,3592,Deposit,1006.71,10/31/2023,Fall
3613,3614,541,Transfer,9430.04,3/5/2024,Spring
3614,3615,4837,Transfer,1546.27,3/5/2024,Spring
3615,3616,4794,Payment,5902.88,5/30/2024,Spring
3616,3617,4380,Withdrawal,3226.44,11/25/2023,Fall
3617,3618,2154,Deposit,8676.27,3/11/2023,Spring
3618,3619,1242,Payment,6815.02,7/9/2024,Summer
3619,3620,620,Withdrawal,6073.78,12/21/2023,Winter
3620,3621,2220,Payment,6578.49,7/4/2023,Summer
3621,3622,2871,Deposit,530.39,9/19/2024,Fall
3622,3623,214,Payment,4723.19,1/3/2025,Winter
3623,3624,720,Deposit,8556.25,6/29/2022,Summer
3624,3625,4770,Withdrawal,2643.93,3/16/2024,Spring
3625,3626,3607,Payment,9174.43,11/17/2022,Fall
3626,3627,3538,Deposit,8353.87,9/4/2022,Fall
3627,3628,775,Payment,9544.15,3/15/2023,Spring
3628,3629,875,Transfer,3762.7,11/5/2023,Fall
3629,3630,3173,Payment,2405.91,8/28/2023,Summer
3630,3631,3095,Deposit,2148.31,12/22/2023,Winter
3631,3632,4385,Withdrawal,5246.76,4/23/2025,Spring
3632,3633,2126,Transfer,5835.74,4/4/2024,Spring
3633,3634,1600,Transfer,2924.55,12/18/2022,Winter
3634,3635,1165,Withdrawal,7105.24,9/20/2022,Fall
3635,3636,2374,Payment,6039.76,2/21/2025,Winter
3636,3637,1193,Payment,7320.26,3/31/2024,Spring
3637,3638,4687,Transfer,7949.72,12/13/2023,Winter
3638,3639,3699,Deposit,6748.97,6/3/2023,Summer
3639,3640,2995,Deposit,7952.48,6/6/2024,Summer
3640,3641,325,Deposit,7992.45,4/16/2025,Spring
3641,3642,3411,Payment,7616.48,6/15/2024,Summer
3642,3643,3963,Deposit,164.94,12/5/2023,Winter
3643,3644,3975,Payment,4805.39,12/21/2022,Winter
3644,3645,2817,Payment,4223.02,12/6/2023,Winter
3645,3646,1082,Withdrawal,9238.66,3/24/2024,Spring
3646,3647,806,Transfer,5481.29,4/23/2023,Spring
3647,3648,4362,Payment,1496.68,6/13/2024,Summer
3648,3649,1299,Withdrawal,6372.61,6/12/2024,Summer
3649,3650,1169,Withdrawal,4159.74,12/30/2022,Winter
3650,3651,4167,Withdrawal,5215.01,12/29/2024,Winter
3651,3652,3180,Payment,8936.69,4/30/2023,Spring
3652,3653,4964,Deposit,2304.88,3/15/2025,Spring
3653,3654,3779,Transfer,6840.45,12/20/2023,Winter
3654,3655,1638,Payment,6045.06,5/2/2025,Spring
3655,3656,2635,Payment,5631.82,8/20/2024,Summer
3656,3657,1622,Withdrawal,6412.13,7/24/2023,Summer
3657,3658,4131,Payment,2989.27,6/30/2024,Summer
3658,3659,3888,Withdrawal,8899.85,5/20/2022,Spring
3659,3660,1435,Deposit,1993.58,3/31/2024,Spring
3660,3661,2360,Payment,936.63,10/4/2024,Fall
3661,3662,3141,Transfer,7586.66,8/2/2024,Summer
3662,3663,4876,Payment,2310.5,6/10/2023,Summer
3663,3664,2360,Transfer,1018.67,4/11/2024,Spring
3664,3665,4325,Deposit,4411.73,7/14/2022,Summer
3665,3666,3540,Transfer,88.92,6/18/2022,Summer
3666,3667,4873,Deposit,5142.31,8/1/2022,Summer
3667,3668,541,Payment,1306.54,11/8/2022,Fall
3668,3669,1400,Transfer,1614.97,9/4/2023,Fall
3669,3670,136,Deposit,9443.07,9/4/2024,Fall
3670,3671,3766,Deposit,2009.95,11/2/2024,Fall
3671,3672,4566,Withdrawal,3836.85,11/21/2023,Fall
3672,3673,4441,Payment,5165.2,11/15/2024,Fall
3673,3674,3983,Deposit,2243.09,7/11/2024,Summer
3674,3675,4590,Withdrawal,2378.42,10/26/2022,Fall
3675,3676,4061,Transfer,8779.08,5/25/2022,Spring
3676,3677,4800,Payment,2944.55,9/28/2022,Fall
3677,3678,2087,Payment,749.43,6/17/2023,Summer
3678,3679,1604,Deposit,6041.14,2/28/2024,Winter
3679,3680,1427,Payment,9326.12,10/29/2024,Fall
3680,3681,2036,Deposit,4946.76,8/12/2022,Summer
3681,3682,3436,Deposit,9862.2,12/23/2023,Winter
3682,3683,3335,Transfer,7593.31,8/10/2024,Summer
3683,3684,941,Payment,5295.57,8/15/2022,Summer
3684,3685,1641,Withdrawal,1912.38,4/30/2025,Spring
3685,3686,525,Deposit,6740.58,8/6/2023,Summer
3686,3687,1267,Withdrawal,8773.65,9/28/2023,Fall
3687,3688,2377,Withdrawal,3229.39,2/23/2025,Winter
3688,3689,2617,Payment,9547.68,5/22/2024,Spring
3689,3690,4067,Deposit,9371.85,10/25/2022,Fall
3690,3691,2140,Transfer,5670.59,11/1/2022,Fall
3691,3692,479,Withdrawal,1954.16,12/29/2023,Winter
3692,3693,1738,Transfer,311.01,1/4/2025,Winter
3693,3694,4723,Deposit,3081.21,12/8/2022,Winter
3694,3695,3674,Payment,8218.77,12/21/2022,Winter
3695,3696,2466,Payment,6523.53,5/19/2022,Spring
3696,3697,1770,Payment,8736.28,11/9/2022,Fall
3697,3698,338,Deposit,9338.15,3/3/2023,Spring
3698,3699,2716,Payment,3059.86,7/19/2023,Summer
3699,3700,2349,Deposit,9538.72,5/29/2022,Spring
3700,3701,2812,Payment,4575.27,2/24/2023,Winter
3701,3702,1395,Transfer,3268.12,11/14/2022,Fall
3702,3703,1907,Payment,8764.64,4/22/2023,Spring
3703,3704,2528,Transfer,6195.9,4/28/2024,Spring
3704,3705,2919,Deposit,6779.18,5/5/2023,Spring
3705,3706,4622,Payment,371.35,3/15/2024,Spring
3706,3707,4430,Withdrawal,9235.02,9/3/2023,Fall
3707,3708,3938,Deposit,5033.7,9/6/2022,Fall
3708,3709,1526,Payment,5310.84,4/11/2025,Spring
3709,3710,3072,Payment,5234.37,5/18/2022,Spring
3710,3711,1437,Withdrawal,6260.62,6/21/2023,Summer
3711,3712,3195,Deposit,5140.96,3/13/2023,Spring
3712,3713,4784,Deposit,3320.18,7/29/2022,Summer
3713,3714,1478,Transfer,8183.49,11/4/2023,Fall
3714,3715,4015,Payment,4351.6,1/17/2025,Winter
3715,3716,3523,Transfer,6761.83,10/26/2023,Fall
3716,3717,1486,Transfer,1547.88,8/8/2024,Summer
3717,3718,332,Deposit,9144.07,8/27/2023,Summer
3718,3719,3473,Payment,3316.91,6/17/2022,Summer
3719,3720,3744,Withdrawal,22.23,10/22/2023,Fall
3720,3721,1617,Payment,9808.78,1/27/2023,Winter
3721,3722,1665,Transfer,6387.77,2/26/2025,Winter
3722,3723,283,Payment,6634.91,12/21/2023,Winter
3723,3724,2918,Deposit,3692.58,5/13/2023,Spring
3724,3725,714,Transfer,5123.62,5/5/2025,Spring
3725,3726,4123,Withdrawal,8727.02,12/19/2024,Winter
3726,3727,312,Withdrawal,5236.86,5/5/2023,Spring
3727,3728,1493,Withdrawal,2352.86,2/15/2025,Winter
3728,3729,400,Payment,1515.48,9/8/2024,Fall
3729,3730,828,Withdrawal,4411.14,9/4/2022,Fall
3730,3731,1788,Transfer,8620.78,7/24/2023,Summer
3731,3732,379,Deposit,1436.14,7/21/2023,Summer
3732,3733,1320,Deposit,5895.48,7/3/2022,Summer
3733,3734,4953,Payment,185.79,4/20/2024,Spring
3734,3735,1135,Deposit,4095.8,1/30/2025,Winter
3735,3736,1674,Transfer,5243.75,4/10/2025,Spring
3736,3737,3550,Transfer,1974.64,2/28/2023,Winter
3737,3738,40,Payment,9050.03,7/12/2024,Summer
3738,3739,4558,Withdrawal,7304.89,9/25/2022,Fall
3739,3740,4775,Deposit,5566.28,11/7/2023,Fall
3740,3741,1260,Withdrawal,9856.36,8/19/2023,Summer
3741,3742,3383,Payment,4805.34,12/12/2022,Winter
3742,3743,2697,Deposit,2782.8,11/30/2022,Fall
3743,3744,3722,Withdrawal,9065.73,1/11/2023,Winter
3744,3745,501,Payment,6864.65,10/4/2023,Fall
3745,3746,2250,Transfer,3961.25,5/13/2023,Spring
3746,3747,2463,Withdrawal,8809.39,2/28/2025,Winter
3747,3748,71,Withdrawal,6928.88,11/27/2024,Fall
3748,3749,3464,Payment,4345.3,1/5/2023,Winter
3749,3750,3259,Payment,6107.55,11/23/2022,Fall
3750,3751,4574,Deposit,9515.23,10/4/2024,Fall
3751,3752,2900,Payment,6267.96,9/10/2022,Fall
3752,3753,714,Deposit,3841.43,7/15/2022,Summer
3753,3754,930,Payment,264.41,11/26/2024,Fall
3754,3755,49,Deposit,2660.16,6/22/2024,Summer
3755,3756,2129,Transfer,3781.44,1/16/2024,Winter
3756,3757,1192,Withdrawal,2141,8/2/2023,Summer
3757,3758,795,Deposit,8624.83,12/20/2024,Winter
3758,3759,1049,Transfer,2626.5,10/18/2022,Fall
3759,3760,622,Deposit,2511.29,3/25/2025,Spring
3760,3761,368,Payment,7333.77,6/7/2023,Summer
3761,3762,2565,Deposit,4358.86,3/5/2025,Spring
3762,3763,1135,Transfer,4699.38,5/22/2024,Spring
3763,3764,1337,Withdrawal,9034.41,5/24/2022,Spring
3764,3765,4124,Payment,58.95,11/30/2022,Fall
3765,3766,2270,Transfer,3241.4,2/24/2025,Winter
3766,3767,3257,Deposit,298.62,5/18/2023,Spring
3767,3768,1938,Withdrawal,5751.39,1/23/2023,Winter
3768,3769,4903,Deposit,415.51,8/27/2024,Summer
3769,3770,3546,Payment,9763.05,10/20/2022,Fall
3770,3771,1635,Withdrawal,1686.39,3/14/2023,Spring
3771,3772,3392,Transfer,9166.16,5/20/2022,Spring
3772,3773,3587,Deposit,3100.98,11/11/2023,Fall
3773,3774,4419,Transfer,2022.03,2/1/2025,Winter
3774,3775,1290,Transfer,4683.5,4/1/2023,Spring
3775,3776,583,Payment,898.52,10/17/2022,Fall
3776,3777,4155,Withdrawal,3207.06,12/6/2023,Winter
3777,3778,927,Withdrawal,4708.84,11/7/2024,Fall
3778,3779,1789,Payment,3629.77,10/20/2022,Fall
3779,3780,3738,Deposit,9125.3,3/7/2023,Spring
3780,3781,3701,Payment,5264.49,11/7/2023,Fall
3781,3782,1479,Transfer,178.77,11/17/2024,Fall
3782,3783,4698,Deposit,7880.13,12/13/2023,Winter
3783,3784,633,Payment,5240.55,3/9/2023,Spring
3784,3785,3974,Payment,7543.82,1/6/2025,Winter
3785,3786,2612,Withdrawal,5107.56,3/22/2025,Spring
3786,3787,4607,Withdrawal,8559.01,2/21/2025,Winter
3787,3788,4363,Payment,3288.61,7/4/2022,Summer
3788,3789,2492,Payment,1749.53,5/7/2025,Spring
3789,3790,4332,Payment,8909.18,8/11/2024,Summer
3790,3791,1516,Deposit,982.98,7/28/2022,Summer
3791,3792,1090,Deposit,1896.03,1/30/2023,Winter
3792,3793,4324,Deposit,4386.39,1/5/2025,Winter
3793,3794,1248,Deposit,6421.46,2/10/2024,Winter
3794,3795,2582,Deposit,7830.33,6/5/2023,Summer
3795,3796,763,Withdrawal,6990.97,2/14/2024,Winter
3796,3797,4045,Payment,2267.24,9/8/2023,Fall
3797,3798,166,Payment,6291.84,8/28/2024,Summer
3798,3799,2809,Transfer,6960.54,6/8/2022,Summer
3799,3800,1326,Payment,8273.89,2/12/2023,Winter
3800,3801,2132,Payment,7478.88,4/29/2024,Spring
3801,3802,1071,Withdrawal,6643.41,4/19/2023,Spring
3802,3803,1653,Withdrawal,3808.14,6/23/2023,Summer
3803,3804,3741,Transfer,9796.05,2/5/2025,Winter
3804,3805,2830,Payment,7596.16,11/8/2023,Fall
3805,3806,1529,Transfer,6117.6,8/19/2024,Summer
3806,3807,950,Withdrawal,3866.57,1/12/2024,Winter
3807,3808,2149,Transfer,2599.64,12/4/2024,Winter
3808,3809,3050,Payment,7499.1,12/23/2023,Winter
3809,3810,2644,Deposit,4433.37,4/3/2025,Spring
3810,3811,2266,Withdrawal,2038.8,4/18/2025,Spring
3811,3812,4686,Deposit,7930.24,10/18/2024,Fall
3812,3813,4050,Transfer,1006.92,11/18/2024,Fall
3813,3814,1776,Deposit,3573.72,4/14/2025,Spring
3814,3815,4579,Withdrawal,6525.27,9/30/2024,Fall
3815,3816,3538,Payment,3199.71,6/4/2022,Summer
3816,3817,4169,Deposit,7852.04,9/30/2023,Fall
3817,3818,1256,Transfer,5054.78,5/30/2022,Spring
3818,3819,3716,Deposit,634.7,1/16/2023,Winter
3819,3820,2449,Payment,523.17,9/18/2022,Fall
3820,3821,2074,Transfer,4503.9,10/9/2024,Fall
3821,3822,601,Deposit,7734.83,1/5/2024,Winter
3822,3823,20,Withdrawal,488.89,9/23/2023,Fall
3823,3824,1841,Payment,3005.78,6/17/2022,Summer
3824,3825,3552,Withdrawal,3197.77,6/29/2023,Summer
3825,3826,2684,Transfer,2260.3,3/5/2024,Spring
3826,3827,3493,Payment,2350.08,1/22/2025,Winter
3827,3828,847,Deposit,9234.83,9/16/2024,Fall
3828,3829,219,Deposit,4824.45,4/15/2023,Spring
3829,3830,439,Transfer,4804.56,12/18/2023,Winter
3830,3831,305,Deposit,9466.28,6/25/2024,Summer
3831,3832,2154,Deposit,5139.15,4/11/2023,Spring
3832,3833,1676,Transfer,6427.18,1/22/2025,Winter
3833,3834,2016,Payment,3340.72,5/2/2025,Spring
3834,3835,1381,Payment,704.2,5/30/2023,Spring
3835,3836,370,Withdrawal,4161.82,8/6/2024,Summer
3836,3837,3181,Payment,5544.92,12/5/2024,Winter
3837,3838,4942,Payment,7428.06,11/20/2022,Fall
3838,3839,206,Withdrawal,6352.8,7/23/2023,Summer
3839,3840,2316,Deposit,7087.24,7/19/2023,Summer
3840,3841,533,Transfer,7587.08,8/4/2023,Summer
3841,3842,4755,Deposit,1323.43,11/12/2022,Fall
3842,3843,81,Transfer,6488.05,12/25/2024,Winter
3843,3844,244,Withdrawal,5110.89,10/26/2024,Fall
3844,3845,1691,Withdrawal,930.46,6/27/2022,Summer
3845,3846,2775,Payment,3305.85,3/29/2025,Spring
3846,3847,2492,Deposit,9082.14,10/21/2024,Fall
3847,3848,2802,Payment,9103.58,3/22/2023,Spring
3848,3849,3998,Transfer,6885.11,1/31/2024,Winter
3849,3850,74,Payment,656.62,2/20/2025,Winter
3850,3851,1109,Transfer,2688.47,10/1/2023,Fall
3851,3852,605,Deposit,9980.13,3/28/2024,Spring
3852,3853,2806,Deposit,8471.65,12/20/2022,Winter
3853,3854,1160,Deposit,1854.95,7/1/2022,Summer
3854,3855,2433,Deposit,8772.38,4/12/2025,Spring
3855,3856,2269,Withdrawal,689.11,7/15/2024,Summer
3856,3857,4581,Deposit,9633.79,7/21/2024,Summer
3857,3858,2241,Payment,4903.91,4/23/2024,Spring
3858,3859,359,Transfer,2250.67,4/29/2024,Spring
3859,3860,3061,Withdrawal,9651.55,11/29/2024,Fall
3860,3861,2111,Transfer,7426.53,12/5/2022,Winter
3861,3862,4758,Payment,2684.92,1/17/2023,Winter
3862,3863,1766,Deposit,6517.63,2/28/2025,Winter
3863,3864,2803,Deposit,5372.64,4/14/2025,Spring
3864,3865,1823,Withdrawal,4912.34,5/4/2023,Spring
3865,3866,2274,Transfer,132.39,1/11/2023,Winter
3866,3867,2240,Deposit,7494.27,4/3/2023,Spring
3867,3868,2392,Transfer,7292.88,11/10/2023,Fall
3868,3869,2567,Deposit,294.74,1/8/2023,Winter
3869,3870,3290,Payment,4444.36,7/26/2024,Summer
3870,3871,1289,Deposit,5275.15,12/29/2024,Winter
3871,3872,2972,Withdrawal,2969.18,5/12/2022,Spring
3872,3873,3306,Deposit,6321.33,7/18/2022,Summer
3873,3874,332,Transfer,6505.22,10/4/2024,Fall
3874,3875,1092,Deposit,2504.24,9/18/2024,Fall
3875,3876,699,Deposit,1702.44,1/1/2023,Winter
3876,3877,3036,Withdrawal,3884.23,8/24/2023,Summer
3877,3878,175,Payment,2094.19,4/26/2023,Spring
3878,3879,4644,Payment,8850.23,4/14/2024,Spring
3879,3880,3262,Payment,4153.11,10/13/2024,Fall
3880,3881,3083,Deposit,657.23,12/1/2022,Winter
3881,3882,1749,Withdrawal,7649.99,12/4/2023,Winter
3882,3883,1565,Withdrawal,9442.55,8/28/2023,Summer
3883,3884,695,Deposit,5153.31,10/1/2023,Fall
3884,3885,4626,Withdrawal,1587.03,12/14/2024,Winter
3885,3886,130,Deposit,8845.66,1/18/2024,Winter
3886,3887,2477,Withdrawal,4274.33,3/19/2024,Spring
3887,3888,2503,Payment,2113.43,8/15/2022,Summer
3888,3889,269,Payment,480.05,7/15/2023,Summer
3889,3890,2292,Withdrawal,138.37,4/30/2024,Spring
3890,3891,1363,Transfer,6638.93,7/16/2024,Summer
3891,3892,1121,Payment,6051.82,11/1/2023,Fall
3892,3893,2483,Transfer,324.12,4/5/2023,Spring
3893,3894,2532,Withdrawal,5568.07,9/12/2023,Fall
3894,3895,3120,Withdrawal,9948.42,1/21/2025,Winter
3895,3896,4815,Deposit,6618.49,1/25/2023,Winter
3896,3897,2159,Deposit,703.9,4/28/2023,Spring
3897,3898,306,Deposit,7569.93,11/11/2023,Fall
3898,3899,3801,Transfer,7700.43,11/25/2024,Fall
3899,3900,1941,Deposit,2868.5,5/3/2023,Spring
3900,3901,4612,Deposit,8497.9,5/25/2022,Spring
3901,3902,325,Payment,8596.36,9/26/2024,Fall
3902,3903,1189,Payment,7869.45,5/14/2022,Spring
3903,3904,278,Payment,1972.87,9/28/2023,Fall
3904,3905,4863,Withdrawal,6000.99,1/5/2024,Winter
3905,3906,3693,Payment,5029.39,8/8/2023,Summer
3906,3907,1478,Payment,9114.77,4/10/2024,Spring
3907,3908,995,Withdrawal,6969.48,4/24/2024,Spring
3908,3909,2776,Transfer,353.74,2/2/2025,Winter
3909,3910,4567,Payment,4041.85,10/2/2022,Fall
3910,3911,3058,Withdrawal,6719.7,4/25/2025,Spring
3911,3912,943,Transfer,1212.28,7/23/2022,Summer
3912,3913,2144,Deposit,1508.64,9/22/2022,Fall
3913,3914,3259,Withdrawal,9255.23,3/26/2023,Spring
3914,3915,1771,Deposit,1451.36,10/25/2022,Fall
3915,3916,2069,Transfer,4483.94,10/21/2023,Fall
3916,3917,2647,Payment,5181.76,1/4/2025,Winter
3917,3918,1941,Deposit,857.01,2/22/2023,Winter
3918,3919,1649,Transfer,8132.5,6/28/2022,Summer
3919,3920,4125,Transfer,7989.77,4/11/2023,Spring
3920,3921,623,Transfer,5674.23,1/8/2025,Winter
3921,3922,1534,Transfer,3274.97,11/15/2022,Fall
3922,3923,1605,Transfer,7757.86,7/8/2023,Summer
3923,3924,4189,Payment,2433.76,12/2/2024,Winter
3924,3925,4982,Deposit,9965.74,9/8/2022,Fall
3925,3926,2760,Withdrawal,8325.68,12/10/2023,Winter
3926,3927,4238,Withdrawal,9081.06,10/26/2024,Fall
3927,3928,3567,Withdrawal,1748.57,6/5/2024,Summer
3928,3929,3064,Payment,1990.48,10/17/2024,Fall
3929,3930,1501,Transfer,4839.3,1/17/2023,Winter
3930,3931,1367,Payment,5930.85,12/16/2022,Winter
3931,3932,272,Withdrawal,4177.58,3/21/2024,Spring
3932,3933,3507,Payment,4956.32,4/19/2023,Spring
3933,3934,624,Deposit,6305.08,12/12/2022,Winter
3934,3935,4930,Deposit,3972.42,11/3/2024,Fall
3935,3936,2935,Payment,6142.09,10/11/2023,Fall
3936,3937,2708,Deposit,1116.54,4/14/2024,Spring
3937,3938,1587,Transfer,2276.78,4/29/2023,Spring
3938,3939,2097,Withdrawal,2847.96,8/5/2024,Summer
3939,3940,4805,Transfer,2283.26,1/18/2024,Winter
3940,3941,2048,Transfer,3792.32,11/8/2024,Fall
3941,3942,441,Transfer,9074.69,8/9/2022,Summer
3942,3943,969,Transfer,3086.77,10/13/2024,Fall
3943,3944,4554,Payment,7546.7,2/16/2024,Winter
3944,3945,4458,Transfer,5269.1,9/29/2023,Fall
3945,3946,1220,Transfer,3834.23,9/22/2022,Fall
3946,3947,4395,Deposit,7869.78,12/29/2024,Winter
3947,3948,2261,Deposit,3948.28,11/21/2023,Fall
3948,3949,2659,Withdrawal,4893.56,12/12/2023,Winter
3949,3950,175,Transfer,3732.17,12/7/2023,Winter
3950,3951,796,Withdrawal,8750.68,1/6/2023,Winter
3951,3952,187,Deposit,9306.44,9/26/2023,Fall
3952,3953,2670,Deposit,1428.32,6/20/2024,Summer
3953,3954,3279,Deposit,4236.73,10/19/2024,Fall
3954,3955,4914,Payment,4005.48,4/2/2023,Spring
3955,3956,225,Transfer,2813.76,8/16/2022,Summer
3956,3957,2418,Withdrawal,6537.06,10/2/2022,Fall
3957,3958,2884,Transfer,682.43,4/3/2025,Spring
3958,3959,2673,Transfer,2223.23,2/25/2024,Winter
3959,3960,594,Payment,9786.09,6/1/2024,Summer
3960,3961,1698,Transfer,9553.21,12/11/2022,Winter
3961,3962,1875,Payment,4775.02,4/4/2025,Spring
3962,3963,2179,Withdrawal,3368.12,5/11/2024,Spring
3963,3964,2410,Deposit,8627.89,11/3/2024,Fall
3964,3965,2521,Payment,6019.66,8/10/2024,Summer
3965,3966,4671,Deposit,6498.24,3/18/2024,Spring
3966,3967,3459,Withdrawal,8561.12,2/1/2025,Winter
3967,3968,2076,Payment,9157.97,1/14/2025,Winter
3968,3969,2282,Payment,2975.15,2/8/2023,Winter
3969,3970,4019,Transfer,3873.71,2/23/2023,Winter
3970,3971,384,Withdrawal,4744.55,6/5/2023,Summer
3971,3972,68,Transfer,933.04,3/22/2024,Spring
3972,3973,4650,Transfer,2665.3,8/16/2022,Summer
3973,3974,4085,Transfer,7501.9,1/30/2023,Winter
3974,3975,1486,Withdrawal,7499.16,2/5/2024,Winter
3975,3976,4132,Transfer,3156.34,10/25/2023,Fall
3976,3977,1578,Withdrawal,58.67,4/8/2025,Spring
3977,3978,4030,Withdrawal,7873.01,2/18/2024,Winter
3978,3979,4523,Payment,6788.96,1/16/2023,Winter
3979,3980,503,Payment,5273.58,7/27/2024,Summer
3980,3981,4015,Transfer,8427.3,12/27/2022,Winter
3981,3982,153,Withdrawal,8767.29,5/27/2024,Spring
3982,3983,3796,Transfer,7287.89,9/12/2023,Fall
3983,3984,1776,Deposit,925.1,8/6/2022,Summer
3984,3985,1188,Payment,1786.39,4/22/2023,Spring
3985,3986,3020,Withdrawal,4624.37,7/31/2023,Summer
3986,3987,464,Payment,4532.56,5/13/2024,Spring
3987,3988,1792,Withdrawal,1958.14,2/26/2024,Winter
3988,3989,1741,Withdrawal,8213.61,9/28/2022,Fall
3989,3990,1022,Transfer,757.48,3/27/2025,Spring
3990,3991,4641,Withdrawal,1823.87,10/24/2023,Fall
3991,3992,1887,Payment,5135.74,6/17/2024,Summer
3992,3993,2774,Payment,832.85,10/3/2024,Fall
3993,3994,369,Deposit,8251.8,1/15/2024,Winter
3994,3995,4044,Withdrawal,4650.77,6/14/2024,Summer
3995,3996,4725,Deposit,763.58,8/9/2022,Summer
3996,3997,2027,Transfer,6584.49,5/5/2025,Spring
3997,3998,3579,Payment,3686.05,5/16/2023,Spring
3998,3999,3806,Withdrawal,8040.25,5/16/2024,Spring
3999,4000,1893,Transfer,4305.78,9/29/2022,Fall
4000,4001,2674,Withdrawal,8233.97,5/26/2022,Spring
4001,4002,3457,Transfer,6204.14,4/15/2024,Spring
4002,4003,2799,Transfer,9955.34,9/19/2023,Fall
4003,4004,927,Deposit,999.92,2/14/2024,Winter
4004,4005,4451,Transfer,834.41,3/2/2024,Spring
4005,4006,1867,Transfer,2649.6,6/21/2024,Summer
4006,4007,459,Transfer,3816.05,9/22/2022,Fall
4007,4008,1683,Withdrawal,4880.55,2/12/2025,Winter
4008,4009,101,Deposit,7663.63,9/30/2022,Fall
4009,4010,4585,Withdrawal,9794.2,7/30/2023,Summer
4010,4011,62,Withdrawal,3622.7,10/15/2023,Fall
4011,4012,4791,Withdrawal,1533.75,3/17/2025,Spring
4012,4013,3202,Transfer,8796.69,9/25/2023,Fall
4013,4014,4602,Transfer,1585.51,9/30/2023,Fall
4014,4015,1177,Payment,1656.89,10/5/2024,Fall
4015,4016,4333,Withdrawal,4213.07,9/14/2022,Fall
4016,4017,778,Deposit,7009.39,1/7/2025,Winter
4017,4018,2112,Payment,9362.39,2/21/2024,Winter
4018,4019,1442,Withdrawal,4381.1,8/19/2024,Summer
4019,4020,2954,Transfer,5537.46,7/30/2023,Summer
4020,4021,1508,Payment,6665.53,4/24/2025,Spring
4021,4022,3233,Payment,3677.31,5/20/2024,Spring
4022,4023,2251,Deposit,1506.88,7/22/2022,Summer
4023,4024,3229,Payment,178.99,12/16/2022,Winter
4024,4025,361,Payment,1777.2,7/18/2024,Summer
4025,4026,2646,Withdrawal,3072.66,3/8/2025,Spring
4026,4027,2320,Payment,2014.37,3/4/2023,Spring
4027,4028,3605,Withdrawal,5005.21,11/1/2024,Fall
4028,4029,4843,Deposit,1897.95,8/6/2022,Summer
4029,4030,832,Deposit,5796.91,3/17/2024,Spring
4030,4031,2814,Transfer,8933.69,6/4/2024,Summer
4031,4032,4440,Deposit,741.14,2/15/2024,Winter
4032,4033,2039,Withdrawal,9341.57,7/21/2023,Summer
4033,4034,3095,Transfer,1620.42,11/7/2022,Fall
4034,4035,2475,Payment,8475.64,3/24/2025,Spring
4035,4036,3210,Withdrawal,264.85,12/16/2024,Winter
4036,4037,2386,Withdrawal,3598.95,7/31/2023,Summer
4037,4038,775,Withdrawal,8866.99,11/6/2024,Fall
4038,4039,2541,Payment,435.94,3/31/2023,Spring
4039,4040,68,Deposit,1027.07,10/21/2023,Fall
4040,4041,2446,Withdrawal,5504.49,10/26/2022,Fall
4041,4042,3937,Payment,7207.91,12/1/2022,Winter
4042,4043,3712,Deposit,1169.03,9/5/2024,Fall
4043,4044,1142,Withdrawal,4629.53,7/28/2023,Summer
4044,4045,1344,Deposit,2236.79,6/14/2022,Summer
4045,4046,3084,Deposit,7516.03,1/9/2025,Winter
4046,4047,3596,Payment,5962.09,5/29/2022,Spring
4047,4048,830,Deposit,8526.13,4/6/2025,Spring
4048,4049,2640,Withdrawal,8885.01,10/25/2023,Fall
4049,4050,2701,Withdrawal,4166.73,11/23/2023,Fall
4050,4051,1955,Payment,770.03,1/20/2025,Winter
4051,4052,1721,Transfer,4382.6,4/14/2023,Spring
4052,4053,4148,Withdrawal,765.73,6/29/2022,Summer
4053,4054,2578,Payment,8448.47,8/13/2024,Summer
4054,4055,4149,Transfer,2214.56,3/16/2023,Spring
4055,4056,858,Transfer,4451.61,9/30/2022,Fall
4056,4057,3334,Withdrawal,8552,2/24/2024,Winter
4057,4058,1477,Withdrawal,4342.51,10/29/2023,Fall
4058,4059,3083,Deposit,7340.46,10/18/2023,Fall
4059,4060,1210,Transfer,9027.46,12/28/2024,Winter
4060,4061,2041,Transfer,7967.55,12/16/2023,Winter
4061,4062,1882,Withdrawal,6910.16,10/10/2022,Fall
4062,4063,4979,Transfer,1536.92,10/7/2023,Fall
4063,4064,3527,Withdrawal,6054.17,2/25/2023,Winter
4064,4065,1983,Withdrawal,1326.38,6/14/2024,Summer
4065,4066,902,Deposit,9466.24,2/6/2024,Winter
4066,4067,2249,Withdrawal,7644.23,1/11/2024,Winter
4067,4068,730,Deposit,801.19,5/23/2024,Spring
4068,4069,635,Transfer,9147.61,9/14/2022,Fall
4069,4070,1607,Payment,6537.95,1/12/2025,Winter
4070,4071,1366,Payment,277.62,4/7/2023,Spring
4071,4072,2309,Payment,9610.71,10/27/2023,Fall
4072,4073,1401,Withdrawal,8985.69,1/30/2024,Winter
4073,4074,4729,Transfer,1718.43,10/13/2022,Fall
4074,4075,75,Transfer,3806.32,12/15/2022,Winter
4075,4076,2309,Payment,4653.86,4/16/2025,Spring
4076,4077,4906,Transfer,3147.89,8/27/2024,Summer
4077,4078,2053,Transfer,4588.31,9/25/2023,Fall
4078,4079,4600,Transfer,3279.03,1/15/2023,Winter
4079,4080,1861,Withdrawal,2662.21,8/8/2024,Summer
4080,4081,3844,Deposit,3457.05,2/11/2023,Winter
4081,4082,3910,Payment,1442.56,5/12/2022,Spring
4082,4083,1427,Deposit,9049.2,11/14/2024,Fall
4083,4084,4761,Payment,5453.21,12/31/2023,Winter
4084,4085,2860,Payment,7196.3,5/15/2023,Spring
4085,4086,1788,Deposit,5835.43,4/22/2025,Spring
4086,4087,1290,Deposit,1487.93,7/6/2023,Summer
4087,4088,3332,Transfer,7516.74,12/9/2022,Winter
4088,4089,3358,Payment,9350.41,8/25/2023,Summer
4089,4090,726,Payment,3066.25,10/27/2023,Fall
4090,4091,834,Deposit,3616.2,8/2/2022,Summer
4091,4092,636,Transfer,7098.84,8/11/2024,Summer
4092,4093,3489,Withdrawal,9223.11,1/8/2025,Winter
4093,4094,4043,Withdrawal,7309.52,4/12/2023,Spring
4094,4095,1095,Transfer,6165.01,2/1/2024,Winter
4095,4096,4243,Payment,3376.81,5/18/2023,Spring
4096,4097,567,Payment,1869.01,11/28/2024,Fall
4097,4098,1078,Payment,6688.5,10/20/2022,Fall
4098,4099,816,Transfer,2041,3/30/2024,Spring
4099,4100,3899,Deposit,6410.88,5/13/2022,Spring
4100,4101,1963,Deposit,5726.3,5/10/2023,Spring
4101,4102,2211,Deposit,224.8,7/25/2024,Summer
4102,4103,351,Payment,4981.21,11/25/2023,Fall
4103,4104,2901,Deposit,7325.15,1/15/2025,Winter
4104,4105,457,Deposit,2125.1,5/19/2023,Spring
4105,4106,705,Payment,1338.72,3/16/2023,Spring
4106,4107,4407,Withdrawal,7609.65,1/23/2025,Winter
4107,4108,3777,Withdrawal,2754.58,8/26/2023,Summer
4108,4109,844,Payment,3958.98,3/16/2025,Spring
4109,4110,2626,Deposit,7457.2,3/22/2025,Spring
4110,4111,4746,Withdrawal,277.14,10/25/2022,Fall
4111,4112,1607,Payment,3744.66,5/3/2025,Spring
4112,4113,1339,Withdrawal,4164.37,11/8/2023,Fall
4113,4114,201,Transfer,1521.51,10/21/2024,Fall
4114,4115,1305,Withdrawal,1682.93,2/17/2023,Winter
4115,4116,1885,Withdrawal,5024.04,10/1/2024,Fall
4116,4117,4673,Withdrawal,7016.16,5/15/2024,Spring
4117,4118,3373,Deposit,4352.22,8/12/2023,Summer
4118,4119,3286,Payment,3159.51,11/18/2022,Fall
4119,4120,1538,Payment,6085.63,9/6/2023,Fall
4120,4121,4978,Withdrawal,5905.52,5/25/2022,Spring
4121,4122,3927,Deposit,6493.96,9/25/2023,Fall
4122,4123,1352,Deposit,9867.74,10/27/2022,Fall
4123,4124,1432,Payment,4299.22,6/2/2024,Summer
4124,4125,3157,Payment,1625.32,10/11/2023,Fall
4125,4126,2574,Withdrawal,3697.24,7/20/2022,Summer
4126,4127,2594,Deposit,901.92,5/17/2022,Spring
4127,4128,4603,Transfer,5318.66,3/9/2025,Spring
4128,4129,821,Deposit,9223.23,6/21/2023,Summer
4129,4130,3343,Withdrawal,4798.45,3/9/2024,Spring
4130,4131,4498,Withdrawal,6224.14,1/8/2024,Winter
4131,4132,4910,Deposit,6954.44,11/27/2023,Fall
4132,4133,1305,Withdrawal,3744.16,2/26/2023,Winter
4133,4134,1820,Payment,1535.1,5/8/2024,Spring
4134,4135,3676,Deposit,3229.94,4/29/2024,Spring
4135,4136,550,Transfer,7183.87,1/12/2023,Winter
4136,4137,3797,Transfer,18.76,6/23/2023,Summer
4137,4138,3243,Payment,9810.21,10/10/2022,Fall
4138,4139,1980,Transfer,189.27,8/19/2023,Summer
4139,4140,996,Payment,4022.93,4/5/2023,Spring
4140,4141,2867,Deposit,8568.95,2/15/2024,Winter
4141,4142,1181,Deposit,7249.84,8/15/2022,Summer
4142,4143,2773,Withdrawal,6290.51,6/12/2023,Summer
4143,4144,741,Deposit,9711.8,2/7/2024,Winter
4144,4145,390,Transfer,6597.67,12/30/2023,Winter
4145,4146,40,Payment,1774.35,9/26/2023,Fall
4146,4147,417,Payment,2440.72,7/13/2023,Summer
4147,4148,3875,Transfer,7737.72,6/24/2023,Summer
4148,4149,4205,Transfer,1128.21,9/14/2022,Fall
4149,4150,1035,Transfer,4956.37,10/25/2022,Fall
4150,4151,1297,Transfer,5384.19,8/10/2022,Summer
4151,4152,1482,Payment,2295.03,12/23/2024,Winter
4152,4153,3209,Withdrawal,3670.82,9/26/2024,Fall
4153,4154,2756,Payment,6327.05,6/11/2023,Summer
4154,4155,4421,Deposit,7437.66,2/16/2024,Winter
4155,4156,2343,Deposit,2123.38,1/9/2023,Winter
4156,4157,4334,Payment,7763.19,1/9/2023,Winter
4157,4158,1093,Deposit,2363.21,11/20/2024,Fall
4158,4159,1996,Withdrawal,7443.75,8/9/2023,Summer
4159,4160,837,Deposit,8685.48,12/16/2022,Winter
4160,4161,1045,Transfer,9306.94,5/8/2025,Spring
4161,4162,4493,Deposit,9666.25,5/28/2022,Spring
4162,4163,52,Deposit,5736.46,12/1/2022,Winter
4163,4164,930,Transfer,7817,7/21/2024,Summer
4164,4165,2259,Payment,7279.99,5/22/2023,Spring
4165,4166,2814,Deposit,6958.75,10/28/2022,Fall
4166,4167,842,Withdrawal,3850.08,2/27/2024,Winter
4167,4168,133,Deposit,2153.49,7/12/2022,Summer
4168,4169,1643,Deposit,748.52,2/3/2023,Winter
4169,4170,650,Deposit,5550.56,7/14/2022,Summer
4170,4171,2189,Deposit,8008.07,12/25/2023,Winter
4171,4172,693,Withdrawal,9246.57,2/9/2024,Winter
4172,4173,2142,Withdrawal,5592.72,10/12/2023,Fall
4173,4174,4148,Payment,5529.18,9/15/2023,Fall
4174,4175,3684,Deposit,1842.19,5/25/2023,Spring
4175,4176,714,Payment,4444.19,9/5/2024,Fall
4176,4177,1209,Payment,8877.35,9/18/2022,Fall
4177,4178,4599,Withdrawal,532.85,4/23/2025,Spring
4178,4179,3812,Withdrawal,8983.96,3/10/2023,Spring
4179,4180,2788,Payment,4406.04,2/28/2023,Winter
4180,4181,778,Transfer,5952.94,1/30/2024,Winter
4181,4182,2541,Deposit,1412.27,4/10/2025,Spring
4182,4183,4699,Withdrawal,9901.79,4/29/2023,Spring
4183,4184,2693,Deposit,583.09,8/27/2022,Summer
4184,4185,3673,Deposit,2574.43,3/2/2023,Spring
4185,4186,1478,Withdrawal,4343.5,7/17/2024,Summer
4186,4187,1212,Transfer,1845.09,11/21/2023,Fall
4187,4188,3234,Withdrawal,4249.63,10/8/2022,Fall
4188,4189,4616,Deposit,6003.34,1/11/2023,Winter
4189,4190,3294,Payment,2248.04,10/9/2024,Fall
4190,4191,3905,Payment,685.43,4/8/2024,Spring
4191,4192,2487,Transfer,4093.24,4/29/2024,Spring
4192,4193,1622,Transfer,5774.08,6/15/2023,Summer
4193,4194,848,Payment,1005.89,3/9/2023,Spring
4194,4195,838,Transfer,1394.36,12/10/2022,Winter
4195,4196,1315,Withdrawal,4626.11,6/9/2022,Summer
4196,4197,3461,Payment,1097.24,2/4/2023,Winter
4197,4198,3191,Withdrawal,2880.29,4/16/2023,Spring
4198,4199,641,Withdrawal,3051.31,3/13/2024,Spring
4199,4200,2598,Withdrawal,3234.62,2/25/2025,Winter
4200,4201,2320,Deposit,3796.98,8/7/2023,Summer
4201,4202,1389,Payment,9701.91,8/17/2024,Summer
4202,4203,1199,Payment,9757.04,12/18/2023,Winter
4203,4204,3787,Withdrawal,6998.56,1/28/2023,Winter
4204,4205,461,Payment,9504.35,3/24/2025,Spring
4205,4206,502,Payment,1553.06,5/18/2023,Spring
4206,4207,2780,Deposit,8651.31,3/14/2023,Spring
4207,4208,3823,Withdrawal,504.18,8/11/2022,Summer
4208,4209,4104,Transfer,4991.42,12/12/2022,Winter
4209,4210,2117,Withdrawal,3356.22,6/7/2024,Summer
4210,4211,1473,Transfer,8952.54,7/7/2024,Summer
4211,4212,2007,Deposit,7899.99,4/25/2024,Spring
4212,4213,3,Deposit,3956.75,5/14/2023,Spring
4213,4214,3825,Payment,3146.55,12/19/2023,Winter
4214,4215,300,Transfer,9015.76,12/16/2022,Winter
4215,4216,3599,Transfer,2634.59,11/27/2024,Fall
4216,4217,920,Payment,6591.27,5/1/2023,Spring
4217,4218,3028,Transfer,415.28,7/21/2023,Summer
4218,4219,348,Deposit,1265.88,7/13/2022,Summer
4219,4220,2372,Deposit,3158.58,4/24/2023,Spring
4220,4221,2608,Payment,9075.82,5/9/2025,Spring
4221,4222,2806,Deposit,736.91,2/21/2024,Winter
4222,4223,3053,Withdrawal,9227.65,9/28/2022,Fall
4223,4224,4125,Withdrawal,8486.8,1/23/2023,Winter
4224,4225,3417,Transfer,9409.15,4/22/2024,Spring
4225,4226,1264,Withdrawal,6034.1,9/17/2024,Fall
4226,4227,3059,Deposit,8879.97,8/24/2023,Summer
4227,4228,71,Transfer,9345,7/19/2023,Summer
4228,4229,4822,Transfer,2483.1,8/24/2022,Summer
4229,4230,3157,Transfer,1270.31,8/9/2023,Summer
4230,4231,2339,Payment,3296.11,10/9/2024,Fall
4231,4232,947,Withdrawal,6159.89,11/18/2023,Fall
4232,4233,79,Deposit,1994.46,6/16/2024,Summer
4233,4234,994,Deposit,5848.02,5/4/2025,Spring
4234,4235,3419,Payment,8546.24,2/11/2025,Winter
4235,4236,3602,Transfer,9026.66,3/23/2024,Spring
4236,4237,2306,Transfer,6635.19,11/10/2022,Fall
4237,4238,2299,Payment,902.46,7/20/2024,Summer
4238,4239,2487,Deposit,2651.06,2/10/2023,Winter
4239,4240,83,Transfer,442.91,9/23/2022,Fall
4240,4241,1875,Deposit,6914.65,12/17/2022,Winter
4241,4242,3483,Transfer,3693.38,2/3/2025,Winter
4242,4243,229,Withdrawal,3124.72,10/11/2024,Fall
4243,4244,3549,Transfer,4031.84,9/22/2024,Fall
4244,4245,4340,Withdrawal,4353.68,8/14/2023,Summer
4245,4246,3190,Transfer,5770.08,4/5/2025,Spring
4246,4247,3674,Transfer,5509.15,6/11/2023,Summer
4247,4248,4769,Withdrawal,2043.17,5/25/2024,Spring
4248,4249,1418,Deposit,7878.52,7/20/2024,Summer
4249,4250,160,Deposit,5311.49,4/22/2025,Spring
4250,4251,2450,Payment,221.8,5/25/2024,Spring
4251,4252,506,Transfer,6562.87,1/1/2023,Winter
4252,4253,3466,Payment,7525.34,4/30/2024,Spring
4253,4254,4479,Withdrawal,3466.28,3/22/2023,Spring
4254,4255,4061,Payment,1672.65,9/18/2023,Fall
4255,4256,3793,Deposit,1876.18,8/5/2022,Summer
4256,4257,4468,Deposit,8730.58,4/11/2023,Spring
4257,4258,4092,Deposit,4856.01,11/19/2024,Fall
4258,4259,1065,Transfer,7873.28,6/5/2022,Summer
4259,4260,1507,Payment,6299.46,10/25/2023,Fall
4260,4261,4032,Deposit,4408.17,10/8/2022,Fall
4261,4262,1468,Transfer,2761.59,3/26/2024,Spring
4262,4263,4488,Deposit,7834.18,4/4/2023,Spring
4263,4264,3201,Payment,4102.13,5/19/2024,Spring
4264,4265,2969,Payment,5828,8/1/2022,Summer
4265,4266,833,Deposit,7874.48,3/8/2025,Spring
4266,4267,456,Payment,6824.72,6/28/2024,Summer
4267,4268,1617,Payment,205.69,5/9/2025,Spring
4268,4269,3191,Transfer,4952.3,11/29/2022,Fall
4269,4270,3340,Payment,7610.3,7/2/2024,Summer
4270,4271,1341,Deposit,5087.74,8/31/2022,Summer
4271,4272,4978,Payment,839.23,9/6/2024,Fall
4272,4273,2668,Payment,2142.04,1/1/2024,Winter
4273,4274,4154,Transfer,8251.99,10/9/2023,Fall
4274,4275,2967,Deposit,895.7,12/4/2022,Winter
4275,4276,877,Transfer,7815.27,7/21/2023,Summer
4276,4277,3602,Deposit,2920.56,3/9/2025,Spring
4277,4278,1365,Deposit,2361.6,12/30/2023,Winter
4278,4279,1875,Withdrawal,4025.63,6/1/2024,Summer
4279,4280,407,Transfer,4473.56,12/25/2022,Winter
4280,4281,3527,Payment,6643.42,11/5/2023,Fall
4281,4282,3546,Transfer,5976.9,8/1/2022,Summer
4282,4283,1985,Payment,8614.27,3/8/2025,Spring
4283,4284,2540,Payment,867.52,8/2/2022,Summer
4284,4285,2569,Deposit,6550.06,1/7/2023,Winter
4285,4286,4172,Deposit,8621.71,11/1/2024,Fall
4286,4287,131,Payment,6321.42,3/4/2023,Spring
4287,4288,2315,Payment,8041.82,1/21/2023,Winter
4288,4289,3863,Payment,1250.46,11/16/2024,Fall
4289,4290,1182,Payment,6638.85,11/30/2022,Fall
4290,4291,2753,Withdrawal,3710.34,4/7/2025,Spring
4291,4292,4589,Transfer,5737.25,1/21/2025,Winter
4292,4293,4727,Transfer,3221.83,7/24/2024,Summer
4293,4294,4190,Withdrawal,6534.25,1/7/2023,Winter
4294,4295,3714,Withdrawal,5597.3,2/24/2023,Winter
4295,4296,2418,Deposit,4205.28,12/7/2024,Winter
4296,4297,2992,Deposit,2474.31,9/6/2023,Fall
4297,4298,2882,Deposit,9533.84,11/1/2023,Fall
4298,4299,3461,Transfer,788.82,2/24/2024,Winter
4299,4300,2975,Payment,1753.95,7/31/2022,Summer
4300,4301,1971,Payment,7864.32,3/24/2024,Spring
4301,4302,3240,Payment,539.89,8/25/2023,Summer
4302,4303,2011,Deposit,3890.99,9/18/2022,Fall
4303,4304,1322,Deposit,3979.59,11/8/2024,Fall
4304,4305,1651,Payment,7208.31,8/10/2022,Summer
4305,4306,3968,Transfer,4654.73,11/9/2024,Fall
4306,4307,3525,Payment,6388.9,3/7/2023,Spring
4307,4308,3646,Deposit,9323,6/25/2023,Summer
4308,4309,3794,Transfer,79.24,1/18/2025,Winter
4309,4310,4009,Transfer,1088.4,6/15/2022,Summer
4310,4311,1894,Transfer,6726.14,12/27/2023,Winter
4311,4312,4016,Withdrawal,1827.29,1/2/2023,Winter
4312,4313,3803,Transfer,3237.65,8/13/2024,Summer
4313,4314,633,Withdrawal,2048.39,2/14/2024,Winter
4314,4315,1501,Deposit,3471.95,4/15/2023,Spring
4315,4316,4214,Deposit,227.01,10/7/2024,Fall
4316,4317,936,Deposit,2534.13,1/7/2023,Winter
4317,4318,3425,Payment,6496.56,6/18/2024,Summer
4318,4319,2636,Withdrawal,2278.91,11/6/2022,Fall
4319,4320,3122,Deposit,7078.19,2/10/2025,Winter
4320,4321,3183,Payment,1629.35,5/21/2024,Spring
4321,4322,1664,Payment,9474.85,6/24/2022,Summer
4322,4323,1541,Withdrawal,9946.51,2/12/2023,Winter
4323,4324,4079,Deposit,5645.22,2/16/2023,Winter
4324,4325,2332,Transfer,3432.37,11/18/2023,Fall
4325,4326,2863,Transfer,2658.11,6/19/2022,Summer
4326,4327,4416,Withdrawal,9885.68,10/23/2023,Fall
4327,4328,4864,Withdrawal,6135.11,9/30/2022,Fall
4328,4329,1141,Withdrawal,4164.79,10/20/2022,Fall
4329,4330,2252,Transfer,1324.35,9/7/2023,Fall
4330,4331,4064,Transfer,2635.91,6/8/2022,Summer
4331,4332,928,Transfer,6477.6,5/30/2022,Spring
4332,4333,4615,Payment,9440.97,10/3/2023,Fall
4333,4334,428,Withdrawal,8570.19,10/10/2023,Fall
4334,4335,29,Deposit,7763.49,1/9/2023,Winter
4335,4336,1668,Payment,3070.21,8/31/2024,Summer
4336,4337,3791,Payment,990.11,6/11/2024,Summer
4337,4338,4146,Deposit,5279.28,7/8/2023,Summer
4338,4339,1955,Payment,5484.85,8/29/2022,Summer
4339,4340,3743,Transfer,1514.88,2/20/2025,Winter
4340,4341,2387,Transfer,7248.51,5/26/2023,Spring
4341,4342,1802,Payment,6401.8,2/3/2025,Winter
4342,4343,3048,Transfer,7593.03,5/13/2022,Spring
4343,4344,80,Withdrawal,4860.38,2/12/2023,Winter
4344,4345,3855,Deposit,7998.38,6/7/2024,Summer
4345,4346,2563,Withdrawal,6299.25,10/19/2023,Fall
4346,4347,4608,Withdrawal,2137.42,2/3/2024,Winter
4347,4348,1946,Payment,566.19,1/16/2024,Winter
4348,4349,4187,Transfer,2857.19,3/3/2025,Spring
4349,4350,294,Transfer,4994.74,1/24/2023,Winter
4350,4351,1895,Transfer,6812.87,5/2/2025,Spring
4351,4352,460,Transfer,7636.6,11/11/2023,Fall
4352,4353,2460,Transfer,837.66,7/7/2023,Summer
4353,4354,1812,Transfer,2195.11,7/17/2023,Summer
4354,4355,2812,Payment,5039.46,1/24/2023,Winter
4355,4356,1048,Withdrawal,8009.53,10/4/2023,Fall
4356,4357,251,Payment,2616.67,11/17/2023,Fall
4357,4358,2719,Transfer,5395.79,2/5/2025,Winter
4358,4359,3775,Payment,9933.18,11/16/2022,Fall
4359,4360,1806,Deposit,3759.25,10/24/2022,Fall
4360,4361,2715,Deposit,9455.83,12/11/2023,Winter
4361,4362,3262,Payment,3867.4,8/25/2023,Summer
4362,4363,214,Withdrawal,9070.05,8/17/2024,Summer
4363,4364,2804,Withdrawal,3546.02,5/5/2023,Spring
4364,4365,206,Payment,7562.71,4/16/2025,Spring
4365,4366,1749,Withdrawal,2280.27,6/5/2022,Summer
4366,4367,4019,Deposit,4305.55,3/12/2023,Spring
4367,4368,177,Deposit,2834.59,2/22/2023,Winter
4368,4369,2031,Withdrawal,9567.85,5/10/2024,Spring
4369,4370,2049,Deposit,6278.4,9/25/2024,Fall
4370,4371,3143,Withdrawal,5721.24,3/29/2023,Spring
4371,4372,4644,Transfer,4952.54,11/1/2023,Fall
4372,4373,4928,Payment,6956.69,3/5/2024,Spring
4373,4374,3014,Deposit,2718.52,3/15/2023,Spring
4374,4375,3298,Withdrawal,7216.27,5/9/2024,Spring
4375,4376,1578,Withdrawal,392.98,4/7/2023,Spring
4376,4377,1263,Deposit,8571.33,4/22/2024,Spring
4377,4378,2943,Transfer,7070.17,9/12/2023,Fall
4378,4379,2351,Withdrawal,5294.61,2/1/2025,Winter
4379,4380,70,Deposit,5903.95,7/27/2022,Summer
4380,4381,4480,Withdrawal,3481.02,6/11/2022,Summer
4381,4382,3478,Deposit,9571.87,7/7/2023,Summer
4382,4383,4957,Payment,3792.77,3/31/2025,Spring
4383,4384,1862,Withdrawal,377.07,11/2/2022,Fall
4384,4385,270,Withdrawal,1861.5,5/28/2024,Spring
4385,4386,4555,Payment,9589.15,4/27/2023,Spring
4386,4387,3668,Transfer,1388.98,9/16/2023,Fall
4387,4388,3372,Deposit,3716.05,10/15/2022,Fall
4388,4389,1371,Withdrawal,130.28,8/21/2022,Summer
4389,4390,4902,Transfer,4752.86,5/29/2023,Spring
4390,4391,4613,Deposit,5577.58,5/26/2022,Spring
4391,4392,3053,Deposit,9815.49,8/10/2022,Summer
4392,4393,2120,Withdrawal,5265.14,1/21/2025,Winter
4393,4394,4514,Payment,8663.82,6/8/2023,Summer
4394,4395,1341,Payment,5710.62,9/16/2022,Fall
4395,4396,3087,Deposit,970.85,3/29/2025,Spring
4396,4397,1833,Deposit,2992.41,8/29/2023,Summer
4397,4398,3366,Transfer,2003.11,8/29/2023,Summer
4398,4399,2931,Transfer,1101.8,2/17/2025,Winter
4399,4400,765,Deposit,5444.75,7/19/2022,Summer
4400,4401,2483,Deposit,5975.28,9/21/2023,Fall
4401,4402,2710,Payment,7861.3,9/7/2023,Fall
4402,4403,1113,Deposit,4205.85,10/10/2022,Fall
4403,4404,3501,Transfer,406.81,2/5/2023,Winter
4404,4405,551,Withdrawal,793.81,5/19/2022,Spring
4405,4406,1551,Deposit,556.88,2/5/2025,Winter
4406,4407,4593,Withdrawal,3372.18,6/26/2022,Summer
4407,4408,4702,Withdrawal,2647.77,4/10/2023,Spring
4408,4409,3391,Withdrawal,5005.61,6/2/2024,Summer
4409,4410,2397,Deposit,9614.84,2/4/2025,Winter
4410,4411,2062,Deposit,1021.19,3/22/2025,Spring
4411,4412,1068,Payment,984.01,4/17/2025,Spring
4412,4413,471,Payment,3255.37,12/7/2024,Winter
4413,4414,2018,Transfer,8059.74,6/26/2024,Summer
4414,4415,1928,Transfer,883.21,8/20/2022,Summer
4415,4416,3752,Payment,3524.53,3/29/2023,Spring
4416,4417,1688,Transfer,5851.67,3/29/2024,Spring
4417,4418,4297,Payment,7616.97,11/18/2022,Fall
4418,4419,1230,Withdrawal,6909.38,12/18/2024,Winter
4419,4420,350,Payment,4229.26,5/17/2022,Spring
4420,4421,1306,Payment,4180.41,2/1/2024,Winter
4421,4422,2425,Transfer,7575.95,12/30/2023,Winter
4422,4423,1284,Deposit,6822.5,4/28/2025,Spring
4423,4424,2018,Transfer,9427.08,6/29/2023,Summer
4424,4425,1705,Deposit,1218.37,12/10/2022,Winter
4425,4426,4477,Withdrawal,4386.1,10/19/2024,Fall
4426,4427,382,Transfer,2377.52,6/6/2024,Summer
4427,4428,3042,Transfer,2433.07,9/14/2023,Fall
4428,4429,799,Transfer,9445.07,12/12/2022,Winter
4429,4430,4105,Withdrawal,9309.95,5/1/2024,Spring
4430,4431,581,Transfer,9693.96,4/12/2023,Spring
4431,4432,2374,Payment,626.01,11/27/2024,Fall
4432,4433,2726,Deposit,4428.22,11/26/2022,Fall
4433,4434,2361,Transfer,3084.09,9/7/2024,Fall
4434,4435,248,Payment,2193.78,8/24/2023,Summer
4435,4436,2641,Withdrawal,5531.88,12/8/2024,Winter
4436,4437,4555,Withdrawal,9638.87,8/25/2023,Summer
4437,4438,4214,Payment,1216.03,3/8/2024,Spring
4438,4439,122,Deposit,4584.48,12/1/2022,Winter
4439,4440,2853,Transfer,829.51,7/23/2022,Summer
4440,4441,3202,Payment,2659.39,11/3/2024,Fall
4441,4442,4742,Deposit,5959.69,4/14/2024,Spring
4442,4443,2017,Deposit,7531.77,8/2/2022,Summer
4443,4444,3692,Deposit,8205.7,9/16/2023,Fall
4444,4445,895,Withdrawal,9442.63,9/22/2024,Fall
4445,4446,3263,Deposit,9030,10/7/2024,Fall
4446,4447,2797,Transfer,7861.13,12/29/2024,Winter
4447,4448,347,Deposit,9077.84,6/24/2022,Summer
4448,4449,1659,Withdrawal,460.14,6/1/2023,Summer
4449,4450,2047,Deposit,8713.45,12/5/2023,Winter
4450,4451,2835,Deposit,8460.51,10/4/2022,Fall
4451,4452,847,Deposit,3536.4,8/15/2024,Summer
4452,4453,99,Deposit,6776.23,9/11/2024,Fall
4453,4454,23,Transfer,8542.73,1/10/2023,Winter
4454,4455,4509,Deposit,9570.83,6/1/2024,Summer
4455,4456,1532,Transfer,1761.75,7/15/2023,Summer
4456,4457,2762,Transfer,2233.54,12/4/2024,Winter
4457,4458,2984,Transfer,3788.93,1/28/2023,Winter
4458,4459,4479,Payment,9982.48,3/26/2025,Spring
4459,4460,726,Transfer,7382.56,1/23/2024,Winter
4460,4461,1717,Deposit,8036.96,2/21/2023,Winter
4461,4462,2220,Withdrawal,6817.13,8/25/2022,Summer
4462,4463,3779,Transfer,6491.49,5/20/2024,Spring
4463,4464,2597,Withdrawal,7358.17,12/15/2022,Winter
4464,4465,2726,Transfer,453.16,6/25/2022,Summer
4465,4466,1382,Withdrawal,8828.68,3/16/2024,Spring
4466,4467,777,Withdrawal,2422.15,11/2/2023,Fall
4467,4468,617,Payment,8849.24,5/16/2024,Spring
4468,4469,3157,Transfer,8770.15,3/29/2025,Spring
4469,4470,3804,Deposit,2942.04,5/13/2024,Spring
4470,4471,2825,Withdrawal,9119.31,11/1/2022,Fall
4471,4472,2612,Withdrawal,1038.37,5/15/2024,Spring
4472,4473,3034,Deposit,6851.05,10/28/2023,Fall
4473,4474,3512,Transfer,6325.14,3/30/2024,Spring
4474,4475,4329,Transfer,8647.69,1/6/2023,Winter
4475,4476,2848,Payment,4550.49,6/27/2023,Summer
4476,4477,3277,Deposit,2501.83,5/3/2023,Spring
4477,4478,3125,Deposit,1819.8,11/18/2024,Fall
4478,4479,4140,Payment,9551.29,1/3/2024,Winter
4479,4480,1056,Transfer,2936.5,8/23/2022,Summer
4480,4481,47,Withdrawal,3930.21,10/11/2022,Fall
4481,4482,1631,Withdrawal,4172.3,1/9/2024,Winter
4482,4483,4362,Transfer,9328.43,3/15/2025,Spring
4483,4484,3927,Transfer,8180.13,3/29/2023,Spring
4484,4485,4983,Withdrawal,3936.23,9/28/2024,Fall
4485,4486,925,Payment,7997.81,1/10/2025,Winter
4486,4487,1003,Deposit,9949.11,2/12/2023,Winter
4487,4488,2450,Transfer,6468.77,12/14/2024,Winter
4488,4489,4437,Withdrawal,8137,11/23/2024,Fall
4489,4490,1167,Withdrawal,631.8,3/13/2024,Spring
4490,4491,2918,Withdrawal,6258.18,5/15/2022,Spring
4491,4492,1630,Withdrawal,2824.8,7/13/2024,Summer
4492,4493,1236,Transfer,8378.02,4/11/2024,Spring
4493,4494,1212,Transfer,6767.03,12/27/2022,Winter
4494,4495,922,Deposit,9494.3,7/10/2023,Summer
4495,4496,3407,Payment,3207.05,8/9/2024,Summer
4496,4497,4113,Deposit,4123.65,10/14/2024,Fall
4497,4498,3259,Deposit,9926.17,7/5/2024,Summer
4498,4499,3865,Transfer,9979.64,3/16/2024,Spring
4499,4500,2492,Transfer,7520.19,11/13/2022,Fall
4500,4501,2607,Payment,4459.28,8/16/2023,Summer
4501,4502,3263,Withdrawal,5006.81,4/8/2024,Spring
4502,4503,4517,Payment,93.34,3/3/2023,Spring
4503,4504,2303,Transfer,6308.08,10/28/2023,Fall
4504,4505,3477,Payment,1011.04,11/2/2024,Fall
4505,4506,2937,Payment,8911.2,5/17/2023,Spring
4506,4507,91,Deposit,3588.08,7/29/2024,Summer
4507,4508,767,Transfer,730.62,11/19/2024,Fall
4508,4509,1152,Payment,5630.3,3/12/2025,Spring
4509,4510,3676,Withdrawal,8301.87,3/2/2025,Spring
4510,4511,528,Withdrawal,8284.83,4/12/2023,Spring
4511,4512,474,Deposit,6109.57,8/19/2022,Summer
4512,4513,4212,Deposit,6640.05,8/20/2024,Summer
4513,4514,2886,Withdrawal,236.06,2/9/2024,Winter
4514,4515,2284,Transfer,7079.32,1/5/2024,Winter
4515,4516,2455,Transfer,1751.59,4/1/2024,Spring
4516,4517,953,Withdrawal,613.34,6/14/2023,Summer
4517,4518,484,Payment,9546.28,6/22/2022,Summer
4518,4519,4440,Transfer,9003.24,12/19/2022,Winter
4519,4520,1099,Transfer,1318.78,6/23/2023,Summer
4520,4521,2045,Payment,6786.64,10/13/2024,Fall
4521,4522,1279,Deposit,3184.3,9/8/2022,Fall
4522,4523,545,Payment,5744.96,6/6/2024,Summer
4523,4524,845,Deposit,1791.77,12/1/2023,Winter
4524,4525,173,Deposit,4444.42,2/18/2024,Winter
4525,4526,4511,Transfer,1999.34,5/25/2023,Spring
4526,4527,674,Transfer,5605.12,7/16/2023,Summer
4527,4528,3650,Transfer,232.1,10/6/2024,Fall
4528,4529,1639,Payment,2998.67,10/11/2023,Fall
4529,4530,913,Deposit,8618.85,8/11/2023,Summer
4530,4531,1707,Payment,8138.47,12/19/2023,Winter
4531,4532,4628,Payment,4872.43,4/4/2023,Spring
4532,4533,542,Transfer,1207.4,9/13/2022,Fall
4533,4534,4795,Withdrawal,9558.27,2/11/2024,Winter
4534,4535,4835,Payment,3675.66,7/26/2024,Summer
4535,4536,4846,Transfer,9142.4,7/30/2024,Summer
4536,4537,3254,Transfer,9803.07,11/5/2022,Fall
4537,4538,2218,Payment,1059.93,8/6/2023,Summer
4538,4539,2092,Transfer,9694.9,11/9/2024,Fall
4539,4540,1053,Withdrawal,3867.57,12/11/2024,Winter
4540,4541,3088,Withdrawal,8794.11,2/3/2025,Winter
4541,4542,4251,Deposit,3809.92,10/7/2024,Fall
4542,4543,1422,Transfer,8255.31,1/12/2023,Winter
4543,4544,4599,Deposit,1451.11,7/24/2023,Summer
4544,4545,3844,Deposit,366.99,2/3/2024,Winter
4545,4546,997,Payment,9883.66,5/4/2025,Spring
4546,4547,3776,Withdrawal,7918.3,7/1/2022,Summer
4547,4548,2007,Withdrawal,3127.97,6/6/2023,Summer
4548,4549,4905,Deposit,9606.86,2/22/2023,Winter
4549,4550,1633,Withdrawal,3318.67,2/21/2023,Winter
4550,4551,210,Transfer,3424.18,11/11/2024,Fall
4551,4552,4876,Withdrawal,8221.98,8/20/2022,Summer
4552,4553,1436,Withdrawal,6032.16,5/17/2024,Spring
4553,4554,3764,Payment,6278.48,11/1/2023,Fall
4554,4555,3822,Deposit,8508.02,9/19/2022,Fall
4555,4556,3502,Payment,6732.41,5/9/2024,Spring
4556,4557,3539,Payment,7799.72,6/26/2024,Summer
4557,4558,1072,Transfer,4113.05,1/16/2025,Winter
4558,4559,4888,Withdrawal,180.28,7/15/2024,Summer
4559,4560,266,Withdrawal,6421.61,5/9/2024,Spring
4560,4561,845,Transfer,1403.96,1/20/2023,Winter
4561,4562,484,Deposit,915.95,5/8/2025,Spring
4562,4563,17,Deposit,2700.04,11/14/2023,Fall
4563,4564,2606,Withdrawal,6931.36,11/4/2022,Fall
4564,4565,2747,Withdrawal,9580.26,2/4/2025,Winter
4565,4566,3686,Deposit,9361.42,7/30/2022,Summer
4566,4567,2910,Transfer,1025.6,6/13/2024,Summer
4567,4568,1415,Payment,5531.34,4/30/2025,Spring
4568,4569,1276,Withdrawal,2808.4,3/3/2025,Spring
4569,4570,3426,Payment,832.63,11/9/2024,Fall
4570,4571,4138,Transfer,6613.27,8/29/2024,Summer
4571,4572,591,Payment,434.57,2/17/2023,Winter
4572,4573,3741,Payment,2171.24,3/5/2024,Spring
4573,4574,3706,Transfer,4827.74,8/16/2023,Summer
4574,4575,4136,Deposit,2558.64,2/5/2023,Winter
4575,4576,4544,Transfer,3277.94,10/17/2022,Fall
4576,4577,4565,Transfer,6816.24,7/12/2022,Summer
4577,4578,4479,Transfer,3015.34,6/9/2024,Summer
4578,4579,1686,Deposit,6982.31,10/6/2022,Fall
4579,4580,3332,Transfer,5297.8,8/31/2023,Summer
4580,4581,1374,Withdrawal,5957.43,7/22/2022,Summer
4581,4582,4502,Withdrawal,5624.77,5/28/2022,Spring
4582,4583,4841,Withdrawal,6650.32,4/17/2023,Spring
4583,4584,2886,Deposit,7385.77,12/29/2022,Winter
4584,4585,2285,Payment,5645.07,12/21/2022,Winter
4585,4586,2154,Transfer,6429.07,2/6/2024,Winter
4586,4587,2841,Withdrawal,7307.91,7/31/2022,Summer
4587,4588,537,Transfer,2059.38,12/30/2023,Winter
4588,4589,1234,Payment,2007.33,10/17/2023,Fall
4589,4590,229,Deposit,6390.04,1/15/2024,Winter
4590,4591,283,Payment,5495.22,9/7/2024,Fall
4591,4592,3748,Withdrawal,4665.09,8/30/2024,Summer
4592,4593,4720,Withdrawal,5472.07,3/14/2025,Spring
4593,4594,3323,Payment,981.92,4/6/2024,Spring
4594,4595,1927,Payment,4197.33,11/25/2022,Fall
4595,4596,3238,Transfer,3263.74,1/10/2024,Winter
4596,4597,4573,Transfer,3764.82,2/17/2024,Winter
4597,4598,1374,Deposit,3705.38,2/5/2025,Winter
4598,4599,2868,Withdrawal,5721.77,9/14/2022,Fall
4599,4600,1911,Transfer,849.42,9/29/2024,Fall
4600,4601,62,Deposit,6178.22,1/8/2025,Winter
4601,4602,2256,Payment,9341.19,12/20/2023,Winter
4602,4603,2209,Payment,1538.32,3/24/2024,Spring
4603,4604,703,Transfer,2760.34,11/14/2023,Fall
4604,4605,2105,Transfer,2855.16,6/4/2024,Summer
4605,4606,3623,Deposit,5775.22,9/25/2024,Fall
4606,4607,75,Withdrawal,4246.75,10/30/2024,Fall
4607,4608,3666,Payment,4418.34,12/4/2024,Winter
4608,4609,2614,Withdrawal,1617.26,9/21/2024,Fall
4609,4610,1915,Transfer,9971.13,11/16/2023,Fall
4610,4611,4199,Withdrawal,297.84,11/20/2023,Fall
4611,4612,969,Deposit,2999.09,4/28/2025,Spring
4612,4613,4024,Transfer,4751.48,5/1/2025,Spring
4613,4614,4083,Transfer,5782.49,10/15/2023,Fall
4614,4615,2192,Payment,6338.13,2/1/2025,Winter
4615,4616,181,Deposit,5125.48,12/12/2024,Winter
4616,4617,2377,Payment,8114.11,2/12/2025,Winter
4617,4618,3482,Transfer,7171.13,11/22/2022,Fall
4618,4619,1610,Payment,8635.78,10/13/2024,Fall
4619,4620,3051,Deposit,7101.66,8/12/2023,Summer
4620,4621,503,Transfer,3153.95,10/3/2022,Fall
4621,4622,1499,Withdrawal,7808.18,1/13/2023,Winter
4622,4623,556,Withdrawal,9083.15,7/24/2024,Summer
4623,4624,918,Transfer,5957.09,1/27/2024,Winter
4624,4625,4919,Withdrawal,5504.58,1/14/2025,Winter
4625,4626,744,Transfer,6329.45,1/3/2024,Winter
4626,4627,801,Withdrawal,4356.46,10/28/2022,Fall
4627,4628,4222,Deposit,6744.05,10/28/2023,Fall
4628,4629,3921,Transfer,6967.15,12/17/2024,Winter
4629,4630,384,Deposit,7743.78,10/14/2024,Fall
4630,4631,1495,Payment,1406.8,7/11/2023,Summer
4631,4632,191,Payment,9908.35,4/16/2023,Spring
4632,4633,3257,Payment,5983.52,1/19/2025,Winter
4633,4634,4297,Withdrawal,4731.28,4/18/2023,Spring
4634,4635,4706,Transfer,7475.72,5/31/2023,Spring
4635,4636,3397,Withdrawal,5311.07,10/7/2023,Fall
4636,4637,3905,Transfer,3199.33,8/25/2022,Summer
4637,4638,3518,Payment,4335.38,4/26/2025,Spring
4638,4639,4479,Deposit,6521.08,3/6/2024,Spring
4639,4640,1917,Withdrawal,2504.4,8/24/2022,Summer
4640,4641,145,Transfer,8904.11,12/6/2022,Winter
4641,4642,2988,Payment,4122.39,10/27/2023,Fall
4642,4643,59,Payment,9157.5,2/13/2023,Winter
4643,4644,1279,Deposit,3207.39,11/5/2023,Fall
4644,4645,4330,Deposit,7882.09,6/8/2022,Summer
4645,4646,4817,Payment,7808.19,11/21/2022,Fall
4646,4647,195,Transfer,9386.6,9/4/2022,Fall
4647,4648,76,Deposit,1481.43,8/4/2022,Summer
4648,4649,412,Transfer,4411.65,8/5/2022,Summer
4649,4650,4053,Payment,9409.64,12/31/2024,Winter
4650,4651,1714,Transfer,227.25,10/7/2023,Fall
4651,4652,2656,Payment,4407.46,5/19/2024,Spring
4652,4653,211,Withdrawal,8545.32,12/6/2023,Winter
4653,4654,3327,Payment,4857.96,5/13/2024,Spring
4654,4655,3418,Payment,1347.92,8/1/2024,Summer
4655,4656,1663,Withdrawal,258.52,10/10/2022,Fall
4656,4657,3117,Deposit,2545.87,11/20/2022,Fall
4657,4658,1032,Withdrawal,4245.39,2/23/2024,Winter
4658,4659,4145,Deposit,4132.32,6/28/2022,Summer
4659,4660,1015,Payment,8978.54,9/16/2024,Fall
4660,4661,2100,Withdrawal,458.32,8/15/2023,Summer
4661,4662,3849,Payment,9161.7,10/19/2022,Fall
4662,4663,1177,Deposit,2012.44,5/26/2023,Spring
4663,4664,2489,Transfer,3149.73,4/20/2023,Spring
4664,4665,3920,Deposit,9877.81,6/18/2022,Summer
4665,4666,3323,Deposit,9687.62,5/18/2024,Spring
4666,4667,4319,Withdrawal,6560.65,8/21/2024,Summer
4667,4668,1826,Deposit,6229.45,2/1/2024,Winter
4668,4669,1382,Payment,6460.96,8/20/2024,Summer
4669,4670,4566,Deposit,3550.25,4/23/2025,Spring
4670,4671,3097,Deposit,7576.94,12/24/2023,Winter
4671,4672,3636,Transfer,7276.53,3/18/2025,Spring
4672,4673,3619,Transfer,7907.66,3/5/2024,Spring
4673,4674,4975,Withdrawal,4184.4,8/5/2023,Summer
4674,4675,4055,Transfer,2460.34,8/23/2024,Summer
4675,4676,1191,Payment,6512.08,2/22/2023,Winter
4676,4677,913,Payment,8079.87,6/3/2024,Summer
4677,4678,3096,Payment,9050.39,9/4/2022,Fall
4678,4679,3113,Withdrawal,292.32,9/1/2024,Fall
4679,4680,3214,Deposit,5991.12,5/29/2022,Spring
4680,4681,1746,Payment,1977.56,7/26/2023,Summer
4681,4682,4384,Withdrawal,1941.15,8/16/2022,Summer
4682,4683,1551,Transfer,5020.63,2/23/2024,Winter
4683,4684,4479,Transfer,9400.01,9/20/2022,Fall
4684,4685,717,Payment,3894.15,12/3/2022,Winter
4685,4686,2947,Payment,1813.28,1/26/2025,Winter
4686,4687,2426,Deposit,6034.9,12/29/2022,Winter
4687,4688,1602,Deposit,5238.78,6/1/2023,Summer
4688,4689,4703,Payment,3472.14,4/23/2024,Spring
4689,4690,4636,Payment,311.1,2/28/2023,Winter
4690,4691,570,Payment,2531.11,6/14/2023,Summer
4691,4692,1970,Payment,1123.54,12/24/2022,Winter
4692,4693,4913,Deposit,8244.61,11/9/2023,Fall
4693,4694,3308,Transfer,3294.29,1/3/2023,Winter
4694,4695,4554,Withdrawal,8552.97,10/20/2022,Fall
4695,4696,1021,Withdrawal,318.55,2/20/2024,Winter
4696,4697,3081,Transfer,5550.67,10/10/2022,Fall
4697,4698,3512,Payment,5423.49,5/22/2023,Spring
4698,4699,1060,Withdrawal,7190.45,12/16/2022,Winter
4699,4700,3073,Withdrawal,1717.74,8/17/2023,Summer
4700,4701,3581,Deposit,2708.06,4/23/2023,Spring
4701,4702,3975,Deposit,4207.92,4/11/2023,Spring
4702,4703,4811,Withdrawal,4962.57,9/20/2024,Fall
4703,4704,1321,Transfer,9468.91,5/6/2024,Spring
4704,4705,2476,Deposit,4749.81,5/11/2025,Spring
4705,4706,2274,Transfer,6385.11,3/12/2025,Spring
4706,4707,1584,Deposit,3076.29,1/18/2023,Winter
4707,4708,955,Transfer,1431.45,11/9/2024,Fall
4708,4709,4087,Payment,3144.52,11/30/2022,Fall
4709,4710,741,Transfer,3416.8,1/10/2024,Winter
4710,4711,3541,Deposit,8402.9,2/19/2023,Winter
4711,4712,1532,Deposit,1547.97,9/4/2023,Fall
4712,4713,4196,Transfer,113.48,11/6/2024,Fall
4713,4714,4885,Payment,2261.67,2/16/2024,Winter
4714,4715,3089,Withdrawal,3385.08,3/26/2025,Spring
4715,4716,3060,Withdrawal,8963.79,7/17/2023,Summer
4716,4717,2970,Deposit,9710.23,12/25/2022,Winter
4717,4718,1750,Withdrawal,5591.14,2/17/2024,Winter
4718,4719,3696,Withdrawal,2420.53,6/30/2022,Summer
4719,4720,1254,Withdrawal,7697.32,12/24/2024,Winter
4720,4721,3600,Deposit,1022.91,12/5/2023,Winter
4721,4722,122,Payment,651.53,6/26/2024,Summer
4722,4723,2400,Withdrawal,2628.59,12/10/2022,Winter
4723,4724,2755,Deposit,5009.6,1/3/2023,Winter
4724,4725,3584,Deposit,9629.3,7/1/2023,Summer
4725,4726,2041,Payment,7376.4,8/28/2022,Summer
4726,4727,4875,Payment,6037.62,4/22/2025,Spring
4727,4728,4586,Transfer,2456.25,6/19/2022,Summer
4728,4729,4064,Transfer,765.57,2/16/2023,Winter
4729,4730,2895,Payment,6975.9,1/31/2024,Winter
4730,4731,4477,Payment,4630.84,12/1/2023,Winter
4731,4732,4515,Payment,6628.59,4/2/2024,Spring
4732,4733,3029,Payment,9115.82,9/27/2024,Fall
4733,4734,2861,Payment,7227.35,10/27/2022,Fall
4734,4735,3204,Deposit,8031.22,5/5/2023,Spring
4735,4736,4065,Withdrawal,9505.82,8/20/2023,Summer
4736,4737,467,Withdrawal,3381.31,12/23/2024,Winter
4737,4738,722,Transfer,2633.09,8/12/2024,Summer
4738,4739,3704,Transfer,1782.93,1/3/2025,Winter
4739,4740,4257,Transfer,3609.63,11/19/2023,Fall
4740,4741,1477,Transfer,6168.23,11/9/2022,Fall
4741,4742,2171,Transfer,1884.27,6/17/2024,Summer
4742,4743,4604,Withdrawal,7702.14,8/2/2022,Summer
4743,4744,256,Deposit,8745.66,9/12/2022,Fall
4744,4745,1521,Deposit,7020.96,3/9/2024,Spring
4745,4746,690,Withdrawal,9814.11,10/23/2023,Fall
4746,4747,4672,Transfer,6810.26,5/27/2022,Spring
4747,4748,493,Transfer,2807.35,1/16/2024,Winter
4748,4749,4951,Withdrawal,8650.74,7/19/2022,Summer
4749,4750,4713,Transfer,1939.75,8/11/2022,Summer
4750,4751,3247,Payment,5119.7,10/28/2023,Fall
4751,4752,4988,Payment,4748.6,11/22/2024,Fall
4752,4753,3531,Deposit,8873.46,4/28/2025,Spring
4753,4754,1935,Payment,9361.4,4/24/2023,Spring
4754,4755,49,Transfer,7626.06,8/24/2022,Summer
4755,4756,429,Payment,3066.3,1/5/2025,Winter
4756,4757,2268,Withdrawal,8760.09,5/8/2023,Spring
4757,4758,1845,Withdrawal,9233.45,10/12/2023,Fall
4758,4759,712,Deposit,4991.12,10/7/2024,Fall
4759,4760,3390,Transfer,4037.62,6/1/2022,Summer
4760,4761,40,Payment,9815.25,8/30/2022,Summer
4761,4762,1784,Transfer,4835.28,7/11/2024,Summer
4762,4763,4161,Transfer,554.76,6/26/2022,Summer
4763,4764,3641,Payment,8436.55,5/15/2024,Spring
4764,4765,2800,Payment,7335.96,3/11/2024,Spring
4765,4766,4081,Transfer,2458.47,9/6/2022,Fall
4766,4767,584,Withdrawal,9267.92,6/22/2022,Summer
4767,4768,3800,Deposit,3172.59,9/28/2022,Fall
4768,4769,2896,Deposit,5566.19,6/14/2023,Summer
4769,4770,3010,Withdrawal,8934.19,12/11/2022,Winter
4770,4771,4642,Payment,9311.91,3/16/2024,Spring
4771,4772,2347,Deposit,8581.54,1/17/2025,Winter
4772,4773,4654,Payment,4010.02,10/14/2023,Fall
4773,4774,1953,Transfer,3949,9/27/2024,Fall
4774,4775,4076,Payment,1868.05,9/28/2023,Fall
4775,4776,386,Payment,2846.7,3/4/2023,Spring
4776,4777,3817,Transfer,4156.42,9/4/2022,Fall
4777,4778,2676,Deposit,7204.84,1/21/2023,Winter
4778,4779,1723,Withdrawal,9324.17,1/29/2023,Winter
4779,4780,4681,Payment,7350.22,8/11/2022,Summer
4780,4781,3823,Deposit,2908.19,10/27/2023,Fall
4781,4782,367,Deposit,6981.38,4/2/2023,Spring
4782,4783,1504,Deposit,7494.1,12/10/2022,Winter
4783,4784,1840,Payment,2321.83,2/15/2025,Winter
4784,4785,1748,Deposit,4577.04,4/9/2025,Spring
4785,4786,1655,Payment,7667.89,8/9/2023,Summer
4786,4787,4133,Transfer,2910.09,8/1/2024,Summer
4787,4788,3409,Payment,8736.08,9/9/2024,Fall
4788,4789,4082,Transfer,7385.23,1/30/2023,Winter
4789,4790,3536,Deposit,3527.33,6/5/2023,Summer
4790,4791,1039,Deposit,5453.56,11/4/2024,Fall
4791,4792,393,Payment,5096.82,1/7/2024,Winter
4792,4793,2020,Withdrawal,3010.73,7/17/2024,Summer
4793,4794,3260,Deposit,4423.95,8/5/2024,Summer
4794,4795,210,Deposit,4723.69,10/12/2023,Fall
4795,4796,2736,Withdrawal,342.62,4/14/2025,Spring
4796,4797,3575,Deposit,6231.28,1/2/2023,Winter
4797,4798,1046,Payment,9680.63,11/27/2024,Fall
4798,4799,4421,Transfer,7509.21,2/20/2023,Winter
4799,4800,1770,Transfer,9603.78,3/29/2025,Spring
4800,4801,4147,Payment,1121.68,5/17/2022,Spring
4801,4802,2060,Deposit,48.73,6/26/2024,Summer
4802,4803,3361,Payment,1243.1,7/21/2022,Summer
4803,4804,3844,Withdrawal,8238.86,2/13/2024,Winter
4804,4805,1696,Transfer,3009.72,6/18/2024,Summer
4805,4806,4159,Payment,823.84,2/22/2025,Winter
4806,4807,3175,Withdrawal,6363.04,10/15/2024,Fall
4807,4808,1664,Withdrawal,8841.91,7/16/2023,Summer
4808,4809,2702,Payment,9572.55,5/1/2023,Spring
4809,4810,1528,Deposit,2418.33,10/11/2024,Fall
4810,4811,645,Deposit,5830.55,1/26/2025,Winter
4811,4812,4499,Payment,6136.6,8/21/2022,Summer
4812,4813,3826,Deposit,3052.74,11/16/2024,Fall
4813,4814,3840,Withdrawal,8099.45,11/30/2023,Fall
4814,4815,2013,Transfer,9388.9,3/9/2025,Spring
4815,4816,1761,Deposit,308.59,8/20/2022,Summer
4816,4817,347,Payment,9278.42,10/12/2024,Fall
4817,4818,2902,Withdrawal,1383.06,12/6/2023,Winter
4818,4819,2636,Withdrawal,788.4,5/30/2023,Spring
4819,4820,2204,Deposit,7994.84,10/30/2024,Fall
4820,4821,1215,Withdrawal,2890.05,8/29/2023,Summer
4821,4822,3550,Transfer,3494.53,3/14/2025,Spring
4822,4823,4207,Payment,6070.85,1/22/2023,Winter
4823,4824,2832,Deposit,2757.31,7/5/2022,Summer
4824,4825,3295,Payment,6413.31,3/31/2023,Spring
4825,4826,4130,Deposit,9635.45,4/28/2024,Spring
4826,4827,725,Withdrawal,7824.81,11/17/2024,Fall
4827,4828,2316,Transfer,3841.99,3/28/2024,Spring
4828,4829,4545,Withdrawal,4657.27,1/19/2025,Winter
4829,4830,3741,Payment,4941.03,6/19/2024,Summer
4830,4831,4791,Payment,276.32,11/25/2022,Fall
4831,4832,2998,Transfer,9296.15,2/23/2023,Winter
4832,4833,4955,Transfer,3448.94,1/2/2023,Winter
4833,4834,4166,Withdrawal,3631.5,1/10/2023,Winter
4834,4835,3707,Transfer,1354.07,12/6/2022,Winter
4835,4836,4806,Withdrawal,4715.13,10/14/2022,Fall
4836,4837,1384,Payment,7844.72,1/3/2025,Winter
4837,4838,4419,Transfer,8567.49,7/25/2022,Summer
4838,4839,1255,Deposit,9321.81,5/8/2025,Spring
4839,4840,4963,Deposit,5558.74,3/13/2024,Spring
4840,4841,2597,Deposit,1824.59,6/21/2024,Summer
4841,4842,1955,Payment,803.7,4/11/2025,Spring
4842,4843,4049,Payment,5775.63,11/18/2023,Fall
4843,4844,1899,Payment,3497.62,8/19/2022,Summer
4844,4845,2175,Withdrawal,2882.14,10/20/2024,Fall
4845,4846,4538,Deposit,3633.62,2/21/2023,Winter
4846,4847,2634,Payment,8581.97,10/12/2024,Fall
4847,4848,2242,Deposit,7871.48,11/21/2023,Fall
4848,4849,4039,Withdrawal,6655.57,10/22/2024,Fall
4849,4850,4273,Deposit,2128.22,2/7/2023,Winter
4850,4851,4374,Withdrawal,269.51,2/3/2025,Winter
4851,4852,2525,Payment,4302.08,8/19/2022,Summer
4852,4853,2266,Transfer,5207.19,9/29/2023,Fall
4853,4854,928,Payment,5281.71,4/10/2024,Spring
4854,4855,2326,Payment,2161.22,4/3/2023,Spring
4855,4856,4645,Deposit,2556.08,7/11/2024,Summer
4856,4857,4064,Deposit,3690.87,12/14/2023,Winter
4857,4858,145,Withdrawal,3161.71,4/25/2023,Spring
4858,4859,3217,Deposit,7223.38,9/11/2024,Fall
4859,4860,79,Deposit,8641.25,4/28/2025,Spring
4860,4861,2485,Payment,8986.24,12/24/2024,Winter
4861,4862,3038,Withdrawal,1533.44,6/1/2022,Summer
4862,4863,3439,Payment,5878.07,11/5/2024,Fall
4863,4864,1264,Withdrawal,1131.16,4/30/2025,Spring
4864,4865,4764,Payment,6424.65,9/24/2022,Fall
4865,4866,2571,Deposit,7859.88,5/14/2024,Spring
4866,4867,4154,Transfer,8933.74,10/29/2024,Fall
4867,4868,3133,Transfer,7048.14,3/11/2025,Spring
4868,4869,1685,Payment,5267.27,7/19/2024,Summer
4869,4870,3183,Transfer,7710.16,1/1/2024,Winter
4870,4871,3066,Withdrawal,2130.42,11/14/2024,Fall
4871,4872,3810,Transfer,144.07,7/22/2024,Summer
4872,4873,4744,Payment,4677.36,10/26/2024,Fall
4873,4874,3852,Payment,2807.28,9/9/2022,Fall
4874,4875,510,Payment,9448.92,8/12/2022,Summer
4875,4876,2750,Transfer,3172.68,6/11/2023,Summer
4876,4877,3168,Deposit,7859.58,11/19/2023,Fall
4877,4878,1760,Transfer,7097.8,6/14/2023,Summer
4878,4879,1918,Withdrawal,6347.34,12/20/2022,Winter
4879,4880,3450,Withdrawal,5482.33,5/22/2022,Spring
4880,4881,3751,Transfer,8130.68,6/9/2024,Summer
4881,4882,4758,Transfer,9414.93,1/16/2024,Winter
4882,4883,2716,Deposit,4391.67,6/28/2022,Summer
4883,4884,4032,Payment,8322.25,2/26/2024,Winter
4884,4885,2992,Withdrawal,3465.36,3/2/2023,Spring
4885,4886,408,Withdrawal,5739.48,10/4/2024,Fall
4886,4887,1849,Transfer,3317.31,4/7/2023,Spring
4887,4888,2418,Withdrawal,441.93,6/15/2024,Summer
4888,4889,4487,Withdrawal,730.59,6/29/2023,Summer
4889,4890,3967,Payment,5870.27,11/10/2024,Fall
4890,4891,3218,Payment,4003.7,11/20/2023,Fall
4891,4892,1795,Payment,6215.29,4/25/2023,Spring
4892,4893,1630,Deposit,9166.85,8/15/2023,Summer
4893,4894,3213,Deposit,9480.72,1/7/2023,Winter
4894,4895,245,Transfer,5519.57,6/15/2022,Summer
4895,4896,2333,Payment,4331.94,9/24/2023,Fall
4896,4897,4437,Withdrawal,6485.11,9/20/2022,Fall
4897,4898,4465,Withdrawal,1731.05,5/23/2022,Spring
4898,4899,3009,Withdrawal,544.71,6/1/2022,Summer
4899,4900,3952,Deposit,5411.32,5/15/2024,Spring
4900,4901,1193,Deposit,5741.02,7/4/2022,Summer
4901,4902,4815,Payment,5699.65,8/20/2023,Summer
4902,4903,1595,Transfer,2680.62,11/5/2024,Fall
4903,4904,3127,Transfer,6076.53,6/4/2024,Summer
4904,4905,362,Transfer,2191.88,1/3/2023,Winter
4905,4906,2211,Payment,8679.79,6/25/2024,Summer
4906,4907,2646,Transfer,7215.88,10/21/2024,Fall
4907,4908,4330,Transfer,8524.28,5/21/2022,Spring
4908,4909,2746,Withdrawal,9093.78,5/23/2023,Spring
4909,4910,1735,Withdrawal,7294.26,1/6/2023,Winter
4910,4911,679,Transfer,5844.44,10/24/2022,Fall
4911,4912,4274,Transfer,9612.01,11/29/2023,Fall
4912,4913,3597,Deposit,3929.43,2/25/2023,Winter
4913,4914,1231,Withdrawal,6320.44,1/2/2025,Winter
4914,4915,2382,Payment,5463.55,11/29/2022,Fall
4915,4916,4260,Withdrawal,4330.58,6/1/2024,Summer
4916,4917,4999,Withdrawal,1971.5,8/1/2022,Summer
4917,4918,1272,Deposit,3050.49,6/23/2022,Summer
4918,4919,533,Transfer,9434.43,10/30/2024,Fall
4919,4920,1868,Payment,9294.26,10/4/2023,Fall
4920,4921,1120,Deposit,9328.13,7/4/2022,Summer
4921,4922,3489,Deposit,3675.76,11/27/2024,Fall
4922,4923,1322,Deposit,9098.79,11/27/2024,Fall
4923,4924,4821,Transfer,5855.56,11/30/2024,Fall
4924,4925,2070,Payment,7214.14,7/19/2024,Summer
4925,4926,827,Withdrawal,8258.7,4/4/2025,Spring
4926,4927,2970,Deposit,5020.39,5/14/2022,Spring
4927,4928,1421,Withdrawal,4366.06,3/29/2025,Spring
4928,4929,1794,Payment,626.34,3/18/2025,Spring
4929,4930,4077,Transfer,3014.24,7/10/2024,Summer
4930,4931,3953,Withdrawal,198.25,1/13/2023,Winter
4931,4932,3685,Payment,3912.59,10/13/2023,Fall
4932,4933,2209,Payment,2193.02,1/31/2024,Winter
4933,4934,1943,Withdrawal,7638.59,11/1/2024,Fall
4934,4935,3303,Withdrawal,9309.54,1/31/2024,Winter
4935,4936,574,Withdrawal,1065.52,10/30/2023,Fall
4936,4937,1718,Deposit,4004.86,4/5/2024,Spring
4937,4938,1992,Withdrawal,3813.85,12/18/2024,Winter
4938,4939,3808,Payment,2252.85,8/28/2023,Summer
4939,4940,4707,Withdrawal,3583.49,8/23/2023,Summer
4940,4941,4495,Transfer,8469.41,2/4/2024,Winter
4941,4942,4469,Payment,7824.28,12/12/2022,Winter
4942,4943,4510,Withdrawal,3235.33,10/23/2023,Fall
4943,4944,1802,Deposit,4022.36,10/5/2024,Fall
4944,4945,183,Withdrawal,6557.68,7/18/2023,Summer
4945,4946,230,Deposit,3516.31,4/19/2025,Spring
4946,4947,755,Deposit,3660.62,8/6/2023,Summer
4947,4948,4407,Deposit,3356.99,11/29/2024,Fall
4948,4949,2036,Withdrawal,6611.54,5/24/2024,Spring
4949,4950,3724,Payment,7537.67,1/1/2023,Winter
4950,4951,3649,Deposit,1481.84,9/25/2024,Fall
4951,4952,98,Deposit,3247.39,7/3/2023,Summer
4952,4953,4158,Transfer,8685.94,10/24/2024,Fall
4953,4954,3331,Withdrawal,5483.03,8/16/2024,Summer
4954,4955,3517,Deposit,2546.55,1/2/2024,Winter
4955,4956,4516,Payment,473,6/1/2022,Summer
4956,4957,434,Deposit,6421.53,5/9/2023,Spring
4957,4958,3440,Payment,4292.06,8/24/2024,Summer
4958,4959,2937,Withdrawal,5554.48,4/28/2024,Spring
4959,4960,597,Payment,249.99,6/19/2023,Summer
4960,4961,3766,Transfer,4669.98,8/17/2023,Summer
4961,4962,976,Transfer,5411.12,7/1/2024,Summer
4962,4963,521,Withdrawal,3416.28,1/6/2024,Winter
4963,4964,107,Deposit,9452.95,2/16/2025,Winter
4964,4965,3557,Payment,3182.86,5/20/2024,Spring
4965,4966,881,Deposit,4912.55,3/22/2024,Spring
4966,4967,627,Payment,580.75,10/8/2023,Fall
4967,4968,4193,Transfer,652.64,12/11/2023,Winter
4968,4969,1846,Transfer,468.82,3/24/2024,Spring
4969,4970,4457,Withdrawal,9095.78,1/15/2024,Winter
4970,4971,86,Deposit,2577.94,5/25/2022,Spring
4971,4972,3986,Transfer,2827.49,4/11/2023,Spring
4972,4973,40,Withdrawal,8566.76,11/3/2024,Fall
4973,4974,3883,Deposit,5216.65,3/18/2024,Spring
4974,4975,1529,Deposit,8132.67,8/21/2024,Summer
4975,4976,3719,Payment,2371.86,2/27/2024,Winter
4976,4977,3678,Transfer,7656.14,1/6/2025,Winter
4977,4978,2873,Payment,862.21,8/24/2022,Summer
4978,4979,31,Payment,4826.37,7/26/2022,Summer
4979,4980,3466,Payment,3081.08,10/4/2022,Fall
4980,4981,4629,Transfer,8595.89,1/21/2024,Winter
4981,4982,2520,Withdrawal,9531.21,4/6/2023,Spring
4982,4983,4099,Deposit,881.66,3/21/2023,Spring
4983,4984,1900,Transfer,9924.63,12/26/2023,Winter
4984,4985,3866,Transfer,185.14,3/11/2024,Spring
4985,4986,4760,Transfer,3260.63,2/26/2024,Winter
4986,4987,1591,Withdrawal,498.93,12/9/2022,Winter
4987,4988,839,Deposit,3419.46,5/5/2024,Spring
4988,4989,455,Withdrawal,7512.29,3/29/2025,Spring
4989,4990,4782,Payment,7953.52,5/13/2022,Spring
4990,4991,1610,Payment,2034.85,9/19/2022,Fall
4991,4992,188,Deposit,9017.53,4/18/2024,Spring
4992,4993,2464,Withdrawal,7411.17,6/15/2024,Summer
4993,4994,1800,Transfer,3781.09,5/27/2024,Spring
4994,4995,4975,Transfer,2667.81,2/21/2024,Winter
4995,4996,873,Transfer,3158.11,7/27/2022,Summer
4996,4997,746,Transfer,8320.85,3/22/2025,Spring
4997,4998,2037,Withdrawal,3108.99,8/15/2023,Summer
4998,4999,399,Deposit,8941.37,12/18/2024,Winter
4999,5000,4260,Deposit,9223.05,6/12/2023,Summer
5000,5001,1825,Transfer,584.12,9/10/2022,Fall
5001,5002,4249,Transfer,2492.79,3/15/2023,Spring
5002,5003,655,Payment,2485.69,4/10/2024,Spring
5003,5004,4040,Payment,513.94,12/24/2023,Winter
5004,5005,1756,Payment,9162.46,4/12/2025,Spring
5005,5006,2470,Withdrawal,3406.13,7/24/2024,Summer
5006,5007,29,Transfer,1746.03,4/23/2025,Spring
5007,5008,3371,Deposit,3220.79,12/28/2022,Winter
5008,5009,1597,Transfer,3875.97,7/23/2023,Summer
5009,5010,684,Transfer,5559.02,12/31/2022,Winter
5010,5011,730,Payment,7522.97,11/13/2023,Fall
5011,5012,376,Payment,4116.54,5/18/2022,Spring
5012,5013,1169,Payment,6966,10/22/2024,Fall
5013,5014,2403,Withdrawal,1929.24,10/21/2023,Fall
5014,5015,1815,Transfer,1104.48,6/6/2022,Summer
5015,5016,3915,Deposit,8889.32,5/5/2024,Spring
5016,5017,3451,Transfer,6531.37,2/21/2025,Winter
5017,5018,935,Payment,8991.28,3/23/2025,Spring
5018,5019,1610,Payment,4677.38,10/3/2022,Fall
5019,5020,1694,Payment,3484.92,11/12/2024,Fall
5020,5021,2430,Payment,1538.46,2/28/2024,Winter
5021,5022,2948,Transfer,9063.58,5/8/2023,Spring
5022,5023,2763,Payment,4947.03,2/17/2025,Winter
5023,5024,4543,Withdrawal,4506.45,10/3/2024,Fall
5024,5025,4537,Payment,3437.83,8/22/2024,Summer
5025,5026,1545,Deposit,872.38,10/11/2022,Fall
5026,5027,800,Withdrawal,5951.54,4/15/2023,Spring
5027,5028,1096,Deposit,4711.17,11/1/2024,Fall
5028,5029,1598,Withdrawal,9501.78,2/19/2023,Winter
5029,5030,2428,Transfer,1608.64,2/13/2023,Winter
5030,5031,3131,Withdrawal,7559.28,2/9/2024,Winter
5031,5032,1460,Transfer,1503.91,11/21/2024,Fall
5032,5033,2086,Deposit,1580.6,6/11/2023,Summer
5033,5034,4900,Deposit,3134,11/20/2023,Fall
5034,5035,4790,Withdrawal,1196.49,12/31/2024,Winter
5035,5036,4474,Deposit,727.57,4/13/2025,Spring
5036,5037,1472,Payment,8622.83,2/10/2023,Winter
5037,5038,3347,Transfer,1701.68,3/21/2024,Spring
5038,5039,4153,Withdrawal,7984.73,9/16/2024,Fall
5039,5040,3578,Transfer,4539.04,3/16/2024,Spring
5040,5041,2635,Transfer,3398.69,2/18/2023,Winter
5041,5042,2173,Withdrawal,8509.79,4/21/2023,Spring
5042,5043,4608,Payment,8336.46,10/6/2022,Fall
5043,5044,3917,Transfer,4990.34,11/4/2022,Fall
5044,5045,3577,Withdrawal,8196.07,9/28/2024,Fall
5045,5046,2098,Payment,5292.84,1/7/2023,Winter
5046,5047,554,Transfer,2813.67,8/16/2023,Summer
5047,5048,4187,Transfer,9372.76,10/12/2023,Fall
5048,5049,4537,Transfer,8766.81,6/5/2022,Summer
5049,5050,1391,Transfer,6172.53,4/4/2023,Spring
5050,5051,4842,Payment,5808.77,9/2/2022,Fall
5051,5052,2007,Transfer,1619.18,1/6/2025,Winter
5052,5053,4504,Transfer,9558.55,12/30/2024,Winter
5053,5054,4961,Withdrawal,2127.64,8/6/2022,Summer
5054,5055,2346,Payment,3104.13,10/6/2023,Fall
5055,5056,142,Withdrawal,5777.11,6/26/2024,Summer
5056,5057,2685,Payment,1583.35,10/7/2022,Fall
5057,5058,1967,Payment,4319.98,9/19/2023,Fall
5058,5059,946,Payment,7212.74,12/25/2023,Winter
5059,5060,3633,Deposit,5196.2,10/15/2022,Fall
5060,5061,2838,Transfer,6059.61,8/21/2022,Summer
5061,5062,172,Payment,545.51,5/4/2024,Spring
5062,5063,441,Transfer,7428.77,5/21/2024,Spring
5063,5064,1260,Deposit,6630.46,4/5/2023,Spring
5064,5065,3410,Payment,5745.85,6/2/2024,Summer
5065,5066,2785,Withdrawal,1107.12,11/28/2024,Fall
5066,5067,2846,Withdrawal,6731.51,5/5/2024,Spring
5067,5068,1370,Withdrawal,7406.11,11/15/2024,Fall
5068,5069,4878,Deposit,9635.57,7/11/2022,Summer
5069,5070,3845,Withdrawal,4443.76,7/31/2023,Summer
5070,5071,3773,Withdrawal,4912.9,1/13/2023,Winter
5071,5072,3759,Withdrawal,8317.3,11/13/2024,Fall
5072,5073,3303,Payment,8740.57,6/24/2024,Summer
5073,5074,3857,Payment,5238.92,9/6/2022,Fall
5074,5075,4144,Payment,2166.21,5/7/2024,Spring
5075,5076,4877,Withdrawal,5245.8,1/16/2024,Winter
5076,5077,86,Transfer,4577.9,5/9/2024,Spring
5077,5078,2597,Deposit,3538.01,5/2/2025,Spring
5078,5079,507,Withdrawal,4255.84,5/18/2024,Spring
5079,5080,4903,Transfer,136.78,8/13/2022,Summer
5080,5081,2633,Withdrawal,8515.72,12/7/2023,Winter
5081,5082,1547,Payment,9723.65,8/26/2022,Summer
5082,5083,111,Payment,1174.86,8/23/2022,Summer
5083,5084,4109,Deposit,1548.47,11/8/2024,Fall
5084,5085,2839,Payment,963.34,6/5/2023,Summer
5085,5086,3419,Deposit,4394.53,12/21/2023,Winter
5086,5087,2889,Deposit,9921.38,12/9/2023,Winter
5087,5088,2487,Transfer,1562.51,10/14/2022,Fall
5088,5089,268,Withdrawal,2725.28,8/9/2024,Summer
5089,5090,4931,Withdrawal,6917.61,9/25/2023,Fall
5090,5091,4,Withdrawal,7184.66,1/10/2024,Winter
5091,5092,3119,Payment,7211.81,5/11/2023,Spring
5092,5093,4608,Withdrawal,8997.74,10/2/2022,Fall
5093,5094,3377,Payment,5527.22,8/3/2023,Summer
5094,5095,4198,Deposit,8227.07,4/7/2024,Spring
5095,5096,724,Withdrawal,1546.77,8/1/2022,Summer
5096,5097,2152,Transfer,8666.69,8/15/2022,Summer
5097,5098,2841,Withdrawal,1551.11,4/11/2025,Spring
5098,5099,2358,Deposit,6148.43,5/25/2024,Spring
5099,5100,4610,Transfer,4410.08,3/31/2025,Spring
5100,5101,3115,Payment,149.34,9/30/2022,Fall
5101,5102,379,Withdrawal,712.38,6/14/2024,Summer
5102,5103,2967,Transfer,4358.93,6/10/2024,Summer
5103,5104,2277,Deposit,108.76,6/5/2023,Summer
5104,5105,2256,Payment,3025.24,10/20/2024,Fall
5105,5106,4475,Deposit,4972.2,8/14/2024,Summer
5106,5107,303,Withdrawal,3971.52,8/31/2022,Summer
5107,5108,370,Payment,9701.32,1/11/2023,Winter
5108,5109,1815,Payment,5029.48,4/18/2023,Spring
5109,5110,2840,Payment,6785.56,4/12/2023,Spring
5110,5111,3612,Deposit,6128.27,1/12/2024,Winter
5111,5112,2312,Payment,6703.9,6/25/2022,Summer
5112,5113,3403,Transfer,390.92,12/18/2024,Winter
5113,5114,4023,Payment,4200.63,10/6/2022,Fall
5114,5115,1709,Transfer,8883.85,11/24/2023,Fall
5115,5116,41,Deposit,3026.36,10/17/2024,Fall
5116,5117,246,Withdrawal,607.2,4/19/2023,Spring
5117,5118,534,Transfer,7495.61,8/15/2024,Summer
5118,5119,3879,Deposit,217.94,2/16/2025,Winter
5119,5120,580,Deposit,4378.32,5/13/2022,Spring
5120,5121,3680,Withdrawal,7591.65,2/3/2023,Winter
5121,5122,3724,Payment,5152.63,10/26/2022,Fall
5122,5123,1960,Deposit,3055.43,11/19/2022,Fall
5123,5124,3881,Transfer,208.34,9/13/2023,Fall
5124,5125,2869,Payment,9901.63,4/16/2025,Spring
5125,5126,3437,Transfer,3143.52,8/16/2022,Summer
5126,5127,3748,Payment,8220.52,8/29/2023,Summer
5127,5128,4037,Withdrawal,6026.9,7/17/2023,Summer
5128,5129,3323,Transfer,7976.12,11/21/2023,Fall
5129,5130,1835,Payment,5558.71,12/24/2022,Winter
5130,5131,1218,Deposit,8275.3,7/25/2024,Summer
5131,5132,2230,Payment,4232.07,6/30/2024,Summer
5132,5133,357,Deposit,9433.39,1/20/2023,Winter
5133,5134,2770,Withdrawal,9103.83,12/30/2023,Winter
5134,5135,1604,Deposit,8368.75,1/8/2023,Winter
5135,5136,3362,Transfer,5517.16,5/28/2023,Spring
5136,5137,3850,Payment,5237.32,8/4/2023,Summer
5137,5138,2061,Deposit,2731.14,6/3/2024,Summer
5138,5139,4473,Withdrawal,2686.09,3/8/2023,Spring
5139,5140,4184,Payment,1400.14,8/13/2022,Summer
5140,5141,3346,Withdrawal,2974.25,6/16/2022,Summer
5141,5142,4070,Deposit,2172.11,7/8/2024,Summer
5142,5143,1853,Payment,7200.3,4/15/2024,Spring
5143,5144,2034,Transfer,8722.98,9/22/2024,Fall
5144,5145,1410,Deposit,2981.85,10/25/2022,Fall
5145,5146,3370,Withdrawal,4134.94,5/4/2024,Spring
5146,5147,3968,Payment,9562.09,2/14/2024,Winter
5147,5148,3617,Payment,516.75,3/8/2025,Spring
5148,5149,4109,Deposit,6716.33,5/2/2024,Spring
5149,5150,1454,Payment,9530.36,11/17/2022,Fall
5150,5151,2281,Payment,4774.66,11/24/2024,Fall
5151,5152,880,Transfer,1813.3,4/29/2025,Spring
5152,5153,3839,Withdrawal,3894.7,8/8/2022,Summer
5153,5154,4370,Deposit,2156.37,3/19/2024,Spring
5154,5155,49,Payment,2228.41,3/11/2024,Spring
5155,5156,2933,Transfer,4073.86,10/24/2022,Fall
5156,5157,1931,Withdrawal,967.22,3/13/2024,Spring
5157,5158,3242,Transfer,1796.79,10/24/2022,Fall
5158,5159,4816,Deposit,3160.15,10/11/2024,Fall
5159,5160,729,Withdrawal,6483.22,3/11/2025,Spring
5160,5161,614,Transfer,2726.45,6/14/2022,Summer
5161,5162,2594,Transfer,8141.74,5/14/2023,Spring
5162,5163,1959,Transfer,9670.42,10/8/2024,Fall
5163,5164,4386,Deposit,6377.58,4/16/2025,Spring
5164,5165,2024,Payment,2994.38,8/28/2022,Summer
5165,5166,2283,Transfer,1656.73,3/26/2024,Spring
5166,5167,1695,Deposit,4643.96,10/17/2022,Fall
5167,5168,4182,Deposit,3519.53,9/28/2022,Fall
5168,5169,1426,Transfer,9178.05,6/8/2022,Summer
5169,5170,2907,Transfer,6656.44,12/11/2023,Winter
5170,5171,3065,Payment,3984.17,9/21/2023,Fall
5171,5172,3178,Payment,882.71,4/28/2023,Spring
5172,5173,1443,Deposit,2757.4,11/11/2023,Fall
5173,5174,2197,Payment,4476.65,7/17/2023,Summer
5174,5175,2372,Payment,2462.45,5/2/2024,Spring
5175,5176,3579,Payment,73,9/13/2022,Fall
5176,5177,2516,Transfer,1707.65,8/1/2023,Summer
5177,5178,1738,Transfer,2795.18,11/14/2022,Fall
5178,5179,4890,Payment,2533.47,9/8/2023,Fall
5179,5180,866,Withdrawal,7322.01,6/27/2023,Summer
5180,5181,1970,Withdrawal,9367.83,5/19/2023,Spring
5181,5182,1053,Payment,9087.04,9/27/2023,Fall
5182,5183,3856,Deposit,8214.37,5/28/2024,Spring
5183,5184,2428,Withdrawal,1245.02,7/23/2023,Summer
5184,5185,4971,Payment,4209.78,2/2/2024,Winter
5185,5186,2963,Transfer,8829.9,9/8/2022,Fall
5186,5187,851,Payment,2230.55,4/8/2025,Spring
5187,5188,558,Payment,9995.44,11/21/2024,Fall
5188,5189,2165,Payment,8888.56,10/24/2022,Fall
5189,5190,709,Transfer,8802.42,12/21/2024,Winter
5190,5191,3563,Deposit,9937.72,6/28/2022,Summer
5191,5192,1838,Payment,659.46,8/6/2023,Summer
5192,5193,4159,Transfer,1950.9,1/9/2023,Winter
5193,5194,127,Transfer,7026.01,12/1/2024,Winter
5194,5195,1613,Withdrawal,4574.72,6/28/2024,Summer
5195,5196,3381,Payment,4300.4,11/13/2023,Fall
5196,5197,3953,Transfer,2211.9,7/21/2022,Summer
5197,5198,4657,Withdrawal,1052.94,7/1/2024,Summer
5198,5199,3376,Withdrawal,6760.11,5/17/2022,Spring
5199,5200,1606,Deposit,1977.8,2/25/2025,Winter
5200,5201,16,Withdrawal,1076.27,11/18/2024,Fall
5201,5202,3342,Transfer,8587.7,4/4/2024,Spring
5202,5203,3438,Deposit,3178.49,2/12/2025,Winter
5203,5204,4738,Withdrawal,2689.51,1/2/2023,Winter
5204,5205,2881,Transfer,3311.33,12/21/2022,Winter
5205,5206,2332,Withdrawal,6623.47,8/19/2024,Summer
5206,5207,3988,Deposit,6428.71,9/6/2024,Fall
5207,5208,2686,Transfer,2265.03,3/11/2024,Spring
5208,5209,1711,Deposit,2757.81,4/7/2025,Spring
5209,5210,4421,Payment,8515.26,3/13/2025,Spring
5210,5211,2796,Transfer,3005.92,5/9/2024,Spring
5211,5212,4201,Deposit,8985.46,11/17/2022,Fall
5212,5213,4480,Transfer,1088.66,7/20/2024,Summer
5213,5214,3985,Deposit,3970.01,9/18/2022,Fall
5214,5215,3167,Withdrawal,629.2,1/9/2025,Winter
5215,5216,4493,Transfer,5383.99,7/6/2023,Summer
5216,5217,1977,Payment,8252.55,11/2/2024,Fall
5217,5218,4870,Withdrawal,4851.25,5/16/2023,Spring
5218,5219,855,Transfer,5495.12,6/30/2024,Summer
5219,5220,291,Deposit,8995.19,9/16/2023,Fall
5220,5221,4774,Deposit,34.65,2/20/2023,Winter
5221,5222,3741,Payment,6648.94,10/14/2023,Fall
5222,5223,3831,Deposit,4779.62,10/20/2023,Fall
5223,5224,3692,Payment,8360.6,11/6/2024,Fall
5224,5225,3859,Transfer,3323.74,6/12/2024,Summer
5225,5226,2607,Withdrawal,2915.72,4/22/2024,Spring
5226,5227,2036,Deposit,7431.79,6/20/2022,Summer
5227,5228,127,Deposit,5636.39,3/29/2025,Spring
5228,5229,4287,Transfer,820.6,8/14/2023,Summer
5229,5230,1403,Withdrawal,6826.82,4/30/2025,Spring
5230,5231,2237,Deposit,5714.59,6/5/2023,Summer
5231,5232,3585,Withdrawal,65.11,12/16/2024,Winter
5232,5233,1932,Withdrawal,396.89,3/4/2023,Spring
5233,5234,4251,Payment,7412.5,8/19/2023,Summer
5234,5235,3588,Payment,1551.84,12/19/2023,Winter
5235,5236,1527,Withdrawal,210.29,5/26/2024,Spring
5236,5237,3568,Transfer,603.66,10/29/2023,Fall
5237,5238,3664,Payment,5509.36,4/10/2025,Spring
5238,5239,2305,Withdrawal,4160.15,11/12/2024,Fall
5239,5240,4482,Transfer,4730.74,12/4/2024,Winter
5240,5241,1225,Withdrawal,1885.88,7/4/2024,Summer
5241,5242,4615,Deposit,1805.44,9/7/2023,Fall
5242,5243,4433,Payment,8684.49,2/26/2025,Winter
5243,5244,2493,Deposit,7942.64,2/23/2024,Winter
5244,5245,3475,Payment,5688.89,7/15/2022,Summer
5245,5246,2254,Transfer,4131.7,10/9/2024,Fall
5246,5247,579,Transfer,4549.44,11/6/2022,Fall
5247,5248,86,Transfer,6439.57,10/27/2023,Fall
5248,5249,1145,Transfer,6552.58,9/29/2022,Fall
5249,5250,1412,Withdrawal,5670.73,1/25/2023,Winter
5250,5251,3997,Transfer,3270.16,10/9/2024,Fall
5251,5252,1471,Withdrawal,2822.59,4/3/2025,Spring
5252,5253,951,Withdrawal,882.8,2/5/2025,Winter
5253,5254,2832,Transfer,1168.71,1/5/2024,Winter
5254,5255,4516,Deposit,3635.38,9/29/2024,Fall
5255,5256,4247,Payment,6429.22,2/5/2023,Winter
5256,5257,1510,Deposit,5632.73,9/30/2022,Fall
5257,5258,1145,Payment,8505.75,4/17/2025,Spring
5258,5259,270,Transfer,8162.32,10/31/2024,Fall
5259,5260,2319,Deposit,7537.51,11/11/2023,Fall
5260,5261,3447,Withdrawal,5620.5,5/13/2022,Spring
5261,5262,541,Withdrawal,7654.34,3/11/2024,Spring
5262,5263,4114,Withdrawal,4748.73,10/26/2024,Fall
5263,5264,800,Payment,1511.96,11/18/2024,Fall
5264,5265,2726,Payment,2613.34,7/27/2024,Summer
5265,5266,961,Deposit,5311.83,7/23/2024,Summer
5266,5267,2528,Deposit,9773.39,7/9/2024,Summer
5267,5268,1488,Deposit,7441.47,10/12/2022,Fall
5268,5269,3250,Transfer,1533.35,4/26/2025,Spring
5269,5270,3193,Withdrawal,2675.14,5/24/2023,Spring
5270,5271,3542,Deposit,7260.97,7/25/2023,Summer
5271,5272,1726,Deposit,9476.47,5/19/2024,Spring
5272,5273,895,Withdrawal,8606.18,12/23/2023,Winter
5273,5274,3249,Withdrawal,5135.47,3/9/2025,Spring
5274,5275,2756,Transfer,9045.03,5/11/2023,Spring
5275,5276,3104,Deposit,1284.5,9/28/2022,Fall
5276,5277,4458,Deposit,2134.31,11/26/2024,Fall
5277,5278,2368,Payment,7654.31,12/5/2022,Winter
5278,5279,4551,Deposit,3147.33,10/27/2022,Fall
5279,5280,3077,Payment,6674.76,11/7/2024,Fall
5280,5281,2465,Withdrawal,8330.05,7/16/2022,Summer
5281,5282,2003,Payment,7596.22,9/21/2023,Fall
5282,5283,2086,Payment,4211.85,1/21/2024,Winter
5283,5284,4988,Deposit,5814.98,2/4/2025,Winter
5284,5285,4106,Withdrawal,1675.71,9/12/2023,Fall
5285,5286,1154,Transfer,7868.91,10/11/2022,Fall
5286,5287,998,Transfer,7257.54,7/16/2022,Summer
5287,5288,1520,Transfer,5812.3,6/14/2022,Summer
5288,5289,681,Withdrawal,7337.11,5/6/2024,Spring
5289,5290,3645,Withdrawal,9019.05,12/1/2024,Winter
5290,5291,4827,Payment,7483.28,1/31/2024,Winter
5291,5292,195,Payment,7528.96,10/2/2024,Fall
5292,5293,3113,Deposit,8240.29,12/1/2022,Winter
5293,5294,4247,Payment,477.45,2/6/2023,Winter
5294,5295,4788,Transfer,1082.23,10/1/2022,Fall
5295,5296,714,Withdrawal,6833.84,10/24/2024,Fall
5296,5297,4427,Deposit,9178.59,3/11/2025,Spring
5297,5298,2663,Withdrawal,7476.33,5/16/2022,Spring
5298,5299,3517,Transfer,8582.17,7/1/2023,Summer
5299,5300,3766,Deposit,8933.79,4/26/2024,Spring
5300,5301,3748,Deposit,520,1/29/2024,Winter
5301,5302,4438,Deposit,8447.21,10/26/2022,Fall
5302,5303,1880,Payment,186.42,8/30/2022,Summer
5303,5304,3082,Deposit,2434.45,8/7/2022,Summer
5304,5305,1546,Withdrawal,1043.72,2/23/2024,Winter
5305,5306,3132,Deposit,3093.51,3/2/2024,Spring
5306,5307,3716,Transfer,6884.22,9/1/2023,Fall
5307,5308,3230,Withdrawal,242.67,3/23/2024,Spring
5308,5309,1775,Transfer,3744.7,11/18/2023,Fall
5309,5310,3090,Transfer,6169.78,5/11/2024,Spring
5310,5311,776,Withdrawal,1175.37,3/17/2024,Spring
5311,5312,1,Transfer,5209.7,5/10/2025,Spring
5312,5313,3945,Deposit,306.82,10/16/2023,Fall
5313,5314,4935,Deposit,4402.46,10/29/2023,Fall
5314,5315,4217,Withdrawal,8904.51,8/9/2023,Summer
5315,5316,2421,Payment,8469.02,7/13/2022,Summer
5316,5317,2432,Payment,7044.76,11/18/2022,Fall
5317,5318,4489,Withdrawal,4544.34,2/12/2024,Winter
5318,5319,1753,Payment,5508.54,11/19/2022,Fall
5319,5320,1981,Payment,114.88,1/18/2023,Winter
5320,5321,3791,Transfer,8876.52,7/27/2024,Summer
5321,5322,1929,Transfer,8554.64,4/26/2023,Spring
5322,5323,4276,Transfer,9129.15,6/20/2023,Summer
5323,5324,3809,Payment,229.86,6/23/2023,Summer
5324,5325,3454,Withdrawal,9086.96,4/16/2023,Spring
5325,5326,3720,Payment,3334.05,3/13/2023,Spring
5326,5327,2492,Payment,799.3,6/22/2024,Summer
5327,5328,3291,Deposit,9330.05,7/5/2024,Summer
5328,5329,4991,Transfer,8352.27,4/21/2023,Spring
5329,5330,908,Payment,5902.58,11/24/2023,Fall
5330,5331,3074,Withdrawal,2956.85,5/24/2022,Spring
5331,5332,846,Withdrawal,5765.27,9/23/2023,Fall
5332,5333,4933,Deposit,5827.69,8/2/2023,Summer
5333,5334,3425,Withdrawal,2311.81,7/27/2024,Summer
5334,5335,4459,Payment,7609.56,9/28/2023,Fall
5335,5336,3933,Deposit,6483.96,11/18/2024,Fall
5336,5337,992,Deposit,4940.4,8/29/2024,Summer
5337,5338,280,Transfer,5611.54,5/29/2022,Spring
5338,5339,181,Withdrawal,3889.01,9/18/2024,Fall
5339,5340,806,Payment,6986.83,5/10/2023,Spring
5340,5341,3461,Deposit,1864.18,5/27/2022,Spring
5341,5342,3264,Deposit,7200.69,11/28/2022,Fall
5342,5343,1683,Payment,4018.48,12/22/2023,Winter
5343,5344,1687,Deposit,3704.24,12/4/2023,Winter
5344,5345,3738,Payment,2925.27,7/8/2024,Summer
5345,5346,2266,Payment,9565.74,10/19/2022,Fall
5346,5347,2653,Withdrawal,1725.2,4/1/2025,Spring
5347,5348,2258,Deposit,7140.48,6/14/2023,Summer
5348,5349,4283,Withdrawal,4070.41,2/24/2023,Winter
5349,5350,2390,Payment,7980.94,4/12/2024,Spring
5350,5351,3908,Deposit,3405.09,3/26/2025,Spring
5351,5352,24,Withdrawal,5670.24,1/3/2023,Winter
5352,5353,2744,Withdrawal,911.11,8/5/2023,Summer
5353,5354,261,Transfer,9579.32,3/24/2024,Spring
5354,5355,838,Payment,4190.24,9/1/2022,Fall
5355,5356,305,Withdrawal,6513.52,9/27/2022,Fall
5356,5357,2042,Transfer,3983.74,1/17/2023,Winter
5357,5358,3280,Transfer,4768.45,4/14/2024,Spring
5358,5359,784,Payment,3383.12,10/2/2024,Fall
5359,5360,3646,Transfer,2695.58,8/10/2023,Summer
5360,5361,1315,Deposit,770.76,6/23/2024,Summer
5361,5362,184,Transfer,8716.17,12/24/2024,Winter
5362,5363,3837,Deposit,4097.69,12/16/2024,Winter
5363,5364,2011,Deposit,3571.43,12/4/2024,Winter
5364,5365,1396,Transfer,2050.43,5/14/2024,Spring
5365,5366,2273,Withdrawal,6176.32,5/13/2022,Spring
5366,5367,2982,Deposit,3436.87,5/13/2023,Spring
5367,5368,3026,Transfer,7971.3,1/30/2025,Winter
5368,5369,2936,Transfer,2613.54,12/27/2022,Winter
5369,5370,86,Deposit,5249.97,3/24/2024,Spring
5370,5371,1736,Transfer,2240.91,11/9/2024,Fall
5371,5372,951,Withdrawal,6064.77,6/15/2022,Summer
5372,5373,3368,Withdrawal,9506.17,5/2/2024,Spring
5373,5374,3476,Withdrawal,9144.35,9/21/2022,Fall
5374,5375,4720,Deposit,1975.34,7/9/2022,Summer
5375,5376,4793,Payment,4515.4,6/17/2022,Summer
5376,5377,3685,Withdrawal,9730.82,9/8/2024,Fall
5377,5378,3166,Payment,7955.15,5/4/2025,Spring
5378,5379,721,Transfer,6264.11,9/11/2022,Fall
5379,5380,568,Transfer,5862.23,8/18/2023,Summer
5380,5381,2226,Withdrawal,34.24,4/28/2025,Spring
5381,5382,3450,Payment,7850.27,7/29/2022,Summer
5382,5383,3427,Payment,612.52,2/17/2025,Winter
5383,5384,3571,Transfer,3106.85,10/13/2023,Fall
5384,5385,2328,Withdrawal,4331.17,12/13/2023,Winter
5385,5386,4207,Transfer,9854.6,7/19/2023,Summer
5386,5387,4517,Payment,9020.22,6/25/2022,Summer
5387,5388,4180,Withdrawal,8638.24,10/18/2022,Fall
5388,5389,4774,Deposit,6195.43,10/6/2022,Fall
5389,5390,4462,Transfer,8459.63,8/27/2023,Summer
5390,5391,9,Transfer,5969.96,8/30/2023,Summer
5391,5392,2292,Withdrawal,5202.32,7/27/2022,Summer
5392,5393,2260,Payment,1906.99,6/15/2022,Summer
5393,5394,1767,Transfer,3130.09,9/28/2023,Fall
5394,5395,4446,Deposit,5601.14,12/8/2024,Winter
5395,5396,3137,Transfer,2281.93,5/17/2022,Spring
5396,5397,285,Deposit,5509.67,2/12/2025,Winter
5397,5398,3127,Transfer,2680.01,7/19/2024,Summer
5398,5399,1570,Deposit,3653.95,9/5/2024,Fall
5399,5400,1444,Transfer,8916.31,11/21/2022,Fall
5400,5401,78,Transfer,8346.97,8/26/2022,Summer
5401,5402,2995,Transfer,7288.53,9/17/2024,Fall
5402,5403,3392,Payment,1380.82,3/28/2023,Spring
5403,5404,4073,Withdrawal,5381.18,2/2/2024,Winter
5404,5405,4164,Payment,418.75,8/29/2024,Summer
5405,5406,605,Withdrawal,7136.47,12/30/2024,Winter
5406,5407,2435,Transfer,7151,4/6/2023,Spring
5407,5408,4780,Payment,9130.42,5/18/2023,Spring
5408,5409,1269,Payment,443.36,9/14/2022,Fall
5409,5410,3990,Transfer,1142.95,4/18/2024,Spring
5410,5411,368,Transfer,3752.69,6/17/2024,Summer
5411,5412,4316,Withdrawal,3847.99,12/26/2023,Winter
5412,5413,3321,Deposit,4421.15,1/8/2023,Winter
5413,5414,1852,Payment,3857.55,4/9/2024,Spring
5414,5415,1541,Transfer,5145.71,7/27/2024,Summer
5415,5416,257,Withdrawal,4798.48,6/11/2022,Summer
5416,5417,3131,Deposit,5300.72,9/17/2024,Fall
5417,5418,1987,Deposit,8550.43,6/30/2024,Summer
5418,5419,4858,Deposit,1304.68,2/1/2024,Winter
5419,5420,1675,Payment,7860.42,8/16/2024,Summer
5420,5421,1791,Withdrawal,5749.01,2/21/2024,Winter
5421,5422,2006,Transfer,1206.64,4/11/2023,Spring
5422,5423,2593,Transfer,5702.23,5/4/2025,Spring
5423,5424,183,Withdrawal,6113.18,4/5/2025,Spring
5424,5425,2077,Transfer,3500.66,8/8/2022,Summer
5425,5426,893,Transfer,8142.74,7/3/2022,Summer
5426,5427,3188,Deposit,9634.5,7/31/2024,Summer
5427,5428,2393,Payment,4965.6,12/2/2024,Winter
5428,5429,4759,Deposit,626.39,6/12/2022,Summer
5429,5430,1232,Deposit,5392.8,4/4/2024,Spring
5430,5431,1367,Payment,7464.55,9/23/2022,Fall
5431,5432,4650,Withdrawal,5153.77,5/19/2024,Spring
5432,5433,4550,Withdrawal,8644.38,9/29/2024,Fall
5433,5434,1075,Transfer,1476.39,8/6/2024,Summer
5434,5435,376,Payment,8429.19,1/3/2025,Winter
5435,5436,2523,Transfer,4199.79,7/10/2023,Summer
5436,5437,3411,Transfer,1135.84,6/14/2024,Summer
5437,5438,4771,Withdrawal,207.24,8/14/2024,Summer
5438,5439,3155,Deposit,25.96,5/22/2024,Spring
5439,5440,4212,Withdrawal,4827.83,6/24/2022,Summer
5440,5441,1667,Payment,5723.96,2/19/2024,Winter
5441,5442,3406,Withdrawal,5495.88,6/1/2024,Summer
5442,5443,3757,Payment,2118.79,2/19/2025,Winter
5443,5444,1544,Withdrawal,5174.11,11/16/2022,Fall
5444,5445,2883,Withdrawal,8454.13,11/18/2024,Fall
5445,5446,2971,Withdrawal,4352.84,2/26/2025,Winter
5446,5447,3145,Transfer,8269.1,1/19/2025,Winter
5447,5448,3559,Withdrawal,568.11,4/22/2024,Spring
5448,5449,4660,Transfer,7832.51,8/13/2023,Summer
5449,5450,1747,Deposit,1459.7,10/5/2023,Fall
5450,5451,2730,Transfer,8588.96,8/1/2022,Summer
5451,5452,4736,Payment,3524.06,10/26/2022,Fall
5452,5453,326,Payment,2290.17,7/15/2023,Summer
5453,5454,239,Payment,7806.94,4/12/2023,Spring
5454,5455,2205,Transfer,7244.95,10/20/2022,Fall
5455,5456,18,Withdrawal,850.52,7/14/2023,Summer
5456,5457,3747,Transfer,8417.58,5/29/2024,Spring
5457,5458,2126,Withdrawal,7764.2,5/12/2024,Spring
5458,5459,3276,Deposit,8557.01,9/21/2024,Fall
5459,5460,3869,Transfer,3479.67,3/20/2025,Spring
5460,5461,2719,Deposit,7543.78,10/14/2024,Fall
5461,5462,3986,Withdrawal,8838.55,1/6/2023,Winter
5462,5463,4269,Transfer,4625.52,11/22/2022,Fall
5463,5464,2987,Payment,5107.1,11/20/2022,Fall
5464,5465,4819,Payment,7224.51,3/14/2024,Spring
5465,5466,3538,Payment,4267,4/16/2023,Spring
5466,5467,3396,Payment,1503.07,6/19/2023,Summer
5467,5468,803,Transfer,8713.61,8/22/2024,Summer
5468,5469,1125,Payment,6245.5,7/4/2022,Summer
5469,5470,572,Withdrawal,8247.73,10/17/2023,Fall
5470,5471,2387,Withdrawal,7460.1,4/27/2024,Spring
5471,5472,2396,Deposit,9666,6/9/2024,Summer
5472,5473,4282,Withdrawal,3200.13,11/13/2023,Fall
5473,5474,4306,Transfer,8532.79,9/8/2023,Fall
5474,5475,991,Withdrawal,8940.56,1/1/2025,Winter
5475,5476,2904,Transfer,34.45,2/26/2025,Winter
5476,5477,900,Transfer,9706.49,8/9/2023,Summer
5477,5478,1383,Deposit,957.54,2/7/2025,Winter
5478,5479,3304,Withdrawal,3530.29,10/6/2022,Fall
5479,5480,4512,Withdrawal,2007.58,12/19/2022,Winter
5480,5481,3516,Payment,8467.93,5/7/2024,Spring
5481,5482,3374,Payment,1263.74,6/21/2023,Summer
5482,5483,3878,Withdrawal,3631.62,5/10/2025,Spring
5483,5484,2080,Withdrawal,4905.79,2/10/2025,Winter
5484,5485,3912,Transfer,6153.2,1/23/2024,Winter
5485,5486,1601,Deposit,1036.9,6/23/2023,Summer
5486,5487,4007,Deposit,4141.29,6/5/2024,Summer
5487,5488,154,Deposit,4218.23,1/17/2025,Winter
5488,5489,42,Withdrawal,9035.39,4/9/2024,Spring
5489,5490,1882,Withdrawal,3977.93,3/10/2023,Spring
5490,5491,3289,Deposit,9115.29,7/16/2023,Summer
5491,5492,2321,Withdrawal,6738.01,5/29/2024,Spring
5492,5493,248,Payment,115.85,12/29/2023,Winter
5493,5494,2449,Transfer,1795.9,2/17/2023,Winter
5494,5495,2073,Deposit,2278.92,3/25/2025,Spring
5495,5496,4428,Transfer,8769.46,9/4/2022,Fall
5496,5497,233,Deposit,7936.18,2/18/2023,Winter
5497,5498,2984,Withdrawal,2537.85,4/15/2025,Spring
5498,5499,4508,Withdrawal,5377.69,3/23/2025,Spring
5499,5500,896,Withdrawal,1973.6,6/6/2022,Summer
5500,5501,171,Withdrawal,5344.84,4/24/2024,Spring
5501,5502,3870,Deposit,257.85,10/9/2023,Fall
5502,5503,128,Transfer,7862.64,1/10/2023,Winter
5503,5504,2345,Payment,5394.86,5/6/2025,Spring
5504,5505,4912,Deposit,9128.11,12/19/2024,Winter
5505,5506,3349,Withdrawal,1762.73,1/23/2025,Winter
5506,5507,3067,Payment,3064.98,8/9/2023,Summer
5507,5508,969,Withdrawal,4846.05,2/2/2025,Winter
5508,5509,2394,Withdrawal,9049.35,12/22/2023,Winter
5509,5510,469,Withdrawal,5533.7,10/29/2022,Fall
5510,5511,3203,Deposit,5999.2,3/5/2024,Spring
5511,5512,2727,Transfer,4231.41,12/4/2024,Winter
5512,5513,815,Deposit,940.51,11/26/2024,Fall
5513,5514,2074,Deposit,9388.33,2/2/2025,Winter
5514,5515,4621,Deposit,4208.89,2/29/2024,Winter
5515,5516,3909,Withdrawal,8711.39,12/14/2023,Winter
5516,5517,3621,Withdrawal,3095.73,3/12/2025,Spring
5517,5518,2691,Deposit,8808.04,7/7/2024,Summer
5518,5519,3899,Deposit,6104.25,9/1/2022,Fall
5519,5520,2755,Payment,179.7,5/26/2022,Spring
5520,5521,941,Deposit,2485.06,6/5/2024,Summer
5521,5522,4321,Deposit,2020.1,7/16/2024,Summer
5522,5523,1051,Deposit,9297.14,3/19/2024,Spring
5523,5524,4,Payment,5241.31,5/25/2022,Spring
5524,5525,36,Payment,4381.35,1/4/2024,Winter
5525,5526,2808,Withdrawal,1949.02,6/19/2024,Summer
5526,5527,932,Withdrawal,9076.67,11/19/2023,Fall
5527,5528,876,Transfer,5524,1/5/2025,Winter
5528,5529,1866,Payment,3686.94,5/21/2023,Spring
5529,5530,2949,Deposit,9132.34,12/27/2023,Winter
5530,5531,4479,Payment,214.24,5/24/2024,Spring
5531,5532,2865,Withdrawal,3553.81,3/14/2025,Spring
5532,5533,1994,Deposit,9646.05,3/3/2024,Spring
5533,5534,2943,Payment,7413.16,8/9/2022,Summer
5534,5535,1998,Deposit,4320.52,5/11/2023,Spring
5535,5536,1467,Deposit,440.62,8/25/2022,Summer
5536,5537,2402,Payment,6948.87,9/29/2022,Fall
5537,5538,3827,Transfer,1809.09,11/2/2023,Fall
5538,5539,4990,Payment,4969.54,4/4/2025,Spring
5539,5540,3737,Payment,6706.66,3/7/2025,Spring
5540,5541,2399,Payment,4504.18,12/24/2022,Winter
5541,5542,1088,Payment,4888.99,7/1/2024,Summer
5542,5543,2307,Withdrawal,4095.3,3/1/2025,Spring
5543,5544,4833,Transfer,6849.69,3/12/2024,Spring
5544,5545,3996,Deposit,1607.01,6/14/2023,Summer
5545,5546,2025,Withdrawal,1120.77,11/9/2024,Fall
5546,5547,1611,Deposit,4698.94,7/9/2022,Summer
5547,5548,1904,Payment,5679.61,4/26/2023,Spring
5548,5549,3139,Deposit,644.47,7/28/2024,Summer
5549,5550,1248,Deposit,2107.22,4/20/2024,Spring
5550,5551,4735,Deposit,3158.71,11/29/2024,Fall
5551,5552,1841,Payment,6193.85,4/23/2025,Spring
5552,5553,3624,Withdrawal,4416.26,10/28/2023,Fall
5553,5554,4582,Withdrawal,1365.85,1/10/2025,Winter
5554,5555,4806,Payment,866.46,6/29/2022,Summer
5555,5556,1799,Transfer,135.3,9/11/2024,Fall
5556,5557,2539,Withdrawal,8772.28,6/26/2022,Summer
5557,5558,380,Transfer,6431.13,12/2/2024,Winter
5558,5559,4448,Deposit,666.97,11/29/2022,Fall
5559,5560,3038,Payment,3082.33,11/7/2024,Fall
5560,5561,1834,Deposit,7168.36,5/21/2024,Spring
5561,5562,1460,Withdrawal,8214.85,9/9/2023,Fall
5562,5563,2847,Payment,2509.25,5/31/2024,Spring
5563,5564,4002,Transfer,1647.53,9/8/2022,Fall
5564,5565,3501,Transfer,7788.91,11/27/2023,Fall
5565,5566,3488,Payment,7891.13,11/28/2024,Fall
5566,5567,1226,Payment,6849.58,9/24/2023,Fall
5567,5568,1866,Deposit,5055.33,1/22/2024,Winter
5568,5569,18,Payment,8988.89,5/6/2023,Spring
5569,5570,1410,Withdrawal,6572.58,5/24/2024,Spring
5570,5571,2585,Deposit,6249.6,3/10/2023,Spring
5571,5572,984,Payment,5253.53,4/23/2025,Spring
5572,5573,2920,Transfer,7770.76,12/11/2024,Winter
5573,5574,1441,Transfer,9747.14,7/18/2024,Summer
5574,5575,1729,Deposit,2439.71,9/4/2023,Fall
5575,5576,69,Withdrawal,8399.7,5/23/2022,Spring
5576,5577,3562,Payment,9932.21,9/22/2024,Fall
5577,5578,4967,Payment,51.35,3/4/2025,Spring
5578,5579,2192,Deposit,2491.98,11/17/2024,Fall
5579,5580,747,Payment,1997.28,11/1/2023,Fall
5580,5581,1247,Withdrawal,1175.38,10/23/2023,Fall
5581,5582,3000,Payment,5452.68,5/2/2023,Spring
5582,5583,109,Transfer,6710.79,4/17/2023,Spring
5583,5584,4192,Withdrawal,6440.94,6/27/2022,Summer
5584,5585,1251,Payment,6740.72,7/17/2024,Summer
5585,5586,3209,Deposit,7439.81,2/23/2025,Winter
5586,5587,2914,Payment,751.56,2/10/2024,Winter
5587,5588,3427,Deposit,9535.87,7/14/2022,Summer
5588,5589,2434,Payment,6128.38,8/23/2022,Summer
5589,5590,88,Transfer,8785.67,4/27/2023,Spring
5590,5591,3242,Payment,1728.75,3/18/2024,Spring
5591,5592,4196,Transfer,2241.98,3/17/2025,Spring
5592,5593,3543,Transfer,6888.05,12/6/2022,Winter
5593,5594,4076,Deposit,5566.17,2/6/2023,Winter
5594,5595,55,Payment,1941.6,3/8/2023,Spring
5595,5596,2789,Withdrawal,5789.03,6/20/2023,Summer
5596,5597,4881,Transfer,3563.76,5/19/2023,Spring
5597,5598,1794,Transfer,7270,12/2/2024,Winter
5598,5599,2957,Deposit,3603.72,6/23/2022,Summer
5599,5600,1358,Payment,7179.8,5/3/2023,Spring
5600,5601,848,Withdrawal,3249.33,2/15/2025,Winter
5601,5602,3493,Transfer,9449.87,1/23/2025,Winter
5602,5603,4595,Withdrawal,3698.17,1/16/2024,Winter
5603,5604,1387,Deposit,4464.79,10/16/2024,Fall
5604,5605,1146,Payment,2517.09,2/25/2023,Winter
5605,5606,4153,Withdrawal,525.35,9/13/2023,Fall
5606,5607,1676,Withdrawal,4823.04,11/20/2024,Fall
5607,5608,2759,Withdrawal,3674.77,8/22/2022,Summer
5608,5609,2178,Deposit,2165.57,9/18/2023,Fall
5609,5610,806,Deposit,4243.58,7/25/2023,Summer
5610,5611,1560,Transfer,8317.89,10/10/2023,Fall
5611,5612,2582,Payment,1027.93,3/19/2024,Spring
5612,5613,3268,Deposit,7880.21,9/24/2024,Fall
5613,5614,2244,Deposit,6675.5,5/25/2023,Spring
5614,5615,2647,Deposit,8478.59,10/10/2024,Fall
5615,5616,3516,Withdrawal,942.9,5/27/2023,Spring
5616,5617,4154,Deposit,5507.12,10/27/2023,Fall
5617,5618,4692,Withdrawal,6528.62,3/13/2023,Spring
5618,5619,3610,Withdrawal,1653.8,2/19/2024,Winter
5619,5620,1923,Payment,7753.78,2/25/2024,Winter
5620,5621,1984,Payment,8106.8,10/30/2023,Fall
5621,5622,687,Payment,8530.11,6/12/2024,Summer
5622,5623,1702,Deposit,9806.01,10/17/2024,Fall
5623,5624,2471,Withdrawal,6567.95,6/20/2022,Summer
5624,5625,1030,Transfer,7012.99,5/4/2024,Spring
5625,5626,4050,Payment,8343.91,6/4/2024,Summer
5626,5627,3701,Transfer,105.74,1/8/2024,Winter
5627,5628,4408,Withdrawal,6786.42,12/29/2024,Winter
5628,5629,3055,Withdrawal,3005.35,6/18/2022,Summer
5629,5630,3036,Payment,449.34,3/16/2023,Spring
5630,5631,4644,Payment,4409.09,7/31/2024,Summer
5631,5632,4681,Deposit,8784.75,3/30/2023,Spring
5632,5633,4623,Transfer,4482.4,7/5/2024,Summer
5633,5634,4702,Payment,6655.93,2/26/2025,Winter
5634,5635,1884,Deposit,3247.25,9/10/2023,Fall
5635,5636,4885,Transfer,2062.11,8/2/2024,Summer
5636,5637,4242,Payment,3125.61,11/23/2024,Fall
5637,5638,1882,Payment,5332.85,4/20/2024,Spring
5638,5639,2109,Withdrawal,7163.37,11/8/2023,Fall
5639,5640,1757,Transfer,8704.9,1/24/2025,Winter
5640,5641,1720,Payment,8448.52,6/27/2024,Summer
5641,5642,4063,Payment,7920.21,1/4/2024,Winter
5642,5643,924,Deposit,9163.94,5/24/2022,Spring
5643,5644,4866,Deposit,5259.77,7/18/2024,Summer
5644,5645,4284,Deposit,1569.77,5/4/2023,Spring
5645,5646,1169,Deposit,6423.88,10/15/2022,Fall
5646,5647,547,Transfer,3278.9,2/25/2025,Winter
5647,5648,2087,Transfer,9757.9,6/9/2024,Summer
5648,5649,4579,Payment,6001.48,2/12/2023,Winter
5649,5650,151,Deposit,2460.83,6/24/2023,Summer
5650,5651,916,Payment,3680.94,12/13/2023,Winter
5651,5652,3146,Withdrawal,7982.22,11/30/2022,Fall
5652,5653,2096,Deposit,3247.88,8/26/2022,Summer
5653,5654,1448,Payment,1790.14,11/14/2022,Fall
5654,5655,65,Withdrawal,1541.42,7/18/2022,Summer
5655,5656,3329,Payment,3617.54,8/17/2024,Summer
5656,5657,2326,Withdrawal,8835.62,5/27/2024,Spring
5657,5658,4548,Payment,2367.23,11/5/2022,Fall
5658,5659,424,Deposit,9773.35,5/26/2023,Spring
5659,5660,2600,Withdrawal,356.93,7/26/2024,Summer
5660,5661,1327,Transfer,4700.93,11/3/2024,Fall
5661,5662,1798,Deposit,8646.24,6/26/2022,Summer
5662,5663,4702,Deposit,3380.34,12/26/2024,Winter
5663,5664,3126,Transfer,5993.55,12/19/2023,Winter
5664,5665,4488,Payment,9577.34,2/9/2023,Winter
5665,5666,4138,Transfer,6623.4,6/20/2022,Summer
5666,5667,3604,Payment,1985.09,9/15/2024,Fall
5667,5668,2920,Transfer,1036.94,5/15/2024,Spring
5668,5669,1094,Transfer,8041.7,10/25/2022,Fall
5669,5670,1023,Payment,4010.91,8/26/2022,Summer
5670,5671,2370,Withdrawal,7408.53,2/6/2023,Winter
5671,5672,3676,Payment,5868.82,9/5/2022,Fall
5672,5673,2259,Withdrawal,8316.86,8/18/2024,Summer
5673,5674,1567,Deposit,2380.31,12/20/2024,Winter
5674,5675,2789,Payment,3036.84,9/4/2023,Fall
5675,5676,4964,Withdrawal,2216.02,8/22/2022,Summer
5676,5677,1314,Deposit,6129.03,10/26/2024,Fall
5677,5678,1747,Withdrawal,2339.5,4/5/2024,Spring
5678,5679,1460,Withdrawal,2226.11,11/6/2023,Fall
5679,5680,4525,Deposit,5321.37,5/2/2023,Spring
5680,5681,2482,Deposit,302.53,7/1/2024,Summer
5681,5682,4411,Transfer,1279.72,5/7/2024,Spring
5682,5683,2427,Payment,1856.9,4/21/2024,Spring
5683,5684,4119,Transfer,9661.15,11/10/2024,Fall
5684,5685,283,Transfer,2474.91,6/11/2022,Summer
5685,5686,2301,Payment,6933.45,8/16/2022,Summer
5686,5687,1044,Withdrawal,4449.45,7/20/2023,Summer
5687,5688,592,Deposit,7857.53,10/14/2022,Fall
5688,5689,3229,Transfer,8595.18,7/5/2024,Summer
5689,5690,1634,Deposit,2780.44,1/13/2023,Winter
5690,5691,3645,Transfer,4639.59,10/23/2024,Fall
5691,5692,4280,Deposit,98.55,5/28/2023,Spring
5692,5693,4714,Withdrawal,4831.7,7/31/2024,Summer
5693,5694,3645,Withdrawal,2671.93,3/22/2024,Spring
5694,5695,830,Transfer,6177.38,4/3/2024,Spring
5695,5696,648,Payment,808.6,4/14/2024,Spring
5696,5697,793,Deposit,3276.51,4/22/2023,Spring
5697,5698,1945,Withdrawal,4730.57,3/24/2024,Spring
5698,5699,782,Withdrawal,2307.65,3/6/2023,Spring
5699,5700,1229,Transfer,5191.22,2/21/2025,Winter
5700,5701,4802,Transfer,3990.38,6/30/2022,Summer
5701,5702,2503,Withdrawal,5821.04,10/2/2022,Fall
5702,5703,4944,Deposit,7182.56,3/5/2024,Spring
5703,5704,1976,Payment,6222.72,10/20/2024,Fall
5704,5705,254,Transfer,8037.82,7/15/2022,Summer
5705,5706,154,Withdrawal,8912.37,2/15/2024,Winter
5706,5707,3280,Deposit,570.82,10/15/2024,Fall
5707,5708,218,Withdrawal,3221.3,6/12/2022,Summer
5708,5709,2013,Transfer,459.06,5/6/2025,Spring
5709,5710,893,Withdrawal,8801.83,1/2/2024,Winter
5710,5711,2550,Transfer,9680.68,6/20/2023,Summer
5711,5712,4713,Withdrawal,4366.93,9/19/2024,Fall
5712,5713,2649,Withdrawal,4976.66,9/7/2024,Fall
5713,5714,2179,Withdrawal,847.57,9/26/2022,Fall
5714,5715,3661,Withdrawal,1879.23,5/8/2024,Spring
5715,5716,1763,Withdrawal,362.54,8/5/2023,Summer
5716,5717,4911,Withdrawal,346.31,9/18/2023,Fall
5717,5718,345,Transfer,6858.48,10/28/2022,Fall
5718,5719,4065,Deposit,2404.18,1/29/2024,Winter
5719,5720,3325,Payment,4997.4,8/25/2023,Summer
5720,5721,4304,Withdrawal,1618.37,11/13/2024,Fall
5721,5722,3338,Transfer,1733.59,11/7/2024,Fall
5722,5723,360,Transfer,2944.12,3/19/2025,Spring
5723,5724,3849,Payment,7315.47,11/6/2023,Fall
5724,5725,2096,Transfer,4839.04,12/10/2022,Winter
5725,5726,3750,Transfer,3288.8,10/26/2024,Fall
5726,5727,1262,Deposit,3793.47,2/6/2023,Winter
5727,5728,872,Withdrawal,2709.84,7/17/2024,Summer
5728,5729,4908,Deposit,6460.36,1/30/2023,Winter
5729,5730,2957,Payment,499.99,8/2/2022,Summer
5730,5731,717,Payment,1016.46,11/19/2024,Fall
5731,5732,4772,Transfer,9151.72,7/24/2022,Summer
5732,5733,3975,Withdrawal,2578.08,1/2/2023,Winter
5733,5734,808,Transfer,3341.33,11/29/2023,Fall
5734,5735,526,Deposit,8476.87,2/19/2023,Winter
5735,5736,4869,Payment,1941.81,12/1/2023,Winter
5736,5737,4030,Withdrawal,3192.74,3/7/2024,Spring
5737,5738,2408,Transfer,6221.56,5/31/2024,Spring
5738,5739,3874,Withdrawal,8561.28,10/2/2022,Fall
5739,5740,3895,Transfer,5272.42,3/27/2023,Spring
5740,5741,4002,Payment,1102.06,10/9/2022,Fall
5741,5742,3561,Withdrawal,1337.02,12/28/2023,Winter
5742,5743,4127,Payment,8732.34,10/22/2024,Fall
5743,5744,808,Payment,2843.97,4/17/2025,Spring
5744,5745,2852,Payment,8232.98,5/1/2024,Spring
5745,5746,714,Withdrawal,7715.47,11/22/2023,Fall
5746,5747,4453,Withdrawal,7497.73,9/23/2022,Fall
5747,5748,1893,Withdrawal,6633.36,9/16/2024,Fall
5748,5749,4884,Withdrawal,9222.01,2/19/2025,Winter
5749,5750,890,Transfer,8372.43,6/11/2023,Summer
5750,5751,1166,Withdrawal,8892.98,3/17/2023,Spring
5751,5752,4774,Payment,331.81,5/12/2022,Spring
5752,5753,378,Payment,6132.4,11/8/2022,Fall
5753,5754,700,Withdrawal,1923.94,1/27/2023,Winter
5754,5755,1794,Transfer,2846.85,3/25/2024,Spring
5755,5756,1169,Transfer,2803.13,2/7/2023,Winter
5756,5757,2661,Withdrawal,6623.93,2/16/2025,Winter
5757,5758,1598,Transfer,4068.5,4/25/2025,Spring
5758,5759,670,Deposit,2115.72,8/8/2023,Summer
5759,5760,1793,Withdrawal,9455.63,5/3/2023,Spring
5760,5761,402,Transfer,776.19,7/28/2023,Summer
5761,5762,2523,Transfer,3028.18,10/8/2022,Fall
5762,5763,3333,Transfer,8416.11,4/20/2024,Spring
5763,5764,195,Withdrawal,6639.82,3/17/2024,Spring
5764,5765,3237,Payment,596.86,1/30/2024,Winter
5765,5766,2060,Deposit,523.93,3/8/2023,Spring
5766,5767,4297,Transfer,1190.33,2/25/2025,Winter
5767,5768,2937,Payment,6488.82,8/6/2024,Summer
5768,5769,4314,Payment,3343.1,5/13/2022,Spring
5769,5770,1266,Payment,1733.96,5/2/2025,Spring
5770,5771,3491,Withdrawal,95.91,10/13/2023,Fall
5771,5772,4952,Transfer,2099.67,6/19/2024,Summer
5772,5773,608,Transfer,911.32,6/22/2022,Summer
5773,5774,2164,Withdrawal,7919.71,3/3/2024,Spring
5774,5775,1900,Payment,5382.16,4/13/2025,Spring
5775,5776,759,Transfer,9328.26,4/22/2023,Spring
5776,5777,3350,Transfer,8745.24,3/2/2024,Spring
5777,5778,2731,Transfer,6892.86,11/30/2023,Fall
5778,5779,1948,Payment,92.67,9/4/2023,Fall
5779,5780,4685,Transfer,7152.67,1/9/2025,Winter
5780,5781,505,Transfer,2341.64,9/18/2022,Fall
5781,5782,3158,Payment,532.44,12/31/2022,Winter
5782,5783,1262,Payment,4325.93,5/10/2025,Spring
5783,5784,4348,Transfer,7384.88,2/17/2023,Winter
5784,5785,102,Transfer,9700.2,3/19/2025,Spring
5785,5786,2972,Withdrawal,1628.47,12/29/2024,Winter
5786,5787,4942,Payment,8527.9,3/24/2025,Spring
5787,5788,4161,Withdrawal,9429.11,2/12/2025,Winter
5788,5789,1308,Deposit,8587.56,5/2/2025,Spring
5789,5790,1664,Transfer,1340.81,11/28/2024,Fall
5790,5791,1699,Withdrawal,2214.1,12/12/2024,Winter
5791,5792,3013,Transfer,6110.54,11/21/2023,Fall
5792,5793,3586,Payment,8422,8/28/2023,Summer
5793,5794,4374,Payment,6608.47,11/9/2022,Fall
5794,5795,2836,Payment,1086.16,6/19/2022,Summer
5795,5796,737,Withdrawal,3483.89,11/4/2023,Fall
5796,5797,2292,Transfer,5127.67,6/16/2023,Summer
5797,5798,4267,Withdrawal,4415.4,1/11/2023,Winter
5798,5799,3337,Withdrawal,7982.52,3/27/2024,Spring
5799,5800,3517,Payment,1357.69,9/14/2024,Fall
5800,5801,2413,Payment,2813.44,10/6/2023,Fall
5801,5802,4060,Transfer,6059.04,1/12/2025,Winter
5802,5803,2006,Transfer,5201.69,8/20/2024,Summer
5803,5804,410,Payment,2476.04,10/6/2022,Fall
5804,5805,621,Deposit,5519.02,8/8/2022,Summer
5805,5806,463,Transfer,4804.7,1/12/2025,Winter
5806,5807,174,Withdrawal,364.55,10/29/2023,Fall
5807,5808,1118,Withdrawal,8679.57,1/8/2024,Winter
5808,5809,496,Payment,8797.69,3/20/2024,Spring
5809,5810,3695,Payment,6485.71,4/13/2024,Spring
5810,5811,1651,Payment,8778.41,1/5/2023,Winter
5811,5812,4507,Deposit,9704.18,7/26/2023,Summer
5812,5813,1140,Transfer,1755.3,8/11/2023,Summer
5813,5814,3720,Deposit,9442.38,5/5/2023,Spring
5814,5815,442,Payment,2224.82,10/18/2024,Fall
5815,5816,4362,Transfer,3982.74,12/31/2022,Winter
5816,5817,454,Deposit,8455.58,2/8/2025,Winter
5817,5818,3806,Payment,9141.38,12/13/2023,Winter
5818,5819,2812,Payment,3827.75,10/7/2023,Fall
5819,5820,4028,Payment,6835.48,9/28/2024,Fall
5820,5821,617,Withdrawal,3548.13,9/25/2024,Fall
5821,5822,3066,Deposit,2727.79,5/7/2024,Spring
5822,5823,3690,Transfer,4246.84,6/30/2022,Summer
5823,5824,666,Transfer,6666.19,6/8/2022,Summer
5824,5825,4455,Payment,2160.2,10/26/2023,Fall
5825,5826,2967,Deposit,734.05,10/24/2022,Fall
5826,5827,1104,Transfer,9830.84,8/22/2022,Summer
5827,5828,1243,Payment,4262.68,9/13/2024,Fall
5828,5829,3613,Transfer,3779.9,8/29/2024,Summer
5829,5830,4835,Deposit,1068.06,5/10/2023,Spring
5830,5831,4201,Transfer,2793,10/23/2022,Fall
5831,5832,527,Payment,5037.52,12/15/2024,Winter
5832,5833,312,Transfer,2871.16,12/29/2024,Winter
5833,5834,2863,Withdrawal,142.72,4/6/2025,Spring
5834,5835,579,Payment,7007.03,1/14/2023,Winter
5835,5836,1136,Payment,4119.35,8/10/2023,Summer
5836,5837,4856,Deposit,5046.98,8/11/2023,Summer
5837,5838,4024,Deposit,5491.39,5/23/2023,Spring
5838,5839,728,Transfer,1387.04,3/31/2023,Spring
5839,5840,33,Payment,4427.83,4/27/2025,Spring
5840,5841,4079,Transfer,4591.53,9/5/2024,Fall
5841,5842,3945,Withdrawal,5750.26,12/12/2023,Winter
5842,5843,3988,Withdrawal,744.72,1/14/2024,Winter
5843,5844,2245,Deposit,2287.51,2/19/2023,Winter
5844,5845,1266,Payment,6355.51,12/11/2022,Winter
5845,5846,795,Withdrawal,2260.4,7/13/2022,Summer
5846,5847,3566,Payment,2339.14,3/6/2024,Spring
5847,5848,1305,Withdrawal,6367.39,1/12/2023,Winter
5848,5849,841,Deposit,1967.83,2/6/2023,Winter
5849,5850,234,Payment,1139.29,7/7/2023,Summer
5850,5851,3362,Withdrawal,7107.38,9/12/2024,Fall
5851,5852,4282,Deposit,7912.75,5/22/2022,Spring
5852,5853,655,Transfer,2789,1/4/2024,Winter
5853,5854,1646,Withdrawal,4371.69,4/5/2024,Spring
5854,5855,3589,Withdrawal,3248.47,11/13/2023,Fall
5855,5856,3305,Transfer,3846.83,3/5/2023,Spring
5856,5857,4255,Payment,5463.44,5/6/2023,Spring
5857,5858,2991,Transfer,9480.03,5/24/2022,Spring
5858,5859,3803,Transfer,8508.63,3/2/2024,Spring
5859,5860,3176,Transfer,7826.3,2/19/2025,Winter
5860,5861,3013,Deposit,1181.48,3/24/2024,Spring
5861,5862,3879,Withdrawal,3627.27,1/18/2024,Winter
5862,5863,1072,Payment,8453.68,2/22/2025,Winter
5863,5864,1300,Payment,8827.14,10/4/2024,Fall
5864,5865,3355,Payment,350.2,12/26/2023,Winter
5865,5866,4017,Payment,9744.08,7/7/2023,Summer
5866,5867,1726,Withdrawal,3073.81,6/3/2023,Summer
5867,5868,3123,Payment,2631.19,6/5/2023,Summer
5868,5869,2813,Withdrawal,7677.28,8/7/2024,Summer
5869,5870,2389,Transfer,9569.91,5/5/2025,Spring
5870,5871,1637,Payment,9510.81,1/18/2025,Winter
5871,5872,405,Deposit,7310.91,5/1/2025,Spring
5872,5873,4280,Payment,876.89,11/20/2023,Fall
5873,5874,4804,Withdrawal,7693.64,3/13/2023,Spring
5874,5875,2382,Payment,3995.23,8/12/2023,Summer
5875,5876,2500,Withdrawal,4599.03,6/21/2022,Summer
5876,5877,4928,Transfer,1926.27,11/17/2023,Fall
5877,5878,763,Payment,7772.9,2/18/2023,Winter
5878,5879,813,Deposit,4621.42,10/5/2023,Fall
5879,5880,1886,Payment,6713.53,4/18/2023,Spring
5880,5881,814,Withdrawal,5393.54,5/8/2025,Spring
5881,5882,570,Payment,9681.68,6/11/2022,Summer
5882,5883,1523,Payment,8830.73,9/8/2023,Fall
5883,5884,3313,Transfer,9059.6,9/16/2023,Fall
5884,5885,4015,Withdrawal,9080.08,12/26/2022,Winter
5885,5886,3934,Deposit,8778.77,2/7/2024,Winter
5886,5887,4119,Withdrawal,4552.91,3/26/2024,Spring
5887,5888,4994,Deposit,708.47,1/17/2025,Winter
5888,5889,2870,Deposit,7487.94,12/8/2022,Winter
5889,5890,851,Transfer,1071.62,10/10/2024,Fall
5890,5891,3866,Withdrawal,7212.17,1/13/2025,Winter
5891,5892,1141,Payment,2710.5,4/13/2025,Spring
5892,5893,2796,Payment,4760.11,4/30/2024,Spring
5893,5894,3716,Deposit,7620.12,1/15/2025,Winter
5894,5895,2078,Withdrawal,915.7,2/10/2024,Winter
5895,5896,1613,Transfer,6288.77,4/4/2024,Spring
5896,5897,1814,Withdrawal,2753.71,10/3/2022,Fall
5897,5898,49,Transfer,846.98,8/9/2023,Summer
5898,5899,4306,Withdrawal,4637.87,7/21/2022,Summer
5899,5900,4954,Deposit,6246.85,9/2/2024,Fall
5900,5901,430,Payment,9522.64,4/17/2023,Spring
5901,5902,1224,Withdrawal,3870.09,3/8/2024,Spring
5902,5903,2619,Withdrawal,8801.52,4/13/2025,Spring
5903,5904,842,Deposit,8373.25,7/26/2022,Summer
5904,5905,4698,Withdrawal,786.23,6/4/2022,Summer
5905,5906,956,Transfer,6114.92,6/16/2024,Summer
5906,5907,2635,Transfer,2934.49,7/29/2024,Summer
5907,5908,2190,Transfer,462.13,6/18/2022,Summer
5908,5909,2732,Payment,2649.94,5/23/2022,Spring
5909,5910,173,Transfer,5468.92,5/26/2024,Spring
5910,5911,2906,Transfer,9302.75,11/29/2022,Fall
5911,5912,2426,Deposit,3461.51,5/14/2024,Spring
5912,5913,4936,Payment,1891.97,7/24/2024,Summer
5913,5914,4329,Withdrawal,1320.86,5/18/2024,Spring
5914,5915,2129,Transfer,9674.8,6/16/2024,Summer
5915,5916,3468,Deposit,5376.25,9/8/2023,Fall
5916,5917,984,Deposit,4216.97,11/21/2023,Fall
5917,5918,595,Withdrawal,3302.78,5/18/2022,Spring
5918,5919,3615,Transfer,120.96,3/26/2025,Spring
5919,5920,535,Deposit,6948.43,6/24/2023,Summer
5920,5921,2957,Withdrawal,9055.21,8/30/2024,Summer
5921,5922,944,Withdrawal,6393.74,10/17/2023,Fall
5922,5923,1501,Transfer,1852.73,4/17/2023,Spring
5923,5924,645,Payment,2702.07,2/5/2025,Winter
5924,5925,3956,Transfer,3250.77,8/23/2023,Summer
5925,5926,859,Deposit,3819.61,9/15/2024,Fall
5926,5927,1072,Payment,9275.06,1/27/2025,Winter
5927,5928,4176,Payment,1732.86,4/27/2023,Spring
5928,5929,3296,Deposit,7009.93,4/25/2024,Spring
5929,5930,3039,Payment,760.88,6/3/2023,Summer
5930,5931,3943,Withdrawal,6358.23,1/14/2023,Winter
5931,5932,1645,Withdrawal,3034.12,4/5/2023,Spring
5932,5933,209,Transfer,8047.14,11/23/2024,Fall
5933,5934,4461,Payment,9784.6,6/13/2024,Summer
5934,5935,1313,Payment,9587.43,10/21/2023,Fall
5935,5936,1788,Withdrawal,2440.61,1/25/2023,Winter
5936,5937,3450,Deposit,7788.93,1/22/2025,Winter
5937,5938,3589,Payment,3373.07,10/5/2023,Fall
5938,5939,1629,Transfer,8050.16,10/21/2023,Fall
5939,5940,2370,Withdrawal,4163.87,3/13/2023,Spring
5940,5941,2137,Transfer,458.71,4/25/2025,Spring
5941,5942,956,Withdrawal,9065.05,10/1/2022,Fall
5942,5943,2256,Deposit,8389.18,5/21/2023,Spring
5943,5944,2208,Transfer,8223.58,6/6/2024,Summer
5944,5945,883,Payment,1454.22,3/8/2024,Spring
5945,5946,4196,Withdrawal,3551.52,5/23/2023,Spring
5946,5947,564,Deposit,5818.55,5/31/2023,Spring
5947,5948,4909,Withdrawal,6197.62,6/1/2022,Summer
5948,5949,3625,Transfer,1830.24,3/28/2024,Spring
5949,5950,2253,Withdrawal,6264.97,8/30/2023,Summer
5950,5951,621,Deposit,7952.95,6/18/2024,Summer
5951,5952,115,Payment,3317.35,8/19/2022,Summer
5952,5953,996,Transfer,1169.52,6/19/2023,Summer
5953,5954,1663,Withdrawal,6654.15,6/23/2024,Summer
5954,5955,2853,Deposit,1909.1,1/21/2024,Winter
5955,5956,233,Deposit,9610.12,6/10/2022,Summer
5956,5957,4135,Payment,2321.64,2/12/2024,Winter
5957,5958,1958,Deposit,1365,8/17/2022,Summer
5958,5959,2923,Payment,5540.8,8/6/2022,Summer
5959,5960,4938,Transfer,5144.85,11/5/2022,Fall
5960,5961,3581,Transfer,2087.97,6/15/2022,Summer
5961,5962,4289,Payment,5750.91,10/27/2022,Fall
5962,5963,3939,Withdrawal,8621.86,8/23/2022,Summer
5963,5964,3012,Payment,6088.41,5/11/2023,Spring
5964,5965,825,Transfer,6382.67,4/28/2023,Spring
5965,5966,3284,Withdrawal,304.57,12/30/2022,Winter
5966,5967,325,Payment,6742.87,7/25/2022,Summer
5967,5968,2060,Transfer,8486.97,3/20/2024,Spring
5968,5969,1382,Payment,5663.3,10/17/2024,Fall
5969,5970,719,Payment,9696.61,4/5/2024,Spring
5970,5971,4865,Payment,5953.06,2/18/2023,Winter
5971,5972,4796,Transfer,3333.14,4/14/2023,Spring
5972,5973,178,Deposit,4280.26,3/3/2023,Spring
5973,5974,1558,Withdrawal,8914.7,5/30/2024,Spring
5974,5975,4218,Transfer,9459.67,8/25/2023,Summer
5975,5976,3632,Deposit,5467.36,8/2/2023,Summer
5976,5977,3876,Transfer,740.09,10/22/2024,Fall
5977,5978,1792,Transfer,4215.23,12/5/2024,Winter
5978,5979,421,Payment,2730.73,7/29/2023,Summer
5979,5980,3938,Transfer,7747.49,10/23/2023,Fall
5980,5981,1881,Transfer,1605.63,4/16/2023,Spring
5981,5982,3647,Transfer,8815.2,11/29/2023,Fall
5982,5983,2972,Deposit,734.91,6/7/2022,Summer
5983,5984,1439,Deposit,636.15,4/25/2024,Spring
5984,5985,3487,Deposit,8084.3,4/30/2023,Spring
5985,5986,2721,Deposit,5036.49,4/2/2025,Spring
5986,5987,2493,Withdrawal,8370.79,8/17/2023,Summer
5987,5988,2863,Withdrawal,5267.08,10/18/2024,Fall
5988,5989,2859,Withdrawal,4444.46,5/20/2023,Spring
5989,5990,620,Withdrawal,4116.82,4/3/2023,Spring
5990,5991,2843,Transfer,7813.73,11/6/2024,Fall
5991,5992,2779,Deposit,9432.05,10/23/2024,Fall
5992,5993,1863,Deposit,6044.58,11/22/2022,Fall
5993,5994,2215,Withdrawal,4118.5,12/5/2023,Winter
5994,5995,2883,Payment,8967.8,2/28/2025,Winter
5995,5996,3747,Transfer,5332.55,3/29/2025,Spring
5996,5997,2929,Transfer,4750.82,1/12/2024,Winter
5997,5998,1557,Payment,2561.22,4/8/2024,Spring
5998,5999,1428,Withdrawal,9957.42,4/8/2024,Spring
5999,6000,4152,Deposit,3358.1,9/15/2024,Fall
6000,6001,2534,Deposit,1468.82,12/10/2024,Winter
6001,6002,1496,Withdrawal,8138.28,8/26/2022,Summer
6002,6003,1663,Withdrawal,7740.85,3/7/2023,Spring
6003,6004,72,Transfer,1106.34,3/16/2024,Spring
6004,6005,3437,Withdrawal,9058.67,1/6/2025,Winter
6005,6006,3149,Transfer,6244.35,1/22/2024,Winter
6006,6007,1259,Transfer,3392.31,1/10/2024,Winter
6007,6008,4329,Deposit,696.88,1/28/2025,Winter
6008,6009,3687,Transfer,8961.71,9/5/2023,Fall
6009,6010,3899,Withdrawal,9112.23,9/28/2024,Fall
6010,6011,4932,Withdrawal,5545.01,5/18/2022,Spring
6011,6012,2864,Withdrawal,7582.36,5/2/2023,Spring
6012,6013,2448,Deposit,9650.12,7/10/2024,Summer
6013,6014,935,Deposit,3621.03,2/13/2024,Winter
6014,6015,4799,Withdrawal,6034.36,12/9/2024,Winter
6015,6016,4902,Withdrawal,1498.41,6/29/2024,Summer
6016,6017,3959,Payment,1922.09,8/2/2024,Summer
6017,6018,1943,Transfer,829.88,5/10/2025,Spring
6018,6019,4334,Deposit,9385.13,4/10/2025,Spring
6019,6020,194,Payment,4226.57,3/26/2025,Spring
6020,6021,2385,Deposit,6436.04,8/26/2022,Summer
6021,6022,2376,Deposit,7761.75,4/22/2025,Spring
6022,6023,2824,Transfer,9153.95,12/21/2022,Winter
6023,6024,3981,Deposit,5206.65,3/20/2024,Spring
6024,6025,233,Transfer,5488.96,6/17/2023,Summer
6025,6026,2331,Payment,93.3,9/3/2024,Fall
6026,6027,4066,Payment,3293.26,9/30/2024,Fall
6027,6028,2206,Payment,9580.26,12/24/2024,Winter
6028,6029,2799,Payment,7001.96,9/6/2024,Fall
6029,6030,4823,Payment,5281.54,5/23/2024,Spring
6030,6031,1467,Transfer,363.16,12/3/2024,Winter
6031,6032,1977,Transfer,6654.31,5/31/2022,Spring
6032,6033,501,Transfer,4204.01,4/16/2023,Spring
6033,6034,3237,Transfer,3447.65,12/1/2022,Winter
6034,6035,286,Deposit,5584.18,10/1/2023,Fall
6035,6036,273,Payment,4670.29,2/2/2023,Winter
6036,6037,4072,Transfer,2365.18,8/4/2024,Summer
6037,6038,4527,Payment,6634.49,1/18/2023,Winter
6038,6039,4054,Withdrawal,6028.94,3/8/2025,Spring
6039,6040,2976,Deposit,1695.74,5/2/2023,Spring
6040,6041,3959,Payment,7279.62,7/27/2024,Summer
6041,6042,2950,Withdrawal,2054.06,6/1/2023,Summer
6042,6043,2501,Payment,3226.57,8/16/2023,Summer
6043,6044,1668,Withdrawal,8838.2,12/24/2023,Winter
6044,6045,2998,Transfer,16.74,8/2/2022,Summer
6045,6046,4532,Payment,2672.27,12/20/2022,Winter
6046,6047,3369,Deposit,8423.68,10/10/2022,Fall
6047,6048,1813,Deposit,770.8,8/6/2024,Summer
6048,6049,4740,Payment,692.93,12/26/2022,Winter
6049,6050,4244,Transfer,1133.85,8/24/2022,Summer
6050,6051,4032,Payment,5154.7,11/30/2024,Fall
6051,6052,2097,Transfer,2730.68,4/22/2023,Spring
6052,6053,2375,Payment,5772.08,7/22/2022,Summer
6053,6054,3775,Withdrawal,1858.42,3/19/2023,Spring
6054,6055,4643,Payment,1338.47,6/27/2023,Summer
6055,6056,4048,Withdrawal,7583.59,2/2/2025,Winter
6056,6057,24,Payment,6590.71,1/5/2025,Winter
6057,6058,4556,Transfer,4314.46,8/9/2024,Summer
6058,6059,378,Deposit,5614.38,8/6/2022,Summer
6059,6060,4187,Payment,1048.92,4/20/2023,Spring
6060,6061,1257,Withdrawal,2756.58,5/18/2023,Spring
6061,6062,3473,Withdrawal,8328.53,10/26/2023,Fall
6062,6063,3167,Withdrawal,6097.5,3/22/2024,Spring
6063,6064,2557,Withdrawal,2392.29,11/18/2023,Fall
6064,6065,1387,Deposit,1085.85,3/2/2023,Spring
6065,6066,1032,Withdrawal,2702.18,5/18/2022,Spring
6066,6067,3915,Transfer,4270.44,12/23/2023,Winter
6067,6068,1386,Payment,9914.84,2/6/2025,Winter
6068,6069,480,Payment,2635.94,11/21/2024,Fall
6069,6070,4760,Withdrawal,6363.53,2/28/2024,Winter
6070,6071,1728,Transfer,565.42,12/11/2022,Winter
6071,6072,3722,Payment,1384.28,9/19/2022,Fall
6072,6073,665,Transfer,9537.21,3/8/2023,Spring
6073,6074,1221,Payment,145.48,5/14/2023,Spring
6074,6075,4729,Payment,201.79,1/3/2024,Winter
6075,6076,2419,Payment,1349.25,4/28/2023,Spring
6076,6077,1552,Transfer,2673.75,12/22/2024,Winter
6077,6078,3824,Deposit,7924.82,8/14/2022,Summer
6078,6079,3651,Withdrawal,7415.15,4/30/2024,Spring
6079,6080,3191,Deposit,9312.67,6/13/2022,Summer
6080,6081,2892,Withdrawal,4638,3/15/2025,Spring
6081,6082,689,Deposit,3113.17,11/20/2024,Fall
6082,6083,2117,Payment,896.31,5/12/2024,Spring
6083,6084,3794,Transfer,8496.65,5/16/2022,Spring
6084,6085,1416,Transfer,2924.02,7/14/2022,Summer
6085,6086,4220,Payment,354.07,1/28/2023,Winter
6086,6087,3005,Transfer,8005.2,1/1/2024,Winter
6087,6088,951,Withdrawal,3358.37,5/24/2022,Spring
6088,6089,4619,Transfer,3760.55,6/15/2024,Summer
6089,6090,3791,Payment,1649.27,1/10/2023,Winter
6090,6091,1715,Withdrawal,1422.65,9/12/2023,Fall
6091,6092,65,Withdrawal,2070.84,8/27/2024,Summer
6092,6093,3605,Transfer,4045.97,5/4/2023,Spring
6093,6094,2057,Deposit,5236.33,11/4/2024,Fall
6094,6095,1556,Payment,3443.72,3/7/2023,Spring
6095,6096,2084,Transfer,3089.38,4/10/2025,Spring
6096,6097,477,Payment,4502.17,7/30/2023,Summer
6097,6098,3919,Deposit,3810.59,3/23/2023,Spring
6098,6099,2779,Transfer,480.99,7/14/2024,Summer
6099,6100,1957,Withdrawal,7452.95,5/19/2024,Spring
6100,6101,1362,Deposit,6488.56,7/4/2022,Summer
6101,6102,3799,Withdrawal,3867.87,1/3/2024,Winter
6102,6103,3176,Payment,2810.32,8/6/2024,Summer
6103,6104,1298,Transfer,4787.52,1/18/2024,Winter
6104,6105,2938,Deposit,5653.72,6/2/2022,Summer
6105,6106,3837,Payment,1258.86,1/31/2025,Winter
6106,6107,2011,Withdrawal,1613.75,1/4/2024,Winter
6107,6108,1790,Transfer,8152.95,4/24/2023,Spring
6108,6109,4909,Withdrawal,8444.54,8/18/2022,Summer
6109,6110,428,Withdrawal,5616.41,8/19/2023,Summer
6110,6111,1771,Withdrawal,935.82,12/14/2022,Winter
6111,6112,2600,Withdrawal,9160,4/18/2025,Spring
6112,6113,2229,Withdrawal,6194.96,11/23/2024,Fall
6113,6114,3624,Payment,3936.6,9/20/2023,Fall
6114,6115,487,Payment,4987.74,1/4/2024,Winter
6115,6116,4561,Payment,6422.29,8/16/2024,Summer
6116,6117,4224,Deposit,7391.95,3/30/2023,Spring
6117,6118,3338,Withdrawal,6307.58,5/26/2023,Spring
6118,6119,3976,Deposit,6336.92,1/2/2023,Winter
6119,6120,1444,Transfer,8461.28,9/4/2024,Fall
6120,6121,3834,Transfer,6265.61,4/8/2025,Spring
6121,6122,421,Transfer,5014.01,6/9/2024,Summer
6122,6123,3368,Withdrawal,7594.66,4/9/2024,Spring
6123,6124,2318,Payment,354.81,3/21/2024,Spring
6124,6125,1017,Payment,897.22,7/4/2023,Summer
6125,6126,2327,Payment,6757.89,5/5/2024,Spring
6126,6127,654,Transfer,5841.19,2/21/2025,Winter
6127,6128,896,Payment,1065.86,8/3/2022,Summer
6128,6129,4267,Transfer,8983.96,3/29/2025,Spring
6129,6130,509,Deposit,4861.29,12/23/2022,Winter
6130,6131,4175,Withdrawal,2509.19,8/11/2023,Summer
6131,6132,2923,Withdrawal,4549.69,7/2/2022,Summer
6132,6133,3354,Transfer,9232.95,9/23/2022,Fall
6133,6134,3289,Payment,2219.08,6/24/2024,Summer
6134,6135,2533,Payment,8765.68,11/27/2022,Fall
6135,6136,4455,Withdrawal,7433.76,12/4/2023,Winter
6136,6137,267,Deposit,8447.53,8/20/2022,Summer
6137,6138,1451,Withdrawal,1356.67,1/11/2024,Winter
6138,6139,4274,Payment,1265.7,12/8/2023,Winter
6139,6140,1413,Withdrawal,9357.33,1/1/2024,Winter
6140,6141,1835,Transfer,7477.56,8/10/2022,Summer
6141,6142,939,Deposit,2413.88,5/24/2024,Spring
6142,6143,2697,Payment,2278.41,5/25/2022,Spring
6143,6144,2982,Deposit,1115.28,7/16/2022,Summer
6144,6145,428,Deposit,7735.72,8/3/2022,Summer
6145,6146,4849,Payment,914.5,10/17/2024,Fall
6146,6147,1394,Deposit,4131.64,12/30/2022,Winter
6147,6148,944,Deposit,5591.99,12/17/2022,Winter
6148,6149,500,Payment,639.5,12/21/2024,Winter
6149,6150,1247,Payment,2829.85,10/7/2024,Fall
6150,6151,1952,Deposit,9018.01,5/1/2023,Spring
6151,6152,3960,Transfer,4125.59,6/27/2024,Summer
6152,6153,4123,Deposit,8544.14,11/7/2024,Fall
6153,6154,1266,Payment,9046.73,9/23/2024,Fall
6154,6155,1431,Withdrawal,1868.85,4/2/2024,Spring
6155,6156,2734,Deposit,8392.87,2/13/2025,Winter
6156,6157,3324,Deposit,1278.36,2/15/2023,Winter
6157,6158,1852,Payment,5160.46,5/14/2022,Spring
6158,6159,801,Transfer,211.72,7/17/2024,Summer
6159,6160,4819,Withdrawal,6505,11/16/2023,Fall
6160,6161,2634,Withdrawal,2808.57,5/20/2022,Spring
6161,6162,3821,Payment,8693.93,12/22/2022,Winter
6162,6163,1258,Transfer,9542.4,12/14/2024,Winter
6163,6164,3921,Payment,7413.74,11/19/2022,Fall
6164,6165,852,Withdrawal,915.03,10/21/2024,Fall
6165,6166,2979,Withdrawal,9478.66,2/24/2025,Winter
6166,6167,3458,Transfer,6285.9,8/25/2022,Summer
6167,6168,3357,Transfer,2336.92,11/13/2022,Fall
6168,6169,3925,Withdrawal,8968.62,12/5/2023,Winter
6169,6170,2262,Payment,8157.56,5/31/2022,Spring
6170,6171,4220,Deposit,6404.18,10/16/2022,Fall
6171,6172,142,Transfer,9169.48,1/5/2024,Winter
6172,6173,247,Payment,6537.06,2/24/2023,Winter
6173,6174,1101,Payment,9953.05,2/1/2023,Winter
6174,6175,22,Payment,7483.88,4/19/2023,Spring
6175,6176,1702,Deposit,2518.04,4/27/2024,Spring
6176,6177,2718,Transfer,4752.68,9/4/2024,Fall
6177,6178,4389,Deposit,6840.69,1/3/2023,Winter
6178,6179,518,Deposit,8028.34,9/10/2023,Fall
6179,6180,3593,Deposit,3064.93,5/25/2024,Spring
6180,6181,723,Transfer,6071.68,8/7/2024,Summer
6181,6182,2391,Transfer,4664.9,3/28/2023,Spring
6182,6183,3479,Transfer,3191.3,2/13/2025,Winter
6183,6184,3971,Deposit,1424.06,6/30/2023,Summer
6184,6185,192,Withdrawal,7759.41,9/15/2024,Fall
6185,6186,1399,Deposit,9945.6,9/16/2024,Fall
6186,6187,3679,Transfer,5544.12,5/8/2023,Spring
6187,6188,487,Transfer,3809.47,4/15/2024,Spring
6188,6189,4047,Payment,9977.34,3/9/2025,Spring
6189,6190,4954,Payment,9021.08,2/27/2025,Winter
6190,6191,4857,Deposit,4288.34,1/20/2025,Winter
6191,6192,3176,Deposit,4962.36,9/14/2023,Fall
6192,6193,4858,Payment,2525.27,1/11/2023,Winter
6193,6194,126,Transfer,7275.38,2/8/2023,Winter
6194,6195,1679,Withdrawal,9369.16,11/30/2022,Fall
6195,6196,4702,Transfer,2598.13,7/15/2022,Summer
6196,6197,1386,Deposit,3819.45,7/20/2022,Summer
6197,6198,3957,Payment,4325.87,10/7/2023,Fall
6198,6199,403,Payment,8726.8,2/11/2024,Winter
6199,6200,4991,Transfer,2828.65,2/10/2024,Winter
6200,6201,2147,Transfer,8958.78,7/25/2023,Summer
6201,6202,685,Deposit,9220.61,9/19/2023,Fall
6202,6203,93,Payment,7362.69,2/5/2023,Winter
6203,6204,1160,Deposit,3572.63,8/3/2023,Summer
6204,6205,4339,Deposit,2981.73,8/1/2022,Summer
6205,6206,253,Withdrawal,7339.82,6/28/2022,Summer
6206,6207,4548,Payment,1844.65,2/23/2025,Winter
6207,6208,4435,Withdrawal,8898.81,7/5/2022,Summer
6208,6209,221,Payment,9819.54,12/2/2024,Winter
6209,6210,587,Payment,1114.42,7/20/2023,Summer
6210,6211,2640,Deposit,1885.6,7/13/2024,Summer
6211,6212,74,Deposit,7859.25,5/2/2024,Spring
6212,6213,1615,Deposit,4709.82,10/25/2022,Fall
6213,6214,2386,Withdrawal,445.67,10/26/2023,Fall
6214,6215,1115,Deposit,1260.03,12/14/2024,Winter
6215,6216,149,Payment,4168.14,10/11/2023,Fall
6216,6217,1651,Deposit,5351.19,7/29/2024,Summer
6217,6218,4840,Deposit,158.62,1/6/2023,Winter
6218,6219,435,Deposit,3897.18,11/25/2022,Fall
6219,6220,321,Withdrawal,6053.89,8/8/2024,Summer
6220,6221,3727,Transfer,2801.05,10/28/2024,Fall
6221,6222,1499,Transfer,3846.28,10/2/2024,Fall
6222,6223,210,Transfer,1218.22,9/27/2024,Fall
6223,6224,2116,Transfer,4582.85,11/7/2024,Fall
6224,6225,2827,Deposit,9972.42,7/26/2024,Summer
6225,6226,2779,Payment,5866.54,10/25/2022,Fall
6226,6227,4500,Withdrawal,9254.66,8/3/2023,Summer
6227,6228,1067,Payment,8081.65,11/1/2024,Fall
6228,6229,4329,Deposit,7428.02,8/27/2023,Summer
6229,6230,2756,Payment,7866.42,8/29/2023,Summer
6230,6231,2498,Payment,4350.12,11/26/2024,Fall
6231,6232,3636,Deposit,4122.93,5/28/2024,Spring
6232,6233,3834,Withdrawal,7842.35,6/25/2023,Summer
6233,6234,2775,Payment,2481.78,3/6/2025,Spring
6234,6235,1823,Transfer,2958.36,7/12/2024,Summer
6235,6236,2235,Transfer,8725.53,3/22/2024,Spring
6236,6237,290,Withdrawal,5544.32,1/23/2024,Winter
6237,6238,1888,Withdrawal,4465.03,3/28/2023,Spring
6238,6239,4492,Deposit,2506.53,11/30/2024,Fall
6239,6240,2587,Payment,3800.62,7/21/2022,Summer
6240,6241,4432,Payment,2287.88,5/16/2022,Spring
6241,6242,4776,Payment,9512.27,6/10/2022,Summer
6242,6243,4531,Deposit,1222.61,7/15/2024,Summer
6243,6244,418,Transfer,2680.84,6/13/2024,Summer
6244,6245,4260,Payment,8482.61,12/8/2023,Winter
6245,6246,3262,Transfer,3961.37,4/13/2023,Spring
6246,6247,1895,Transfer,5530.01,3/6/2023,Spring
6247,6248,939,Deposit,3044.23,4/18/2023,Spring
6248,6249,2658,Deposit,6470.19,6/7/2023,Summer
6249,6250,3836,Transfer,8702.09,7/24/2024,Summer
6250,6251,3820,Payment,7215.75,12/9/2023,Winter
6251,6252,2326,Payment,6597.52,1/22/2025,Winter
6252,6253,3159,Withdrawal,1323.53,12/21/2022,Winter
6253,6254,2337,Deposit,6984.01,11/2/2022,Fall
6254,6255,4484,Deposit,9015.24,10/13/2022,Fall
6255,6256,268,Transfer,677.84,3/19/2025,Spring
6256,6257,157,Payment,6273.76,4/27/2024,Spring
6257,6258,3273,Deposit,9834.81,7/2/2024,Summer
6258,6259,2883,Withdrawal,8043.63,12/9/2023,Winter
6259,6260,1287,Deposit,7107.85,4/4/2024,Spring
6260,6261,220,Transfer,5521.3,2/17/2023,Winter
6261,6262,861,Withdrawal,4066.94,10/1/2022,Fall
6262,6263,2357,Deposit,4450.6,2/15/2023,Winter
6263,6264,4872,Payment,629.33,9/30/2023,Fall
6264,6265,4838,Payment,706.72,6/16/2024,Summer
6265,6266,4448,Deposit,6054.05,10/2/2023,Fall
6266,6267,500,Payment,4405.06,8/15/2022,Summer
6267,6268,2522,Transfer,3333.65,8/9/2023,Summer
6268,6269,3107,Withdrawal,6436.85,6/16/2024,Summer
6269,6270,4512,Deposit,4350.64,10/30/2023,Fall
6270,6271,3505,Payment,8476.88,9/6/2024,Fall
6271,6272,501,Payment,5826.78,6/10/2023,Summer
6272,6273,2858,Payment,9396.24,2/16/2024,Winter
6273,6274,1354,Withdrawal,2057.07,5/4/2023,Spring
6274,6275,1781,Withdrawal,7559.34,9/16/2023,Fall
6275,6276,2200,Deposit,7979.91,4/15/2023,Spring
6276,6277,3280,Payment,6464.12,5/29/2024,Spring
6277,6278,3453,Deposit,3726.66,2/17/2025,Winter
6278,6279,4385,Withdrawal,8838.73,12/21/2023,Winter
6279,6280,4577,Withdrawal,3644.75,8/15/2022,Summer
6280,6281,1693,Withdrawal,3464.51,12/16/2022,Winter
6281,6282,2687,Deposit,247.3,6/5/2022,Summer
6282,6283,19,Transfer,1119.15,2/12/2023,Winter
6283,6284,1662,Deposit,8521.57,7/23/2022,Summer
6284,6285,2546,Withdrawal,7554.22,8/8/2024,Summer
6285,6286,1781,Withdrawal,5259.27,5/13/2024,Spring
6286,6287,1577,Payment,9110.52,12/11/2022,Winter
6287,6288,3566,Deposit,3906.03,5/9/2023,Spring
6288,6289,2272,Withdrawal,3300.58,2/4/2024,Winter
6289,6290,1917,Withdrawal,2440.3,4/6/2023,Spring
6290,6291,3568,Payment,652.14,7/10/2022,Summer
6291,6292,2756,Deposit,1458.86,7/17/2023,Summer
6292,6293,3153,Payment,8790.73,10/1/2022,Fall
6293,6294,2674,Withdrawal,5003.6,6/30/2022,Summer
6294,6295,2455,Payment,123.53,7/7/2022,Summer
6295,6296,4521,Payment,4311.39,3/11/2023,Spring
6296,6297,4513,Transfer,8874.99,7/8/2022,Summer
6297,6298,3189,Deposit,4595.55,4/7/2024,Spring
6298,6299,1546,Withdrawal,5200.69,11/16/2023,Fall
6299,6300,4601,Payment,3348.52,8/12/2024,Summer
6300,6301,2256,Withdrawal,4378.25,10/19/2023,Fall
6301,6302,3194,Deposit,4312.39,6/28/2022,Summer
6302,6303,4693,Withdrawal,3419.51,5/1/2024,Spring
6303,6304,493,Transfer,7757.96,7/20/2023,Summer
6304,6305,2910,Deposit,9190.58,4/1/2025,Spring
6305,6306,290,Deposit,8599.52,5/27/2024,Spring
6306,6307,2155,Deposit,4082.91,11/13/2022,Fall
6307,6308,840,Payment,6714.81,7/26/2023,Summer
6308,6309,3810,Deposit,3004.66,7/8/2022,Summer
6309,6310,2896,Deposit,6725.13,6/16/2024,Summer
6310,6311,4719,Payment,2537.7,6/19/2022,Summer
6311,6312,3096,Withdrawal,6920.7,2/16/2025,Winter
6312,6313,4788,Transfer,623.22,7/18/2022,Summer
6313,6314,2237,Payment,4266,12/26/2022,Winter
6314,6315,274,Deposit,7088.73,10/10/2023,Fall
6315,6316,1314,Transfer,8337.02,5/20/2024,Spring
6316,6317,1173,Transfer,107.23,7/9/2024,Summer
6317,6318,2647,Payment,4752.55,12/22/2022,Winter
6318,6319,854,Withdrawal,2050.47,9/21/2023,Fall
6319,6320,4760,Payment,63.69,1/6/2023,Winter
6320,6321,2914,Payment,2785.02,4/30/2024,Spring
6321,6322,3027,Transfer,3859.75,10/30/2024,Fall
6322,6323,1376,Withdrawal,3200.04,4/19/2024,Spring
6323,6324,4689,Withdrawal,1347.61,8/27/2024,Summer
6324,6325,1743,Transfer,1537.22,10/29/2022,Fall
6325,6326,1507,Withdrawal,8233.53,2/12/2025,Winter
6326,6327,2433,Payment,9768.94,10/17/2024,Fall
6327,6328,3230,Payment,1293.63,1/5/2024,Winter
6328,6329,1543,Deposit,5650.92,3/27/2023,Spring
6329,6330,3290,Transfer,7282.53,12/5/2023,Winter
6330,6331,1706,Withdrawal,3202.85,1/17/2023,Winter
6331,6332,4949,Withdrawal,697.58,6/1/2024,Summer
6332,6333,77,Transfer,8680.2,12/25/2023,Winter
6333,6334,3950,Deposit,8881.42,6/3/2022,Summer
6334,6335,2499,Payment,9811.98,5/7/2024,Spring
6335,6336,1819,Transfer,2827.42,10/20/2024,Fall
6336,6337,1917,Withdrawal,3631.4,8/1/2024,Summer
6337,6338,2923,Withdrawal,6745.84,4/9/2025,Spring
6338,6339,4029,Deposit,3790.5,6/4/2023,Summer
6339,6340,3823,Payment,7841.67,8/26/2024,Summer
6340,6341,1201,Withdrawal,3898.65,2/28/2024,Winter
6341,6342,2711,Withdrawal,2097.86,12/12/2023,Winter
6342,6343,4090,Withdrawal,6033.66,12/7/2024,Winter
6343,6344,3793,Transfer,8628.95,10/16/2024,Fall
6344,6345,3980,Withdrawal,2145.16,4/16/2024,Spring
6345,6346,1126,Deposit,3358.61,10/14/2024,Fall
6346,6347,965,Deposit,5323.74,12/4/2024,Winter
6347,6348,3268,Withdrawal,901.29,1/15/2023,Winter
6348,6349,984,Transfer,5817.71,12/30/2023,Winter
6349,6350,3953,Transfer,9861.4,10/30/2024,Fall
6350,6351,3862,Deposit,4910.78,3/12/2023,Spring
6351,6352,3891,Payment,2187.74,10/20/2024,Fall
6352,6353,4496,Deposit,6310.24,11/24/2023,Fall
6353,6354,4412,Payment,312.48,10/16/2024,Fall
6354,6355,2369,Transfer,919.52,7/18/2024,Summer
6355,6356,1020,Transfer,321.21,5/13/2023,Spring
6356,6357,2107,Deposit,1813.95,6/21/2022,Summer
6357,6358,1393,Deposit,1633.19,12/14/2024,Winter
6358,6359,4746,Transfer,8004.62,1/11/2024,Winter
6359,6360,4272,Deposit,2939.92,5/6/2025,Spring
6360,6361,4410,Withdrawal,2842.95,7/7/2024,Summer
6361,6362,377,Payment,982.98,6/24/2023,Summer
6362,6363,2587,Deposit,6691.37,11/17/2024,Fall
6363,6364,1053,Transfer,8119.71,7/21/2024,Summer
6364,6365,1604,Transfer,3712.62,6/10/2022,Summer
6365,6366,4915,Deposit,5065.18,10/22/2022,Fall
6366,6367,4161,Transfer,2619.08,7/3/2023,Summer
6367,6368,3074,Payment,5485.54,4/18/2023,Spring
6368,6369,2586,Payment,9646.34,9/20/2022,Fall
6369,6370,982,Transfer,2781.15,9/11/2023,Fall
6370,6371,1390,Transfer,3314.89,7/3/2023,Summer
6371,6372,652,Payment,5782.95,1/26/2023,Winter
6372,6373,3470,Withdrawal,9711.36,4/28/2025,Spring
6373,6374,341,Deposit,3443.95,3/30/2024,Spring
6374,6375,3822,Transfer,8474.88,11/10/2024,Fall
6375,6376,3475,Deposit,1309.65,2/15/2025,Winter
6376,6377,753,Payment,9325.65,4/14/2025,Spring
6377,6378,3448,Payment,9506.83,5/3/2025,Spring
6378,6379,2606,Deposit,6131.42,8/2/2022,Summer
6379,6380,706,Withdrawal,8178.79,8/27/2023,Summer
6380,6381,3650,Transfer,3190.42,9/23/2024,Fall
6381,6382,2414,Transfer,9827,11/10/2023,Fall
6382,6383,1922,Transfer,7055.38,5/15/2022,Spring
6383,6384,4423,Deposit,2872.07,8/10/2022,Summer
6384,6385,2048,Withdrawal,9259.96,5/27/2023,Spring
6385,6386,2841,Withdrawal,4315.62,7/17/2022,Summer
6386,6387,2530,Transfer,5349.17,2/16/2025,Winter
6387,6388,4488,Payment,8427.63,1/15/2023,Winter
6388,6389,3388,Withdrawal,739.84,5/30/2023,Spring
6389,6390,1555,Transfer,5039.3,11/30/2024,Fall
6390,6391,1269,Withdrawal,867.16,9/6/2022,Fall
6391,6392,716,Deposit,9080.46,5/23/2024,Spring
6392,6393,995,Deposit,1324.84,7/7/2023,Summer
6393,6394,4199,Transfer,2682.82,2/6/2025,Winter
6394,6395,2189,Deposit,884.3,1/1/2024,Winter
6395,6396,1775,Deposit,3369.7,10/6/2022,Fall
6396,6397,3014,Deposit,3643.73,2/28/2024,Winter
6397,6398,4742,Payment,92.24,10/31/2022,Fall
6398,6399,1943,Transfer,9738.04,3/20/2023,Spring
6399,6400,108,Payment,7522.51,6/9/2024,Summer
6400,6401,2191,Payment,737.4,8/23/2023,Summer
6401,6402,3407,Transfer,4898.37,10/13/2024,Fall
6402,6403,691,Withdrawal,102.09,8/15/2022,Summer
6403,6404,3343,Withdrawal,2170.96,9/9/2023,Fall
6404,6405,3339,Transfer,1737.25,9/23/2023,Fall
6405,6406,4340,Withdrawal,2618.19,11/1/2024,Fall
6406,6407,1063,Withdrawal,8602.92,5/5/2025,Spring
6407,6408,1264,Transfer,5362.25,1/26/2023,Winter
6408,6409,426,Withdrawal,3566.27,9/25/2023,Fall
6409,6410,4273,Payment,5928.72,9/15/2022,Fall
6410,6411,2516,Payment,7124.03,8/9/2023,Summer
6411,6412,1805,Payment,8867.7,10/2/2022,Fall
6412,6413,4339,Withdrawal,386.22,12/16/2023,Winter
6413,6414,439,Deposit,8291.69,12/23/2022,Winter
6414,6415,4974,Transfer,6263.47,8/26/2023,Summer
6415,6416,744,Payment,5528.85,3/10/2023,Spring
6416,6417,3381,Deposit,8306.09,2/12/2024,Winter
6417,6418,4950,Transfer,243.65,12/5/2024,Winter
6418,6419,4380,Transfer,8605.47,8/11/2022,Summer
6419,6420,3392,Payment,2680.89,2/23/2025,Winter
6420,6421,714,Withdrawal,7591.03,11/19/2022,Fall
6421,6422,1030,Deposit,6768.39,9/6/2024,Fall
6422,6423,1065,Payment,6609.64,11/24/2022,Fall
6423,6424,2895,Transfer,6539.55,5/1/2023,Spring
6424,6425,3364,Transfer,2930.23,12/12/2024,Winter
6425,6426,3458,Withdrawal,8815.01,8/19/2024,Summer
6426,6427,4178,Withdrawal,7821.13,8/3/2022,Summer
6427,6428,4830,Withdrawal,1644.3,12/1/2023,Winter
6428,6429,2219,Withdrawal,6493.49,1/11/2025,Winter
6429,6430,2154,Deposit,4103.97,7/24/2022,Summer
6430,6431,3408,Withdrawal,4607.77,6/22/2022,Summer
6431,6432,946,Withdrawal,1224.15,1/2/2023,Winter
6432,6433,1944,Payment,8653.84,1/16/2023,Winter
6433,6434,3732,Payment,4592.12,12/10/2024,Winter
6434,6435,1588,Payment,8728.17,8/6/2023,Summer
6435,6436,553,Payment,1953.67,8/23/2022,Summer
6436,6437,272,Withdrawal,2000.35,11/4/2024,Fall
6437,6438,974,Transfer,6583.65,5/23/2024,Spring
6438,6439,4925,Transfer,2640.82,10/26/2023,Fall
6439,6440,1116,Withdrawal,7440.88,3/20/2025,Spring
6440,6441,3814,Payment,6151.01,5/9/2023,Spring
6441,6442,602,Payment,7672.55,7/20/2024,Summer
6442,6443,2835,Withdrawal,2157.48,3/19/2024,Spring
6443,6444,3490,Transfer,2182.75,12/3/2022,Winter
6444,6445,1052,Withdrawal,797.55,11/14/2023,Fall
6445,6446,3197,Withdrawal,3899.06,3/23/2023,Spring
6446,6447,3645,Transfer,2988.13,7/25/2023,Summer
6447,6448,3597,Payment,4338.43,1/9/2023,Winter
6448,6449,50,Payment,6474.32,1/3/2023,Winter
6449,6450,79,Withdrawal,8432.66,6/24/2022,Summer
6450,6451,4211,Payment,8109.35,11/17/2023,Fall
6451,6452,3331,Payment,8883.69,1/21/2023,Winter
6452,6453,2460,Deposit,2246.14,5/14/2024,Spring
6453,6454,3356,Deposit,837.1,1/18/2023,Winter
6454,6455,1600,Payment,8638.54,4/1/2025,Spring
6455,6456,2207,Deposit,9999.25,5/22/2024,Spring
6456,6457,631,Transfer,713.79,8/22/2023,Summer
6457,6458,379,Deposit,9707.77,8/13/2022,Summer
6458,6459,4338,Deposit,3166.67,3/18/2024,Spring
6459,6460,3673,Payment,5888.62,11/5/2023,Fall
6460,6461,909,Deposit,6888.87,6/7/2022,Summer
6461,6462,221,Transfer,9339.53,10/27/2023,Fall
6462,6463,999,Payment,425.96,11/12/2024,Fall
6463,6464,3727,Withdrawal,9319.39,3/5/2025,Spring
6464,6465,4633,Payment,8947.34,5/30/2024,Spring
6465,6466,3411,Withdrawal,6047.81,6/14/2024,Summer
6466,6467,1745,Transfer,3390.1,2/19/2025,Winter
6467,6468,4218,Payment,2188.58,12/28/2024,Winter
6468,6469,3528,Transfer,9875.53,8/20/2022,Summer
6469,6470,4336,Transfer,5168.79,1/24/2024,Winter
6470,6471,4761,Payment,4587.38,4/14/2023,Spring
6471,6472,1943,Withdrawal,750.67,5/28/2024,Spring
6472,6473,746,Payment,6523.46,2/11/2023,Winter
6473,6474,2296,Payment,3645.27,5/3/2023,Spring
6474,6475,3355,Transfer,9887.88,9/16/2024,Fall
6475,6476,1952,Payment,8392.23,5/5/2024,Spring
6476,6477,2194,Deposit,6825.02,9/20/2024,Fall
6477,6478,650,Payment,3183.67,10/5/2022,Fall
6478,6479,3145,Withdrawal,2639.71,6/6/2023,Summer
6479,6480,392,Deposit,984.16,5/1/2023,Spring
6480,6481,1793,Withdrawal,2162.69,9/30/2023,Fall
6481,6482,3050,Transfer,7876.54,2/25/2024,Winter
6482,6483,3516,Payment,4766.94,4/24/2024,Spring
6483,6484,1050,Transfer,2045.58,10/4/2023,Fall
6484,6485,1007,Payment,5597.47,6/27/2024,Summer
6485,6486,125,Deposit,7398.5,9/28/2023,Fall
6486,6487,1227,Deposit,5711.42,11/22/2023,Fall
6487,6488,1813,Transfer,9087.28,5/17/2024,Spring
6488,6489,4619,Payment,2954.73,1/3/2023,Winter
6489,6490,1075,Deposit,6648.81,6/20/2023,Summer
6490,6491,4741,Payment,7214.56,7/18/2022,Summer
6491,6492,960,Withdrawal,5711.71,8/29/2022,Summer
6492,6493,278,Withdrawal,8298.76,5/6/2023,Spring
6493,6494,3820,Withdrawal,4599.7,11/22/2022,Fall
6494,6495,3018,Deposit,91.05,9/6/2023,Fall
6495,6496,834,Withdrawal,1442.38,7/14/2024,Summer
6496,6497,2550,Withdrawal,1034.12,7/22/2022,Summer
6497,6498,2320,Deposit,2017.59,4/13/2024,Spring
6498,6499,4142,Withdrawal,1443.98,7/16/2024,Summer
6499,6500,1271,Transfer,7304.85,7/18/2023,Summer
6500,6501,1719,Payment,9972.34,1/6/2024,Winter
6501,6502,2420,Deposit,919.02,9/11/2023,Fall
6502,6503,1323,Transfer,7430.57,11/18/2023,Fall
6503,6504,649,Deposit,2538.26,1/10/2023,Winter
6504,6505,2372,Payment,3025.86,5/17/2022,Spring
6505,6506,1582,Payment,2669.44,3/31/2023,Spring
6506,6507,3439,Deposit,1252.88,4/17/2023,Spring
6507,6508,3695,Payment,6455.07,4/15/2025,Spring
6508,6509,4591,Withdrawal,641.06,3/31/2023,Spring
6509,6510,2094,Transfer,5815.51,11/24/2023,Fall
6510,6511,3034,Deposit,6603.56,1/28/2024,Winter
6511,6512,99,Transfer,7782.37,3/2/2024,Spring
6512,6513,1358,Transfer,3097.06,7/15/2024,Summer
6513,6514,808,Deposit,5586.42,2/15/2023,Winter
6514,6515,1035,Transfer,2464,10/24/2024,Fall
6515,6516,1007,Withdrawal,1489.72,2/15/2024,Winter
6516,6517,1839,Payment,2894.42,4/19/2023,Spring
6517,6518,788,Transfer,4524.63,10/19/2023,Fall
6518,6519,174,Transfer,8797.88,6/8/2023,Summer
6519,6520,2780,Withdrawal,885.21,1/18/2025,Winter
6520,6521,2836,Withdrawal,6871.23,10/1/2024,Fall
6521,6522,728,Deposit,4202.3,9/4/2023,Fall
6522,6523,4475,Payment,3700.84,1/5/2023,Winter
6523,6524,3614,Payment,5168.96,1/23/2024,Winter
6524,6525,2339,Payment,8529.3,4/27/2025,Spring
6525,6526,3043,Transfer,1959.27,12/15/2023,Winter
6526,6527,1263,Payment,24.71,2/10/2024,Winter
6527,6528,1513,Transfer,3096.89,10/1/2022,Fall
6528,6529,2934,Payment,1413.08,11/1/2024,Fall
6529,6530,3967,Transfer,6856.15,2/22/2023,Winter
6530,6531,2622,Payment,670.06,1/16/2025,Winter
6531,6532,3666,Payment,5358.27,12/31/2022,Winter
6532,6533,2440,Deposit,1504.59,2/13/2023,Winter
6533,6534,4746,Transfer,5523.15,3/27/2023,Spring
6534,6535,1453,Payment,7151.63,9/30/2023,Fall
6535,6536,3968,Withdrawal,440.49,6/3/2024,Summer
6536,6537,4503,Deposit,8130.53,3/4/2023,Spring
6537,6538,764,Deposit,71.33,2/4/2023,Winter
6538,6539,2022,Payment,7027.11,11/30/2023,Fall
6539,6540,1715,Withdrawal,9477.09,9/3/2022,Fall
6540,6541,3697,Transfer,6279.11,11/18/2022,Fall
6541,6542,3021,Payment,565.03,7/30/2022,Summer
6542,6543,268,Deposit,4555.64,3/22/2025,Spring
6543,6544,733,Transfer,7712.36,4/6/2024,Spring
6544,6545,4203,Withdrawal,9280.89,4/29/2025,Spring
6545,6546,3636,Withdrawal,163.91,11/20/2022,Fall
6546,6547,3042,Payment,2914.83,3/3/2023,Spring
6547,6548,3849,Transfer,4829.61,9/19/2022,Fall
6548,6549,1822,Payment,9206.06,8/25/2023,Summer
6549,6550,3456,Deposit,4587.01,10/21/2023,Fall
6550,6551,1423,Transfer,3413.22,9/27/2022,Fall
6551,6552,209,Transfer,9860.11,10/29/2022,Fall
6552,6553,4361,Withdrawal,48.56,1/2/2025,Winter
6553,6554,2768,Deposit,3689.15,10/11/2023,Fall
6554,6555,3177,Payment,9459.77,3/13/2025,Spring
6555,6556,915,Withdrawal,3943.64,5/6/2024,Spring
6556,6557,2265,Deposit,7196.04,4/28/2024,Spring
6557,6558,4853,Deposit,3100.66,11/20/2022,Fall
6558,6559,4120,Transfer,6480.2,8/4/2023,Summer
6559,6560,3932,Withdrawal,7288.01,3/1/2024,Spring
6560,6561,1780,Transfer,1206.79,9/5/2023,Fall
6561,6562,338,Payment,7061.3,2/14/2023,Winter
6562,6563,3826,Deposit,8895.79,9/21/2024,Fall
6563,6564,2209,Transfer,8586.58,5/12/2023,Spring
6564,6565,532,Deposit,9191.72,3/27/2024,Spring
6565,6566,1927,Transfer,5359.06,11/28/2022,Fall
6566,6567,919,Withdrawal,5623.55,8/29/2024,Summer
6567,6568,2660,Deposit,720.35,10/27/2022,Fall
6568,6569,3989,Transfer,4385.67,3/4/2023,Spring
6569,6570,471,Transfer,6894.61,5/11/2024,Spring
6570,6571,399,Transfer,7039.19,6/25/2023,Summer
6571,6572,376,Transfer,9257.95,7/15/2023,Summer
6572,6573,388,Deposit,7540.83,1/5/2025,Winter
6573,6574,712,Transfer,3055.45,8/12/2022,Summer
6574,6575,3624,Transfer,5101.33,4/6/2023,Spring
6575,6576,4362,Withdrawal,1849.79,3/13/2024,Spring
6576,6577,1354,Payment,1310.31,7/8/2023,Summer
6577,6578,2165,Withdrawal,9399.69,5/20/2024,Spring
6578,6579,2114,Deposit,3060.62,8/4/2024,Summer
6579,6580,3298,Payment,9503.17,8/14/2022,Summer
6580,6581,3419,Transfer,3737.54,10/25/2022,Fall
6581,6582,751,Deposit,5433.7,4/28/2023,Spring
6582,6583,2809,Payment,7154.26,11/15/2023,Fall
6583,6584,3307,Deposit,8896.4,6/12/2023,Summer
6584,6585,4384,Deposit,6097.4,2/8/2024,Winter
6585,6586,2831,Transfer,8407.28,10/1/2023,Fall
6586,6587,3145,Transfer,5249.09,9/23/2023,Fall
6587,6588,3673,Payment,615.13,2/3/2024,Winter
6588,6589,3734,Withdrawal,7544.24,7/13/2022,Summer
6589,6590,968,Payment,8383.19,9/18/2024,Fall
6590,6591,1026,Withdrawal,2363.66,3/12/2023,Spring
6591,6592,2548,Withdrawal,4963.11,6/28/2023,Summer
6592,6593,3770,Payment,6118.03,7/22/2023,Summer
6593,6594,1113,Deposit,7589.58,5/3/2025,Spring
6594,6595,2572,Transfer,3181.99,11/14/2023,Fall
6595,6596,4238,Payment,9775.86,1/24/2023,Winter
6596,6597,3818,Transfer,5656.87,12/29/2024,Winter
6597,6598,3786,Transfer,2222.27,3/8/2023,Spring
6598,6599,4103,Deposit,4843.24,5/19/2023,Spring
6599,6600,4011,Transfer,790.59,7/16/2022,Summer
6600,6601,476,Transfer,1643.17,7/19/2024,Summer
6601,6602,4131,Deposit,8159.29,5/8/2025,Spring
6602,6603,3110,Deposit,8487.59,7/16/2023,Summer
6603,6604,1225,Deposit,406.17,5/14/2023,Spring
6604,6605,1618,Deposit,298.29,7/5/2023,Summer
6605,6606,3349,Deposit,8756.73,2/25/2025,Winter
6606,6607,1083,Deposit,4225.76,12/7/2022,Winter
6607,6608,3284,Transfer,8186.42,7/15/2022,Summer
6608,6609,2504,Deposit,4010.87,6/20/2024,Summer
6609,6610,2872,Withdrawal,6395.37,4/25/2024,Spring
6610,6611,2629,Transfer,6204.37,10/8/2024,Fall
6611,6612,2169,Payment,2742.73,7/3/2023,Summer
6612,6613,2599,Deposit,1240.42,11/5/2024,Fall
6613,6614,2764,Payment,9154.93,1/30/2025,Winter
6614,6615,4134,Withdrawal,2595.56,1/7/2024,Winter
6615,6616,3059,Withdrawal,4143.19,1/22/2023,Winter
6616,6617,4213,Payment,4812.05,8/21/2023,Summer
6617,6618,2534,Withdrawal,6878.44,10/9/2022,Fall
6618,6619,4365,Deposit,9274.62,12/6/2024,Winter
6619,6620,1964,Deposit,2936.07,3/16/2025,Spring
6620,6621,3940,Deposit,2309.25,6/27/2023,Summer
6621,6622,2690,Withdrawal,1902.32,7/27/2024,Summer
6622,6623,4502,Withdrawal,92.73,6/10/2024,Summer
6623,6624,2542,Transfer,2032.67,2/28/2024,Winter
6624,6625,1138,Transfer,3393.5,6/19/2024,Summer
6625,6626,2156,Payment,1906.22,4/28/2024,Spring
6626,6627,2241,Transfer,5954.52,2/11/2023,Winter
6627,6628,3814,Payment,7372.11,4/22/2024,Spring
6628,6629,1240,Payment,7619.24,7/14/2023,Summer
6629,6630,2509,Deposit,7967.64,11/10/2022,Fall
6630,6631,1546,Transfer,3279.62,8/20/2023,Summer
6631,6632,2100,Transfer,6406.85,3/22/2024,Spring
6632,6633,2851,Payment,4731.79,3/1/2024,Spring
6633,6634,2689,Payment,8052.31,11/6/2024,Fall
6634,6635,2098,Withdrawal,4285.14,1/12/2025,Winter
6635,6636,4189,Withdrawal,118.92,2/27/2023,Winter
6636,6637,3651,Deposit,1682.8,12/15/2023,Winter
6637,6638,3697,Payment,3682.23,8/17/2022,Summer
6638,6639,3273,Deposit,817.26,12/4/2023,Winter
6639,6640,3059,Withdrawal,9041.31,6/11/2024,Summer
6640,6641,2988,Payment,5749.69,4/21/2023,Spring
6641,6642,3662,Deposit,9655.94,2/5/2025,Winter
6642,6643,4620,Transfer,7378.13,11/13/2022,Fall
6643,6644,3344,Deposit,6787.97,2/20/2025,Winter
6644,6645,2680,Withdrawal,4113.43,12/24/2024,Winter
6645,6646,1382,Deposit,4678.29,3/3/2025,Spring
6646,6647,2291,Payment,5306.97,8/16/2022,Summer
6647,6648,1887,Transfer,5645.22,3/27/2024,Spring
6648,6649,194,Withdrawal,5308.98,10/2/2022,Fall
6649,6650,618,Transfer,7994.5,7/31/2022,Summer
6650,6651,1475,Transfer,1091.41,8/21/2024,Summer
6651,6652,4599,Payment,4732.29,7/11/2023,Summer
6652,6653,3310,Deposit,8442.11,9/25/2024,Fall
6653,6654,3837,Transfer,8718.28,1/19/2023,Winter
6654,6655,3847,Withdrawal,6238.02,1/24/2024,Winter
6655,6656,384,Payment,5842.07,9/7/2024,Fall
6656,6657,565,Payment,6949.78,2/20/2024,Winter
6657,6658,3752,Transfer,4246.17,7/13/2024,Summer
6658,6659,3077,Withdrawal,8988.45,3/28/2025,Spring
6659,6660,974,Deposit,4082.21,1/3/2024,Winter
6660,6661,4732,Deposit,2710.18,4/28/2025,Spring
6661,6662,2823,Deposit,7725.15,9/30/2024,Fall
6662,6663,1283,Transfer,4617.69,12/13/2023,Winter
6663,6664,4086,Transfer,2426.04,1/21/2025,Winter
6664,6665,345,Transfer,2673.16,4/25/2024,Spring
6665,6666,1456,Transfer,4311.78,5/31/2024,Spring
6666,6667,2836,Transfer,93.01,3/27/2025,Spring
6667,6668,2369,Payment,3754.58,7/3/2023,Summer
6668,6669,1069,Payment,513.08,9/21/2022,Fall
6669,6670,2114,Transfer,4101.45,3/28/2024,Spring
6670,6671,1671,Withdrawal,2979.05,2/17/2024,Winter
6671,6672,4921,Withdrawal,4228.6,10/24/2022,Fall
6672,6673,2155,Transfer,1804.23,1/1/2023,Winter
6673,6674,4639,Payment,2252.84,4/26/2025,Spring
6674,6675,94,Payment,9903.36,3/10/2025,Spring
6675,6676,1518,Payment,5780.92,9/13/2023,Fall
6676,6677,2248,Payment,7604.97,1/16/2024,Winter
6677,6678,273,Payment,5221,7/13/2024,Summer
6678,6679,1349,Withdrawal,2481.03,6/24/2023,Summer
6679,6680,938,Payment,5649.68,6/12/2022,Summer
6680,6681,1975,Payment,9822.45,7/14/2022,Summer
6681,6682,446,Deposit,1997.32,1/21/2023,Winter
6682,6683,184,Transfer,236.79,8/25/2022,Summer
6683,6684,4595,Transfer,1633.16,8/2/2024,Summer
6684,6685,2496,Withdrawal,4093.47,12/26/2022,Winter
6685,6686,2413,Payment,8096.02,8/12/2022,Summer
6686,6687,3848,Withdrawal,9658.04,7/1/2023,Summer
6687,6688,3448,Withdrawal,6212.58,6/28/2023,Summer
6688,6689,4987,Payment,4552.2,4/25/2023,Spring
6689,6690,1923,Deposit,8341.88,4/22/2025,Spring
6690,6691,4223,Transfer,7035.14,11/19/2022,Fall
6691,6692,1242,Transfer,5369.84,4/7/2025,Spring
6692,6693,640,Deposit,7657.18,8/30/2023,Summer
6693,6694,116,Deposit,842.98,4/2/2023,Spring
6694,6695,84,Deposit,477.17,11/7/2024,Fall
6695,6696,3093,Withdrawal,7611.88,4/29/2025,Spring
6696,6697,2826,Withdrawal,2400.79,4/22/2025,Spring
6697,6698,1392,Withdrawal,8786.49,7/14/2024,Summer
6698,6699,2248,Transfer,9988.98,2/19/2024,Winter
6699,6700,3575,Payment,1778.52,7/2/2022,Summer
6700,6701,3304,Withdrawal,9099.11,6/16/2024,Summer
6701,6702,447,Transfer,8516.74,4/18/2024,Spring
6702,6703,501,Transfer,9046.8,1/8/2025,Winter
6703,6704,2375,Deposit,7753.19,1/12/2024,Winter
6704,6705,4359,Withdrawal,3799.74,3/27/2023,Spring
6705,6706,736,Transfer,3471.93,1/23/2025,Winter
6706,6707,1787,Transfer,1562.94,2/15/2023,Winter
6707,6708,2635,Transfer,6067.37,8/5/2024,Summer
6708,6709,2860,Withdrawal,7102.57,5/27/2022,Spring
6709,6710,3073,Withdrawal,6578.1,6/5/2022,Summer
6710,6711,3381,Transfer,8297.75,9/16/2023,Fall
6711,6712,309,Withdrawal,7383.81,2/16/2025,Winter
6712,6713,3580,Deposit,1771.52,7/6/2024,Summer
6713,6714,450,Transfer,4610.73,2/1/2024,Winter
6714,6715,2607,Withdrawal,7028,4/5/2024,Spring
6715,6716,727,Transfer,9143.01,3/18/2024,Spring
6716,6717,2944,Payment,4344.12,7/13/2024,Summer
6717,6718,730,Payment,6627.44,4/21/2024,Spring
6718,6719,1705,Transfer,9966.43,11/12/2022,Fall
6719,6720,407,Deposit,4554.24,5/18/2022,Spring
6720,6721,3683,Payment,8501.51,10/29/2023,Fall
6721,6722,4249,Withdrawal,5921.82,11/29/2024,Fall
6722,6723,312,Deposit,7853.29,3/9/2023,Spring
6723,6724,742,Withdrawal,783.75,9/10/2023,Fall
6724,6725,3230,Transfer,5535.93,10/12/2023,Fall
6725,6726,190,Payment,6901.24,1/30/2025,Winter
6726,6727,4106,Deposit,5255.55,9/21/2024,Fall
6727,6728,3419,Transfer,8262.11,12/12/2023,Winter
6728,6729,1796,Payment,9063.59,6/7/2022,Summer
6729,6730,1968,Transfer,3598.85,3/8/2025,Spring
6730,6731,4790,Withdrawal,492.28,10/6/2024,Fall
6731,6732,1229,Deposit,6281.88,4/22/2024,Spring
6732,6733,2117,Payment,4026.25,9/9/2022,Fall
6733,6734,1852,Deposit,7699.97,6/4/2023,Summer
6734,6735,4306,Transfer,3024.58,5/10/2023,Spring
6735,6736,2990,Transfer,2785.89,2/13/2024,Winter
6736,6737,2908,Payment,3445.34,6/9/2022,Summer
6737,6738,2599,Withdrawal,803.56,2/25/2024,Winter
6738,6739,3196,Transfer,7275.36,1/16/2023,Winter
6739,6740,3421,Transfer,4890.22,7/16/2022,Summer
6740,6741,4467,Payment,2114.27,11/30/2022,Fall
6741,6742,408,Payment,3376.16,12/16/2024,Winter
6742,6743,3255,Payment,7385.3,3/12/2025,Spring
6743,6744,143,Withdrawal,1022.35,6/3/2024,Summer
6744,6745,2933,Transfer,4231.39,8/8/2024,Summer
6745,6746,2232,Payment,2854.73,5/26/2024,Spring
6746,6747,2179,Deposit,6367.55,1/11/2023,Winter
6747,6748,4245,Withdrawal,5432.32,5/13/2023,Spring
6748,6749,1054,Transfer,6120.31,8/31/2022,Summer
6749,6750,4592,Withdrawal,3651.47,5/15/2022,Spring
6750,6751,4852,Deposit,6413,11/25/2023,Fall
6751,6752,3702,Withdrawal,1622.34,7/4/2024,Summer
6752,6753,1687,Payment,7374.93,4/11/2025,Spring
6753,6754,2288,Withdrawal,4862.99,9/24/2024,Fall
6754,6755,2154,Payment,2555.73,1/26/2023,Winter
6755,6756,4815,Withdrawal,3186.44,11/28/2022,Fall
6756,6757,4718,Transfer,5007.24,7/27/2022,Summer
6757,6758,4749,Withdrawal,1036.06,2/28/2024,Winter
6758,6759,1147,Deposit,8290.1,11/25/2022,Fall
6759,6760,1885,Payment,8401.02,10/9/2022,Fall
6760,6761,3463,Transfer,9364.87,11/6/2022,Fall
6761,6762,953,Withdrawal,9747.83,3/29/2023,Spring
6762,6763,1492,Withdrawal,1081.12,3/14/2025,Spring
6763,6764,573,Withdrawal,5959.41,3/26/2025,Spring
6764,6765,336,Transfer,9116.2,5/4/2024,Spring
6765,6766,1919,Transfer,4658.88,11/2/2022,Fall
6766,6767,3197,Deposit,6127.32,9/15/2022,Fall
6767,6768,1134,Withdrawal,9276.97,5/12/2023,Spring
6768,6769,4690,Deposit,5816.54,7/13/2022,Summer
6769,6770,936,Transfer,9030.2,2/13/2023,Winter
6770,6771,3290,Deposit,4705.75,12/9/2023,Winter
6771,6772,4673,Transfer,8229.79,5/25/2022,Spring
6772,6773,3868,Transfer,6882.31,6/29/2023,Summer
6773,6774,4841,Payment,9216.13,1/25/2025,Winter
6774,6775,820,Withdrawal,2712.91,12/21/2022,Winter
6775,6776,2494,Transfer,5721.66,12/28/2024,Winter
6776,6777,2463,Transfer,5319.22,12/31/2022,Winter
6777,6778,2670,Withdrawal,7960.04,6/6/2022,Summer
6778,6779,2169,Payment,7401.53,11/15/2024,Fall
6779,6780,3413,Withdrawal,9120.71,6/16/2022,Summer
6780,6781,627,Withdrawal,9912.51,6/17/2023,Summer
6781,6782,2563,Withdrawal,4852.14,11/4/2024,Fall
6782,6783,882,Payment,7524.82,3/27/2024,Spring
6783,6784,2059,Withdrawal,4167.39,9/6/2023,Fall
6784,6785,4268,Transfer,4424.84,2/13/2024,Winter
6785,6786,90,Withdrawal,6609.99,12/18/2022,Winter
6786,6787,65,Payment,3991.63,11/11/2024,Fall
6787,6788,4831,Withdrawal,7574.64,8/21/2023,Summer
6788,6789,1936,Transfer,9101.74,11/25/2023,Fall
6789,6790,2910,Withdrawal,6986.67,8/31/2022,Summer
6790,6791,3076,Payment,8411.14,11/16/2022,Fall
6791,6792,255,Deposit,9641.46,1/29/2024,Winter
6792,6793,3169,Transfer,2871.72,9/7/2023,Fall
6793,6794,4504,Withdrawal,6902.05,3/20/2025,Spring
6794,6795,951,Withdrawal,404.31,11/28/2024,Fall
6795,6796,2088,Withdrawal,6267.98,1/13/2023,Winter
6796,6797,188,Transfer,9622.15,10/27/2024,Fall
6797,6798,393,Payment,5837.94,5/19/2022,Spring
6798,6799,995,Withdrawal,1618.76,7/29/2022,Summer
6799,6800,1311,Withdrawal,195.74,4/2/2025,Spring
6800,6801,4759,Transfer,3796.41,12/9/2023,Winter
6801,6802,2699,Payment,3470.35,10/6/2022,Fall
6802,6803,4591,Withdrawal,4318.81,5/18/2022,Spring
6803,6804,3190,Transfer,2235.28,3/23/2023,Spring
6804,6805,3718,Transfer,1858.43,7/28/2023,Summer
6805,6806,1124,Withdrawal,677.01,4/12/2023,Spring
6806,6807,28,Deposit,6549.91,5/26/2023,Spring
6807,6808,1445,Withdrawal,6064.53,9/11/2022,Fall
6808,6809,3022,Deposit,2686.53,9/19/2024,Fall
6809,6810,1609,Payment,1694.2,1/28/2023,Winter
6810,6811,4395,Transfer,1202.66,2/10/2023,Winter
6811,6812,1322,Transfer,8807.89,2/25/2023,Winter
6812,6813,1079,Transfer,6674.16,11/4/2022,Fall
6813,6814,4271,Payment,7990.82,11/17/2023,Fall
6814,6815,4242,Transfer,2443.16,9/8/2022,Fall
6815,6816,2557,Payment,4860.01,12/30/2024,Winter
6816,6817,4701,Withdrawal,6135.76,1/20/2024,Winter
6817,6818,1383,Transfer,1153.05,9/26/2023,Fall
6818,6819,61,Transfer,8173.52,12/26/2024,Winter
6819,6820,3369,Withdrawal,4974.11,7/29/2023,Summer
6820,6821,3783,Deposit,4902.28,10/18/2023,Fall
6821,6822,3508,Payment,5908.65,5/20/2024,Spring
6822,6823,3660,Payment,7848.86,4/5/2023,Spring
6823,6824,1957,Deposit,7988.7,2/5/2023,Winter
6824,6825,191,Deposit,3650.86,5/25/2024,Spring
6825,6826,786,Payment,7130.45,10/8/2022,Fall
6826,6827,1234,Payment,2766.8,5/1/2023,Spring
6827,6828,170,Withdrawal,501.43,5/23/2024,Spring
6828,6829,134,Transfer,9439.58,4/27/2025,Spring
6829,6830,2909,Withdrawal,9181.26,11/10/2024,Fall
6830,6831,774,Transfer,7186.02,12/28/2024,Winter
6831,6832,996,Transfer,8094.8,9/20/2023,Fall
6832,6833,4542,Deposit,9017.02,10/4/2023,Fall
6833,6834,1742,Withdrawal,260.07,10/24/2022,Fall
6834,6835,4227,Transfer,8686.71,6/25/2022,Summer
6835,6836,517,Deposit,6097.7,10/8/2023,Fall
6836,6837,773,Deposit,4960.79,7/4/2024,Summer
6837,6838,3406,Transfer,1874.27,12/24/2022,Winter
6838,6839,86,Payment,4475.78,6/28/2024,Summer
6839,6840,2478,Deposit,8974.02,8/26/2023,Summer
6840,6841,1979,Transfer,4030.82,6/3/2022,Summer
6841,6842,465,Payment,2878.96,4/9/2023,Spring
6842,6843,4500,Payment,8635.31,9/9/2023,Fall
6843,6844,180,Withdrawal,4531.4,6/11/2024,Summer
6844,6845,1422,Withdrawal,2627.28,2/21/2025,Winter
6845,6846,3037,Withdrawal,5203.45,8/12/2024,Summer
6846,6847,701,Deposit,8175.18,5/14/2023,Spring
6847,6848,812,Withdrawal,5505.38,5/23/2023,Spring
6848,6849,1393,Withdrawal,2396.96,5/31/2022,Spring
6849,6850,3557,Payment,2466.91,1/14/2023,Winter
6850,6851,2728,Payment,8286.84,2/20/2024,Winter
6851,6852,3283,Withdrawal,7915.03,9/7/2024,Fall
6852,6853,1197,Withdrawal,5681.21,10/19/2023,Fall
6853,6854,3787,Payment,8941.2,3/18/2023,Spring
6854,6855,1296,Transfer,650.25,12/7/2024,Winter
6855,6856,129,Withdrawal,6732.14,10/15/2024,Fall
6856,6857,1163,Payment,8588.4,7/6/2023,Summer
6857,6858,618,Transfer,3285.39,10/4/2024,Fall
6858,6859,2134,Transfer,7399.49,4/16/2024,Spring
6859,6860,2861,Deposit,9169.26,5/23/2023,Spring
6860,6861,480,Transfer,8428.22,4/25/2024,Spring
6861,6862,1372,Transfer,7503.77,1/16/2025,Winter
6862,6863,2853,Payment,7927.7,12/3/2024,Winter
6863,6864,4182,Payment,7318.77,12/25/2024,Winter
6864,6865,2005,Payment,6500.4,3/21/2023,Spring
6865,6866,2149,Deposit,3119.78,6/25/2024,Summer
6866,6867,4000,Transfer,6580.25,10/2/2022,Fall
6867,6868,4397,Deposit,320.72,11/18/2024,Fall
6868,6869,3202,Deposit,9594.34,2/23/2023,Winter
6869,6870,3071,Payment,4151.05,1/5/2025,Winter
6870,6871,2477,Transfer,4509.53,4/9/2024,Spring
6871,6872,1915,Withdrawal,4144.67,9/22/2023,Fall
6872,6873,4463,Payment,8553.72,12/27/2022,Winter
6873,6874,3070,Deposit,8873.55,2/22/2025,Winter
6874,6875,48,Deposit,8414.46,11/29/2024,Fall
6875,6876,3915,Payment,4578.89,10/6/2024,Fall
6876,6877,583,Deposit,7714.95,6/2/2024,Summer
6877,6878,1061,Payment,4402.83,8/10/2024,Summer
6878,6879,3014,Payment,9083.84,2/17/2025,Winter
6879,6880,1481,Transfer,6302.28,1/10/2024,Winter
6880,6881,3693,Withdrawal,8128.28,2/14/2025,Winter
6881,6882,377,Deposit,1524.42,8/22/2024,Summer
6882,6883,787,Deposit,6751.19,11/21/2023,Fall
6883,6884,176,Deposit,6385.31,2/7/2024,Winter
6884,6885,1496,Payment,8617.98,5/18/2023,Spring
6885,6886,2912,Deposit,1883,9/19/2023,Fall
6886,6887,2043,Deposit,7926.28,2/21/2024,Winter
6887,6888,447,Deposit,3414.37,11/26/2024,Fall
6888,6889,650,Payment,4980.97,1/27/2025,Winter
6889,6890,4513,Deposit,5743.38,5/3/2023,Spring
6890,6891,4277,Transfer,4109.86,2/24/2025,Winter
6891,6892,692,Payment,3560.53,11/27/2022,Fall
6892,6893,3977,Payment,3758.74,1/25/2024,Winter
6893,6894,3708,Withdrawal,3701.15,1/25/2025,Winter
6894,6895,3972,Deposit,3953.01,6/25/2024,Summer
6895,6896,2714,Deposit,8396.22,2/12/2024,Winter
6896,6897,3908,Withdrawal,2716.19,1/21/2024,Winter
6897,6898,3637,Transfer,2021.31,9/8/2022,Fall
6898,6899,2922,Payment,2582.39,12/28/2023,Winter
6899,6900,3997,Withdrawal,9507.03,9/2/2022,Fall
6900,6901,2515,Transfer,8530.88,9/25/2023,Fall
6901,6902,3357,Payment,7538.34,11/24/2022,Fall
6902,6903,4849,Withdrawal,359.64,10/25/2023,Fall
6903,6904,1484,Transfer,1323.71,8/9/2023,Summer
6904,6905,4420,Deposit,2955.23,11/14/2023,Fall
6905,6906,3917,Withdrawal,9553.46,4/26/2025,Spring
6906,6907,1572,Deposit,4364.13,4/2/2025,Spring
6907,6908,2718,Withdrawal,6319.17,2/15/2023,Winter
6908,6909,4575,Payment,5549.3,2/1/2023,Winter
6909,6910,216,Payment,4029.07,8/1/2024,Summer
6910,6911,927,Payment,2304.2,5/3/2023,Spring
6911,6912,4146,Deposit,3160.31,8/4/2024,Summer
6912,6913,885,Withdrawal,5459.42,9/6/2022,Fall
6913,6914,2202,Transfer,9187.26,10/4/2024,Fall
6914,6915,2417,Payment,4158.1,12/14/2022,Winter
6915,6916,3269,Payment,3315.24,9/9/2022,Fall
6916,6917,1196,Withdrawal,8285.98,1/30/2023,Winter
6917,6918,4364,Transfer,2375.34,11/11/2023,Fall
6918,6919,2381,Withdrawal,6954.5,6/27/2022,Summer
6919,6920,2911,Deposit,3623.09,6/23/2023,Summer
6920,6921,781,Withdrawal,5738.14,3/30/2025,Spring
6921,6922,3220,Withdrawal,6037.82,2/7/2023,Winter
6922,6923,3621,Transfer,1755.6,7/21/2023,Summer
6923,6924,2060,Deposit,7577.65,2/17/2024,Winter
6924,6925,4819,Withdrawal,5450.75,2/15/2024,Winter
6925,6926,1103,Withdrawal,1533.28,8/10/2022,Summer
6926,6927,923,Transfer,2601.12,10/27/2023,Fall
6927,6928,2769,Transfer,3392.56,4/15/2025,Spring
6928,6929,4309,Deposit,5127.4,10/13/2022,Fall
6929,6930,1285,Transfer,3656.79,3/29/2023,Spring
6930,6931,3119,Payment,2358.62,2/28/2023,Winter
6931,6932,2438,Transfer,9834.82,1/2/2023,Winter
6932,6933,4131,Deposit,6525.98,8/4/2022,Summer
6933,6934,1826,Transfer,8100.91,3/5/2024,Spring
6934,6935,1567,Deposit,3586.16,12/10/2024,Winter
6935,6936,1386,Deposit,2631.2,9/9/2023,Fall
6936,6937,1229,Payment,6351.81,2/6/2024,Winter
6937,6938,2004,Withdrawal,676.89,8/7/2022,Summer
6938,6939,3520,Transfer,419.51,7/13/2022,Summer
6939,6940,4125,Deposit,7551.14,4/13/2025,Spring
6940,6941,1378,Deposit,2783.21,11/15/2023,Fall
6941,6942,3595,Deposit,3221.69,10/7/2024,Fall
6942,6943,1168,Transfer,1685.09,3/30/2024,Spring
6943,6944,3058,Transfer,646.28,4/8/2023,Spring
6944,6945,67,Payment,412.19,7/14/2022,Summer
6945,6946,395,Withdrawal,6309.92,7/25/2024,Summer
6946,6947,4313,Deposit,5383.06,8/22/2024,Summer
6947,6948,269,Withdrawal,6109.03,3/6/2024,Spring
6948,6949,1314,Transfer,6200.56,5/24/2023,Spring
6949,6950,1465,Deposit,4996.24,3/20/2024,Spring
6950,6951,349,Deposit,8565.5,1/2/2023,Winter
6951,6952,4973,Deposit,8353.13,3/1/2025,Spring
6952,6953,733,Payment,9402.3,2/20/2025,Winter
6953,6954,3316,Transfer,9587.38,10/23/2023,Fall
6954,6955,3049,Deposit,2205.79,9/13/2022,Fall
6955,6956,3950,Withdrawal,4348.33,2/14/2025,Winter
6956,6957,2186,Payment,9002.79,10/4/2023,Fall
6957,6958,1979,Payment,5076.92,8/16/2024,Summer
6958,6959,206,Deposit,5769.65,2/4/2023,Winter
6959,6960,329,Withdrawal,3125.3,2/9/2023,Winter
6960,6961,2745,Payment,4437.92,12/20/2023,Winter
6961,6962,3989,Deposit,6319.12,11/26/2023,Fall
6962,6963,1135,Payment,3255.36,4/24/2023,Spring
6963,6964,1981,Payment,8372.69,4/18/2023,Spring
6964,6965,2644,Deposit,9474.15,6/27/2022,Summer
6965,6966,2980,Deposit,2376.1,8/2/2022,Summer
6966,6967,3890,Deposit,287.43,5/31/2023,Spring
6967,6968,3794,Transfer,3356.02,6/27/2024,Summer
6968,6969,2766,Payment,7704.25,8/13/2024,Summer
6969,6970,4455,Withdrawal,7732.33,9/19/2022,Fall
6970,6971,3324,Withdrawal,2887.72,9/2/2024,Fall
6971,6972,4857,Transfer,7332.34,12/20/2024,Winter
6972,6973,2564,Transfer,6523.89,6/1/2022,Summer
6973,6974,797,Payment,1571.26,11/13/2022,Fall
6974,6975,4126,Withdrawal,4008.02,9/7/2023,Fall
6975,6976,1789,Transfer,8896.86,12/12/2024,Winter
6976,6977,1039,Transfer,923.48,2/16/2024,Winter
6977,6978,2026,Withdrawal,4388.89,4/3/2024,Spring
6978,6979,4214,Payment,1562.04,12/8/2024,Winter
6979,6980,1957,Deposit,4322.33,11/26/2023,Fall
6980,6981,2053,Transfer,6201.71,11/3/2024,Fall
6981,6982,2039,Withdrawal,9481.72,12/21/2024,Winter
6982,6983,4591,Withdrawal,9386.66,2/26/2025,Winter
6983,6984,2130,Transfer,7514.54,1/28/2024,Winter
6984,6985,1851,Payment,2840.35,10/19/2023,Fall
6985,6986,4398,Withdrawal,7721.3,1/14/2025,Winter
6986,6987,3079,Transfer,5250.64,11/5/2024,Fall
6987,6988,3918,Withdrawal,4548.57,10/5/2022,Fall
6988,6989,3569,Payment,4467.96,12/24/2024,Winter
6989,6990,809,Payment,7466.96,1/19/2023,Winter
6990,6991,1730,Transfer,9001.17,8/27/2024,Summer
6991,6992,393,Transfer,5429.53,6/21/2024,Summer
6992,6993,1858,Deposit,9726.76,6/13/2022,Summer
6993,6994,3711,Withdrawal,8832.99,11/17/2023,Fall
6994,6995,4388,Deposit,7940.65,11/11/2023,Fall
6995,6996,2154,Transfer,3586.39,9/29/2022,Fall
6996,6997,4279,Withdrawal,8226.87,1/16/2025,Winter
6997,6998,1455,Payment,6323.44,6/30/2022,Summer
6998,6999,2784,Transfer,2435.23,11/13/2024,Fall
6999,7000,3365,Payment,6607.92,4/13/2023,Spring
7000,7001,356,Transfer,2050.68,7/7/2023,Summer
7001,7002,4141,Transfer,3357.43,7/19/2022,Summer
7002,7003,601,Transfer,3724.07,1/20/2024,Winter
7003,7004,1639,Payment,8011.56,4/30/2024,Spring
7004,7005,3236,Payment,6689.73,12/29/2024,Winter
7005,7006,2685,Withdrawal,10.18,4/20/2024,Spring
7006,7007,797,Deposit,2833.79,6/30/2022,Summer
7007,7008,4700,Transfer,8740.02,8/6/2024,Summer
7008,7009,456,Deposit,6836.58,6/15/2022,Summer
7009,7010,951,Transfer,7307.67,11/16/2023,Fall
7010,7011,3266,Deposit,1655.72,8/11/2022,Summer
7011,7012,3185,Withdrawal,628.84,6/30/2024,Summer
7012,7013,4230,Payment,9899.07,7/26/2023,Summer
7013,7014,275,Payment,955.08,7/31/2022,Summer
7014,7015,1026,Deposit,3534.34,3/26/2023,Spring
7015,7016,2126,Deposit,9668.15,11/11/2024,Fall
7016,7017,4243,Transfer,407.59,3/26/2023,Spring
7017,7018,4858,Deposit,6209.52,10/8/2024,Fall
7018,7019,1962,Deposit,5369.15,9/24/2024,Fall
7019,7020,1039,Transfer,7143.72,9/30/2022,Fall
7020,7021,2421,Withdrawal,7446.2,5/4/2024,Spring
7021,7022,4278,Payment,8916.56,11/23/2023,Fall
7022,7023,3162,Payment,7221.27,7/4/2024,Summer
7023,7024,2171,Payment,7018.76,7/24/2022,Summer
7024,7025,3223,Payment,7248.45,9/5/2024,Fall
7025,7026,3994,Transfer,4130.67,1/10/2024,Winter
7026,7027,1272,Payment,1310.73,2/28/2023,Winter
7027,7028,3514,Deposit,7569.85,12/22/2022,Winter
7028,7029,2077,Deposit,242.53,11/19/2022,Fall
7029,7030,641,Deposit,3789.57,7/29/2024,Summer
7030,7031,4141,Withdrawal,720.17,1/2/2024,Winter
7031,7032,383,Deposit,5520.08,6/19/2024,Summer
7032,7033,2075,Withdrawal,1167.19,2/19/2023,Winter
7033,7034,2243,Payment,8036.85,9/28/2024,Fall
7034,7035,611,Payment,8716.85,5/10/2025,Spring
7035,7036,2469,Payment,4524.97,9/13/2023,Fall
7036,7037,3714,Payment,3968.62,5/21/2024,Spring
7037,7038,2764,Withdrawal,7834.97,4/22/2024,Spring
7038,7039,3124,Transfer,7884.5,3/21/2025,Spring
7039,7040,1982,Deposit,4195.79,2/28/2025,Winter
7040,7041,3664,Transfer,8689.37,5/2/2025,Spring
7041,7042,3882,Deposit,6289.41,1/5/2025,Winter
7042,7043,4719,Deposit,4215.48,1/6/2023,Winter
7043,7044,3340,Withdrawal,5580.58,1/16/2024,Winter
7044,7045,116,Transfer,340.68,6/18/2023,Summer
7045,7046,969,Payment,7576.56,5/29/2023,Spring
7046,7047,4425,Payment,6117.46,12/28/2024,Winter
7047,7048,2391,Transfer,9306.16,4/25/2024,Spring
7048,7049,534,Transfer,982.8,8/1/2023,Summer
7049,7050,2619,Withdrawal,8664.19,3/22/2024,Spring
7050,7051,1866,Payment,5420.78,6/19/2022,Summer
7051,7052,2829,Deposit,2007.5,3/29/2023,Spring
7052,7053,1675,Payment,9744.08,8/6/2022,Summer
7053,7054,4520,Withdrawal,8886.72,10/30/2022,Fall
7054,7055,1765,Transfer,608.99,1/25/2025,Winter
7055,7056,193,Withdrawal,6202.57,7/23/2022,Summer
7056,7057,4157,Withdrawal,3686.17,1/29/2023,Winter
7057,7058,82,Withdrawal,9296.39,10/31/2024,Fall
7058,7059,3949,Transfer,5359.56,4/25/2023,Spring
7059,7060,4821,Deposit,4192.53,8/4/2023,Summer
7060,7061,104,Payment,4932.75,10/22/2024,Fall
7061,7062,582,Transfer,4100.83,2/18/2025,Winter
7062,7063,3682,Deposit,9719.9,11/7/2023,Fall
7063,7064,883,Payment,6972.36,8/29/2023,Summer
7064,7065,3330,Payment,6235.1,12/6/2023,Winter
7065,7066,53,Withdrawal,8714.89,9/7/2024,Fall
7066,7067,3010,Payment,6833.24,6/27/2024,Summer
7067,7068,306,Deposit,6111.26,2/28/2025,Winter
7068,7069,489,Deposit,7925.25,3/20/2025,Spring
7069,7070,1719,Withdrawal,2361.71,8/30/2024,Summer
7070,7071,1963,Deposit,3758.5,4/4/2025,Spring
7071,7072,2128,Payment,3515.78,11/16/2023,Fall
7072,7073,889,Withdrawal,9613.28,1/29/2025,Winter
7073,7074,3843,Transfer,1717.4,11/10/2022,Fall
7074,7075,2201,Deposit,8842.05,11/23/2024,Fall
7075,7076,3346,Withdrawal,1090.78,9/19/2023,Fall
7076,7077,747,Transfer,3156.54,7/23/2022,Summer
7077,7078,2808,Withdrawal,5305.16,1/8/2025,Winter
7078,7079,435,Deposit,6924.98,6/14/2023,Summer
7079,7080,4288,Transfer,4066.08,8/7/2023,Summer
7080,7081,3484,Withdrawal,516.66,9/13/2023,Fall
7081,7082,2857,Transfer,3741.03,8/14/2023,Summer
7082,7083,4802,Transfer,2121.29,11/12/2022,Fall
7083,7084,1677,Payment,735.16,5/7/2023,Spring
7084,7085,4501,Deposit,7788.76,4/3/2024,Spring
7085,7086,1509,Payment,7127.69,11/8/2024,Fall
7086,7087,1560,Deposit,5439.28,2/7/2023,Winter
7087,7088,4311,Deposit,9669.4,7/8/2023,Summer
7088,7089,3378,Payment,674.97,11/1/2022,Fall
7089,7090,2064,Deposit,5875.95,8/22/2023,Summer
7090,7091,955,Withdrawal,4111.11,12/17/2023,Winter
7091,7092,4916,Withdrawal,5433.72,8/18/2023,Summer
7092,7093,2665,Payment,1431.48,10/19/2024,Fall
7093,7094,2174,Deposit,765.61,3/7/2025,Spring
7094,7095,2437,Payment,7439.77,1/26/2024,Winter
7095,7096,3305,Payment,1790.29,8/30/2024,Summer
7096,7097,2481,Withdrawal,9263.31,5/28/2023,Spring
7097,7098,513,Transfer,3954.07,12/18/2023,Winter
7098,7099,3960,Deposit,6898.33,1/26/2025,Winter
7099,7100,670,Deposit,61.25,12/6/2024,Winter
7100,7101,4653,Deposit,909.23,5/22/2022,Spring
7101,7102,868,Withdrawal,6185.82,3/8/2023,Spring
7102,7103,1889,Deposit,2077.53,8/17/2023,Summer
7103,7104,1741,Withdrawal,9247.96,10/25/2024,Fall
7104,7105,4768,Withdrawal,6412.61,8/11/2023,Summer
7105,7106,3675,Withdrawal,4605.07,10/1/2024,Fall
7106,7107,4208,Transfer,7273.05,4/1/2023,Spring
7107,7108,1084,Transfer,4751.14,4/30/2023,Spring
7108,7109,1018,Withdrawal,9043.81,5/13/2024,Spring
7109,7110,3708,Payment,6087,2/22/2023,Winter
7110,7111,1592,Withdrawal,3190.75,9/5/2024,Fall
7111,7112,4424,Transfer,1676.51,12/8/2024,Winter
7112,7113,4886,Deposit,6521.16,3/30/2025,Spring
7113,7114,3262,Deposit,3498.74,1/9/2023,Winter
7114,7115,975,Withdrawal,361.28,5/4/2025,Spring
7115,7116,4468,Deposit,3856.54,10/26/2022,Fall
7116,7117,666,Withdrawal,3353.92,7/29/2022,Summer
7117,7118,1391,Deposit,8050.89,12/26/2024,Winter
7118,7119,1613,Payment,6235.62,1/1/2024,Winter
7119,7120,3966,Payment,8779.37,3/23/2023,Spring
7120,7121,121,Deposit,7991.28,1/7/2025,Winter
7121,7122,712,Withdrawal,3936.48,4/1/2024,Spring
7122,7123,3672,Payment,2725.64,7/11/2023,Summer
7123,7124,981,Payment,9121.84,12/8/2023,Winter
7124,7125,3947,Withdrawal,5990.19,7/13/2022,Summer
7125,7126,4837,Deposit,2145.29,12/30/2022,Winter
7126,7127,434,Withdrawal,5605.47,12/19/2022,Winter
7127,7128,3381,Payment,7448.06,4/6/2023,Spring
7128,7129,1376,Withdrawal,9095.33,8/12/2024,Summer
7129,7130,2606,Withdrawal,6440.52,12/14/2023,Winter
7130,7131,3003,Transfer,4737.58,9/26/2022,Fall
7131,7132,3381,Transfer,3110.55,2/11/2025,Winter
7132,7133,3901,Transfer,1817.86,3/9/2025,Spring
7133,7134,4130,Payment,7097.18,12/26/2023,Winter
7134,7135,2494,Transfer,3283.94,1/2/2023,Winter
7135,7136,1344,Payment,8195.33,10/12/2024,Fall
7136,7137,4151,Payment,3673.89,7/30/2024,Summer
7137,7138,4923,Transfer,8628.39,10/25/2023,Fall
7138,7139,3878,Payment,304.47,12/16/2024,Winter
7139,7140,405,Deposit,1098.03,9/17/2022,Fall
7140,7141,4699,Deposit,6247.65,6/22/2024,Summer
7141,7142,937,Withdrawal,5777.16,7/16/2024,Summer
7142,7143,2427,Transfer,4903.02,4/1/2025,Spring
7143,7144,3093,Payment,8019.47,10/5/2023,Fall
7144,7145,2885,Payment,3760.68,10/7/2024,Fall
7145,7146,2611,Payment,7483.31,5/29/2022,Spring
7146,7147,3393,Withdrawal,8185.67,10/4/2023,Fall
7147,7148,2209,Deposit,8824.87,9/26/2024,Fall
7148,7149,2867,Withdrawal,9294.35,5/14/2024,Spring
7149,7150,99,Withdrawal,949.23,4/27/2024,Spring
7150,7151,4793,Payment,3371.5,5/6/2024,Spring
7151,7152,4349,Withdrawal,8244.35,11/4/2022,Fall
7152,7153,3464,Withdrawal,1482.23,11/3/2022,Fall
7153,7154,4749,Withdrawal,399.78,10/29/2024,Fall
7154,7155,4448,Withdrawal,9670.05,8/11/2022,Summer
7155,7156,4151,Withdrawal,8267.97,8/2/2022,Summer
7156,7157,94,Withdrawal,5584.01,8/3/2022,Summer
7157,7158,2587,Deposit,1760.27,7/24/2023,Summer
7158,7159,4475,Deposit,1413.94,4/11/2023,Spring
7159,7160,2550,Transfer,843.34,10/31/2024,Fall
7160,7161,1803,Payment,8407.24,10/4/2023,Fall
7161,7162,170,Transfer,4086.5,12/28/2024,Winter
7162,7163,1219,Deposit,6296.37,5/6/2024,Spring
7163,7164,2391,Withdrawal,755.47,12/28/2022,Winter
7164,7165,4248,Payment,5091.3,12/3/2024,Winter
7165,7166,1175,Transfer,5725.81,8/22/2023,Summer
7166,7167,1200,Payment,8548.47,8/19/2023,Summer
7167,7168,4354,Withdrawal,5965.48,4/17/2025,Spring
7168,7169,3450,Payment,2954.95,11/27/2024,Fall
7169,7170,1094,Transfer,8346.07,10/18/2024,Fall
7170,7171,2999,Deposit,5295.37,5/19/2023,Spring
7171,7172,1998,Withdrawal,941.7,9/17/2024,Fall
7172,7173,1349,Deposit,1761.08,12/31/2024,Winter
7173,7174,2338,Payment,7394.62,4/6/2023,Spring
7174,7175,1941,Transfer,5855.75,11/27/2022,Fall
7175,7176,3889,Withdrawal,5587.68,12/16/2024,Winter
7176,7177,1204,Deposit,3268.34,3/11/2023,Spring
7177,7178,1407,Transfer,4239.32,5/16/2024,Spring
7178,7179,4383,Deposit,890.67,8/4/2022,Summer
7179,7180,2199,Deposit,2536.19,11/10/2022,Fall
7180,7181,35,Payment,162.51,9/9/2022,Fall
7181,7182,3993,Transfer,9106.73,4/12/2025,Spring
7182,7183,4371,Payment,6681.49,5/11/2025,Spring
7183,7184,4648,Transfer,4763.45,5/30/2023,Spring
7184,7185,4100,Transfer,1758.79,11/29/2024,Fall
7185,7186,4188,Withdrawal,908.61,8/8/2023,Summer
7186,7187,523,Payment,8186.61,10/24/2024,Fall
7187,7188,701,Withdrawal,3294.13,9/4/2023,Fall
7188,7189,3827,Withdrawal,5394.72,10/30/2022,Fall
7189,7190,2254,Withdrawal,1538.26,10/20/2024,Fall
7190,7191,3316,Withdrawal,1833.98,7/11/2023,Summer
7191,7192,3011,Transfer,3659.6,11/8/2024,Fall
7192,7193,2849,Payment,5215.32,6/15/2023,Summer
7193,7194,91,Payment,9086.38,12/6/2024,Winter
7194,7195,2333,Deposit,9696.05,8/10/2022,Summer
7195,7196,1896,Payment,4144.21,12/14/2022,Winter
7196,7197,697,Withdrawal,4217.62,12/12/2024,Winter
7197,7198,1057,Payment,246.3,4/11/2025,Spring
7198,7199,2495,Deposit,7285.62,1/24/2025,Winter
7199,7200,4240,Withdrawal,4575.71,8/28/2023,Summer
7200,7201,4486,Deposit,2153.09,5/6/2024,Spring
7201,7202,98,Payment,170.1,12/3/2023,Winter
7202,7203,3451,Withdrawal,6848.32,8/3/2023,Summer
7203,7204,2428,Deposit,8182.08,8/20/2024,Summer
7204,7205,4507,Deposit,8218.81,12/8/2022,Winter
7205,7206,193,Payment,2558.91,3/11/2024,Spring
7206,7207,4166,Transfer,5659.39,8/18/2023,Summer
7207,7208,285,Deposit,3808.46,9/17/2024,Fall
7208,7209,4420,Deposit,6846.29,10/9/2022,Fall
7209,7210,4883,Payment,1367.4,1/21/2024,Winter
7210,7211,3638,Withdrawal,8283.57,3/11/2025,Spring
7211,7212,336,Deposit,9860.53,2/2/2023,Winter
7212,7213,2596,Withdrawal,1540.01,11/19/2022,Fall
7213,7214,251,Transfer,2725.53,1/5/2025,Winter
7214,7215,3962,Payment,6180.9,1/10/2023,Winter
7215,7216,4492,Transfer,2909.56,2/23/2024,Winter
7216,7217,38,Withdrawal,8835.43,3/18/2023,Spring
7217,7218,3357,Payment,4154.69,9/26/2024,Fall
7218,7219,4927,Deposit,1721.73,2/6/2025,Winter
7219,7220,1290,Payment,9101.71,2/9/2024,Winter
7220,7221,2089,Transfer,4930.33,7/25/2023,Summer
7221,7222,2188,Deposit,9419.4,10/1/2024,Fall
7222,7223,2266,Payment,5755.28,8/27/2024,Summer
7223,7224,521,Payment,5179.7,6/30/2024,Summer
7224,7225,844,Withdrawal,6814.57,9/27/2024,Fall
7225,7226,1615,Transfer,8929.58,8/14/2022,Summer
7226,7227,1778,Deposit,7688.53,9/26/2023,Fall
7227,7228,1811,Payment,9610.65,5/23/2024,Spring
7228,7229,3432,Deposit,7982.62,10/23/2024,Fall
7229,7230,2868,Withdrawal,4949.43,3/30/2025,Spring
7230,7231,2395,Payment,2899.53,3/17/2023,Spring
7231,7232,4709,Withdrawal,1217.88,10/10/2024,Fall
7232,7233,2509,Payment,7024.33,1/7/2024,Winter
7233,7234,2164,Transfer,3024.4,11/2/2023,Fall
7234,7235,4936,Deposit,7920.33,7/5/2023,Summer
7235,7236,1907,Deposit,1816.24,9/26/2023,Fall
7236,7237,1301,Transfer,589.89,10/20/2022,Fall
7237,7238,2852,Transfer,4593.94,5/1/2023,Spring
7238,7239,3228,Transfer,2868.69,4/11/2023,Spring
7239,7240,3379,Deposit,2935.31,2/7/2024,Winter
7240,7241,3664,Withdrawal,605.7,2/2/2023,Winter
7241,7242,4007,Deposit,7726.77,2/26/2024,Winter
7242,7243,1009,Payment,6278.14,7/16/2022,Summer
7243,7244,197,Deposit,4529.47,2/10/2024,Winter
7244,7245,4454,Transfer,8694.66,4/1/2024,Spring
7245,7246,3744,Transfer,3186.36,8/11/2023,Summer
7246,7247,3356,Withdrawal,5943.59,12/2/2024,Winter
7247,7248,979,Deposit,6566.19,2/29/2024,Winter
7248,7249,4392,Deposit,3426.43,8/28/2022,Summer
7249,7250,4551,Transfer,4018.04,9/15/2024,Fall
7250,7251,1040,Deposit,5011.08,1/2/2025,Winter
7251,7252,1349,Payment,4139.73,11/14/2023,Fall
7252,7253,4687,Deposit,1464.83,5/10/2025,Spring
7253,7254,3004,Payment,7967.25,11/16/2024,Fall
7254,7255,2336,Transfer,9312.11,10/24/2024,Fall
7255,7256,3264,Transfer,3186.15,4/9/2024,Spring
7256,7257,936,Payment,5951.89,2/7/2023,Winter
7257,7258,1443,Transfer,2921.81,7/8/2022,Summer
7258,7259,179,Deposit,1189.67,9/24/2022,Fall
7259,7260,2135,Transfer,8797.29,12/15/2023,Winter
7260,7261,4218,Payment,3332.98,2/1/2024,Winter
7261,7262,4429,Transfer,3671.8,9/17/2023,Fall
7262,7263,4862,Transfer,1169.36,3/26/2025,Spring
7263,7264,4752,Payment,5027.69,11/30/2022,Fall
7264,7265,1512,Transfer,4735.46,4/5/2024,Spring
7265,7266,1869,Payment,4203.04,4/15/2023,Spring
7266,7267,4606,Deposit,3593.08,2/12/2023,Winter
7267,7268,248,Deposit,5138.74,7/1/2024,Summer
7268,7269,2374,Withdrawal,5819.51,12/25/2022,Winter
7269,7270,1217,Withdrawal,6216.45,4/7/2023,Spring
7270,7271,88,Deposit,7295.34,12/5/2024,Winter
7271,7272,4153,Payment,402.79,3/21/2023,Spring
7272,7273,3260,Withdrawal,6843.66,12/24/2024,Winter
7273,7274,471,Payment,9476.18,9/3/2022,Fall
7274,7275,3688,Deposit,4312.6,10/11/2023,Fall
7275,7276,1105,Payment,7932.34,12/9/2024,Winter
7276,7277,1425,Payment,4718.17,1/2/2024,Winter
7277,7278,2087,Transfer,4922.55,9/28/2024,Fall
7278,7279,2816,Deposit,8560.84,2/27/2023,Winter
7279,7280,2527,Withdrawal,2012.66,5/25/2022,Spring
7280,7281,4452,Deposit,5221.51,12/12/2022,Winter
7281,7282,4485,Withdrawal,5134.54,10/8/2022,Fall
7282,7283,2271,Deposit,6514.93,7/30/2023,Summer
7283,7284,311,Deposit,4814.17,6/23/2023,Summer
7284,7285,1358,Payment,2792.81,3/28/2024,Spring
7285,7286,3218,Deposit,7804.46,9/29/2022,Fall
7286,7287,3133,Deposit,4035.09,6/11/2023,Summer
7287,7288,3965,Withdrawal,7195.65,10/30/2022,Fall
7288,7289,2858,Deposit,5144.59,2/4/2024,Winter
7289,7290,1852,Deposit,1342.78,10/11/2024,Fall
7290,7291,1086,Transfer,419.27,7/6/2023,Summer
7291,7292,1076,Deposit,8921.75,9/4/2023,Fall
7292,7293,2845,Payment,7188.42,8/30/2024,Summer
7293,7294,2184,Transfer,1189.16,3/24/2025,Spring
7294,7295,2654,Transfer,5553.04,4/22/2023,Spring
7295,7296,2266,Payment,6165.96,6/30/2022,Summer
7296,7297,1714,Deposit,4311.27,10/27/2022,Fall
7297,7298,3540,Deposit,8164.45,1/26/2023,Winter
7298,7299,1652,Deposit,2261.23,7/25/2023,Summer
7299,7300,471,Withdrawal,282.08,5/2/2023,Spring
7300,7301,2207,Payment,6887.47,3/11/2024,Spring
7301,7302,4985,Payment,202.66,8/9/2024,Summer
7302,7303,2031,Deposit,1327.39,4/10/2023,Spring
7303,7304,1407,Payment,6680.34,4/1/2023,Spring
7304,7305,1664,Transfer,2095.04,6/29/2023,Summer
7305,7306,2224,Deposit,8234.04,7/9/2023,Summer
7306,7307,1111,Transfer,2697.98,12/28/2022,Winter
7307,7308,1451,Withdrawal,7135.97,7/18/2024,Summer
7308,7309,2757,Deposit,215.61,1/27/2023,Winter
7309,7310,156,Withdrawal,998.42,12/17/2023,Winter
7310,7311,3724,Withdrawal,8610.01,12/27/2023,Winter
7311,7312,1304,Withdrawal,693.62,12/29/2023,Winter
7312,7313,3756,Payment,5209.95,6/8/2024,Summer
7313,7314,806,Deposit,6813.68,5/28/2023,Spring
7314,7315,2575,Transfer,8151.78,6/9/2024,Summer
7315,7316,4830,Payment,5350.54,5/5/2025,Spring
7316,7317,3013,Withdrawal,8139.26,7/22/2022,Summer
7317,7318,483,Payment,4460.77,8/5/2022,Summer
7318,7319,319,Transfer,7853.58,11/11/2022,Fall
7319,7320,4497,Deposit,8664.08,6/27/2024,Summer
7320,7321,2140,Transfer,9056.09,4/26/2023,Spring
7321,7322,4811,Withdrawal,5836.18,10/20/2024,Fall
7322,7323,241,Payment,5843.8,11/28/2022,Fall
7323,7324,2473,Transfer,5301.56,3/3/2024,Spring
7324,7325,2968,Transfer,8272.85,7/21/2024,Summer
7325,7326,348,Payment,3093.66,8/7/2023,Summer
7326,7327,4435,Transfer,7863.95,8/28/2024,Summer
7327,7328,2030,Withdrawal,966.16,9/30/2023,Fall
7328,7329,3590,Withdrawal,8926.17,7/10/2023,Summer
7329,7330,1374,Deposit,5618.22,8/4/2024,Summer
7330,7331,1710,Transfer,2513.62,11/26/2023,Fall
7331,7332,4486,Deposit,1878.22,10/16/2024,Fall
7332,7333,2462,Payment,3455.28,4/23/2023,Spring
7333,7334,4266,Withdrawal,2527.64,11/2/2024,Fall
7334,7335,3153,Withdrawal,2352.54,5/2/2024,Spring
7335,7336,3112,Transfer,1857.87,3/13/2024,Spring
7336,7337,4200,Withdrawal,9093.46,4/29/2024,Spring
7337,7338,354,Withdrawal,5647.48,3/23/2023,Spring
7338,7339,967,Deposit,9356.93,7/31/2024,Summer
7339,7340,724,Deposit,344.99,5/7/2023,Spring
7340,7341,3103,Deposit,9833.54,12/28/2022,Winter
7341,7342,870,Payment,5264.44,7/25/2023,Summer
7342,7343,2588,Withdrawal,45.57,5/6/2024,Spring
7343,7344,2981,Payment,1473.32,7/26/2022,Summer
7344,7345,947,Transfer,5087.09,12/20/2022,Winter
7345,7346,2409,Transfer,7982.42,8/15/2022,Summer
7346,7347,4323,Deposit,5271.16,10/30/2024,Fall
7347,7348,1806,Deposit,5886.7,4/26/2025,Spring
7348,7349,2940,Deposit,9212.5,7/22/2022,Summer
7349,7350,3708,Deposit,8592.31,3/20/2023,Spring
7350,7351,2356,Transfer,404.23,5/5/2025,Spring
7351,7352,4630,Withdrawal,4733.38,9/28/2023,Fall
7352,7353,495,Deposit,6079.25,11/24/2022,Fall
7353,7354,2826,Payment,2764.34,6/27/2024,Summer
7354,7355,2228,Transfer,7067.5,9/20/2024,Fall
7355,7356,3968,Deposit,7563.59,8/7/2024,Summer
7356,7357,936,Withdrawal,4664.07,7/7/2022,Summer
7357,7358,750,Withdrawal,1383.82,10/24/2023,Fall
7358,7359,2829,Withdrawal,4802.96,8/11/2024,Summer
7359,7360,3519,Deposit,7848.21,7/28/2023,Summer
7360,7361,4281,Payment,4472.82,7/16/2023,Summer
7361,7362,2214,Withdrawal,1625.64,7/24/2023,Summer
7362,7363,2642,Deposit,5774.8,11/21/2023,Fall
7363,7364,607,Payment,6405.7,8/1/2022,Summer
7364,7365,3374,Withdrawal,1779.35,3/2/2023,Spring
7365,7366,1632,Transfer,382.26,5/24/2023,Spring
7366,7367,4844,Transfer,3016.7,9/8/2024,Fall
7367,7368,1581,Payment,958.74,1/27/2024,Winter
7368,7369,4799,Payment,9154.57,4/10/2025,Spring
7369,7370,2788,Transfer,6194.99,3/21/2025,Spring
7370,7371,3117,Deposit,9979.15,12/26/2022,Winter
7371,7372,2823,Transfer,7769.61,7/16/2023,Summer
7372,7373,4376,Transfer,5592.32,12/19/2024,Winter
7373,7374,3325,Payment,1993.83,12/17/2024,Winter
7374,7375,2892,Deposit,6277.05,5/23/2023,Spring
7375,7376,3308,Withdrawal,2955.07,11/11/2024,Fall
7376,7377,3728,Withdrawal,7578.23,11/11/2024,Fall
7377,7378,1042,Withdrawal,7296.22,12/6/2022,Winter
7378,7379,2624,Transfer,2423.73,4/24/2024,Spring
7379,7380,4969,Deposit,266.35,9/29/2024,Fall
7380,7381,13,Deposit,2213.03,7/13/2023,Summer
7381,7382,1399,Payment,2486.45,1/8/2025,Winter
7382,7383,1401,Deposit,3438.99,11/3/2024,Fall
7383,7384,172,Transfer,9385.06,6/4/2024,Summer
7384,7385,906,Transfer,881.61,12/20/2023,Winter
7385,7386,3558,Payment,8885.63,4/30/2024,Spring
7386,7387,2805,Withdrawal,8866.07,1/11/2023,Winter
7387,7388,1829,Deposit,7144.91,2/29/2024,Winter
7388,7389,47,Deposit,5302.22,4/27/2023,Spring
7389,7390,2854,Payment,7440.33,3/4/2023,Spring
7390,7391,835,Payment,1322.52,5/12/2022,Spring
7391,7392,1469,Payment,4583.9,4/15/2023,Spring
7392,7393,4386,Payment,9507.85,7/18/2023,Summer
7393,7394,3556,Payment,5747.98,3/29/2025,Spring
7394,7395,2070,Deposit,669.95,5/17/2023,Spring
7395,7396,1121,Payment,6717.29,9/5/2023,Fall
7396,7397,4062,Deposit,6263.67,12/24/2024,Winter
7397,7398,1916,Deposit,3985.5,5/8/2025,Spring
7398,7399,3307,Withdrawal,912.62,5/4/2024,Spring
7399,7400,184,Withdrawal,7746.46,12/23/2022,Winter
7400,7401,2659,Payment,782.78,7/13/2024,Summer
7401,7402,3303,Withdrawal,5943.39,6/22/2022,Summer
7402,7403,228,Payment,4625.24,8/1/2022,Summer
7403,7404,94,Transfer,2586.56,12/11/2023,Winter
7404,7405,192,Transfer,5555.35,2/14/2025,Winter
7405,7406,1128,Deposit,7647.45,10/8/2023,Fall
7406,7407,991,Deposit,4661.02,12/8/2024,Winter
7407,7408,3249,Withdrawal,981.5,12/2/2022,Winter
7408,7409,2061,Withdrawal,247.51,10/28/2023,Fall
7409,7410,2030,Withdrawal,7578.84,12/25/2022,Winter
7410,7411,4633,Payment,5475.07,9/17/2024,Fall
7411,7412,3118,Transfer,6287.81,1/25/2023,Winter
7412,7413,711,Deposit,8687.98,3/14/2025,Spring
7413,7414,3550,Deposit,2689.24,11/27/2023,Fall
7414,7415,2161,Withdrawal,1587.67,10/7/2023,Fall
7415,7416,510,Transfer,6209.04,12/4/2022,Winter
7416,7417,2168,Deposit,2804.76,5/11/2025,Spring
7417,7418,2290,Payment,9163.57,4/5/2023,Spring
7418,7419,4043,Deposit,7581.27,7/12/2024,Summer
7419,7420,4930,Transfer,9147.3,8/26/2024,Summer
7420,7421,1518,Transfer,4214.09,10/26/2024,Fall
7421,7422,1857,Withdrawal,7244.19,2/25/2023,Winter
7422,7423,2243,Payment,6124.59,6/7/2022,Summer
7423,7424,1261,Withdrawal,553.85,12/23/2024,Winter
7424,7425,428,Deposit,3337.15,9/23/2023,Fall
7425,7426,2740,Deposit,2643.6,5/26/2022,Spring
7426,7427,3760,Payment,2577.9,3/16/2023,Spring
7427,7428,4118,Payment,5115.53,12/1/2023,Winter
7428,7429,1101,Deposit,2110.51,4/14/2025,Spring
7429,7430,3846,Transfer,1491.75,2/26/2024,Winter
7430,7431,2328,Transfer,1842.57,8/6/2022,Summer
7431,7432,4215,Transfer,581.7,6/22/2024,Summer
7432,7433,1592,Payment,1575.8,11/10/2024,Fall
7433,7434,2576,Transfer,9885.74,11/28/2024,Fall
7434,7435,2670,Transfer,6022.57,10/17/2023,Fall
7435,7436,271,Withdrawal,5221.65,1/21/2024,Winter
7436,7437,4638,Withdrawal,6342.5,6/17/2022,Summer
7437,7438,2767,Payment,5072.35,12/7/2022,Winter
7438,7439,443,Payment,511.79,12/26/2022,Winter
7439,7440,4888,Transfer,2338.98,5/12/2022,Spring
7440,7441,3902,Withdrawal,5420.63,2/18/2025,Winter
7441,7442,3437,Deposit,8375.34,4/13/2025,Spring
7442,7443,1463,Deposit,9999.89,4/4/2025,Spring
7443,7444,1503,Transfer,151,4/21/2024,Spring
7444,7445,4172,Transfer,6711.23,10/23/2022,Fall
7445,7446,4473,Withdrawal,3415.66,11/30/2022,Fall
7446,7447,3298,Transfer,8352.36,12/21/2022,Winter
7447,7448,1545,Payment,1522.43,2/5/2024,Winter
7448,7449,3410,Withdrawal,8888.51,6/14/2024,Summer
7449,7450,1980,Transfer,9839.36,9/22/2022,Fall
7450,7451,669,Transfer,361.34,5/23/2023,Spring
7451,7452,3490,Withdrawal,6514.91,3/12/2024,Spring
7452,7453,1648,Withdrawal,6489.03,8/2/2022,Summer
7453,7454,4644,Payment,4366.12,1/8/2025,Winter
7454,7455,2277,Withdrawal,8492.51,9/9/2024,Fall
7455,7456,4033,Transfer,2017.15,11/25/2022,Fall
7456,7457,2029,Transfer,8736.04,11/7/2024,Fall
7457,7458,1819,Deposit,9312.72,3/27/2025,Spring
7458,7459,1526,Payment,1691.2,1/30/2024,Winter
7459,7460,4392,Deposit,6672.67,6/21/2024,Summer
7460,7461,4875,Payment,3117.9,9/17/2024,Fall
7461,7462,2763,Payment,207.63,11/24/2022,Fall
7462,7463,723,Deposit,604.91,5/4/2024,Spring
7463,7464,687,Deposit,4579.66,1/25/2024,Winter
7464,7465,1215,Transfer,5150.28,3/5/2024,Spring
7465,7466,1321,Withdrawal,5823.78,1/13/2025,Winter
7466,7467,3312,Deposit,8842.14,11/12/2023,Fall
7467,7468,772,Deposit,9333.69,4/3/2025,Spring
7468,7469,885,Deposit,681.23,7/14/2023,Summer
7469,7470,3577,Withdrawal,1568.6,5/20/2024,Spring
7470,7471,10,Payment,5185.4,3/16/2025,Spring
7471,7472,3060,Deposit,7742.38,7/23/2022,Summer
7472,7473,3652,Transfer,5942.88,8/14/2022,Summer
7473,7474,4707,Deposit,5788.49,2/13/2023,Winter
7474,7475,30,Transfer,4932.94,2/5/2024,Winter
7475,7476,3187,Deposit,1552.24,7/30/2022,Summer
7476,7477,2871,Transfer,6508.46,3/23/2024,Spring
7477,7478,4350,Transfer,6463.68,5/21/2022,Spring
7478,7479,3864,Withdrawal,6954.09,2/12/2024,Winter
7479,7480,2470,Withdrawal,7950.76,12/27/2022,Winter
7480,7481,3214,Withdrawal,8640.47,6/14/2022,Summer
7481,7482,1737,Payment,4805.14,10/17/2023,Fall
7482,7483,4867,Transfer,8015.9,12/19/2023,Winter
7483,7484,2992,Payment,7951.53,5/7/2024,Spring
7484,7485,18,Withdrawal,7295.73,10/2/2024,Fall
7485,7486,289,Transfer,5641.17,11/1/2023,Fall
7486,7487,4359,Payment,3504.33,12/7/2024,Winter
7487,7488,96,Withdrawal,503.24,8/21/2023,Summer
7488,7489,664,Deposit,6410.2,4/21/2024,Spring
7489,7490,105,Deposit,7072.94,4/14/2024,Spring
7490,7491,159,Payment,9147.93,2/22/2024,Winter
7491,7492,4393,Transfer,8509.35,6/5/2023,Summer
7492,7493,2229,Deposit,8524.22,9/22/2024,Fall
7493,7494,4996,Transfer,9419.42,10/22/2022,Fall
7494,7495,1244,Withdrawal,7105.45,3/4/2023,Spring
7495,7496,1141,Withdrawal,6094.85,8/22/2023,Summer
7496,7497,13,Deposit,6056.85,6/1/2024,Summer
7497,7498,3078,Payment,5417.62,4/11/2023,Spring
7498,7499,1563,Transfer,4756.6,2/3/2025,Winter
7499,7500,1739,Withdrawal,6798.06,12/15/2024,Winter
7500,7501,587,Withdrawal,1002.73,7/29/2022,Summer
7501,7502,1565,Transfer,4634.88,12/2/2022,Winter
7502,7503,2365,Deposit,6327.5,5/3/2024,Spring
7503,7504,1443,Withdrawal,7617.64,9/13/2023,Fall
7504,7505,826,Payment,9755.58,12/21/2022,Winter
7505,7506,210,Deposit,8307.06,4/8/2024,Spring
7506,7507,459,Payment,2887.97,10/29/2024,Fall
7507,7508,393,Payment,9974.15,1/14/2025,Winter
7508,7509,2493,Withdrawal,5829.69,11/16/2023,Fall
7509,7510,4188,Transfer,3020.37,6/30/2023,Summer
7510,7511,2979,Withdrawal,8695.96,9/2/2023,Fall
7511,7512,1105,Withdrawal,1680.68,6/2/2024,Summer
7512,7513,1252,Deposit,5632.02,11/27/2024,Fall
7513,7514,1626,Transfer,1226.64,6/19/2023,Summer
7514,7515,1656,Payment,5995.5,7/24/2023,Summer
7515,7516,1135,Withdrawal,5231.55,9/1/2023,Fall
7516,7517,3162,Transfer,2771.8,6/12/2024,Summer
7517,7518,2779,Payment,6758.43,6/21/2023,Summer
7518,7519,2343,Withdrawal,6925.36,1/28/2025,Winter
7519,7520,464,Payment,7507.34,6/7/2024,Summer
7520,7521,247,Deposit,7875.28,1/8/2023,Winter
7521,7522,1035,Transfer,4727.05,2/21/2023,Winter
7522,7523,3001,Transfer,8147.28,5/17/2024,Spring
7523,7524,390,Withdrawal,7359.55,2/13/2025,Winter
7524,7525,2689,Payment,9942.75,9/30/2024,Fall
7525,7526,3107,Payment,1274.38,10/1/2022,Fall
7526,7527,2635,Transfer,1997.21,7/9/2022,Summer
7527,7528,369,Deposit,8489.27,10/22/2024,Fall
7528,7529,3816,Payment,6030.29,11/17/2024,Fall
7529,7530,4283,Deposit,5460.11,6/13/2024,Summer
7530,7531,2515,Withdrawal,9910.62,4/15/2025,Spring
7531,7532,2316,Deposit,4040.55,2/4/2025,Winter
7532,7533,1609,Transfer,8636.99,9/21/2023,Fall
7533,7534,3821,Payment,4034.19,5/10/2024,Spring
7534,7535,1116,Withdrawal,9575.36,10/4/2022,Fall
7535,7536,3503,Withdrawal,1256.77,11/5/2023,Fall
7536,7537,2778,Withdrawal,2032.32,6/26/2023,Summer
7537,7538,4199,Transfer,5255.17,12/5/2024,Winter
7538,7539,4896,Transfer,34.56,1/13/2023,Winter
7539,7540,3264,Withdrawal,1278.94,7/8/2024,Summer
7540,7541,2808,Transfer,5700.21,8/1/2024,Summer
7541,7542,4587,Withdrawal,5311,8/11/2023,Summer
7542,7543,1866,Deposit,2098.58,3/20/2023,Spring
7543,7544,636,Withdrawal,2024.3,8/30/2024,Summer
7544,7545,3740,Withdrawal,535.69,5/12/2023,Spring
7545,7546,4724,Payment,8610.43,1/3/2024,Winter
7546,7547,582,Deposit,24.14,8/2/2022,Summer
7547,7548,3639,Payment,7763.18,7/30/2024,Summer
7548,7549,4257,Withdrawal,5563.5,1/22/2025,Winter
7549,7550,2982,Withdrawal,3823.18,3/19/2024,Spring
7550,7551,4656,Transfer,1104.58,3/24/2024,Spring
7551,7552,430,Transfer,203.47,1/4/2023,Winter
7552,7553,3407,Payment,6753.4,7/15/2023,Summer
7553,7554,427,Withdrawal,1976.62,9/22/2023,Fall
7554,7555,2417,Withdrawal,9891.76,11/18/2024,Fall
7555,7556,4737,Payment,2266.66,11/21/2024,Fall
7556,7557,2681,Deposit,5802.14,2/24/2023,Winter
7557,7558,3823,Withdrawal,9741.45,1/29/2024,Winter
7558,7559,649,Deposit,5887.98,10/11/2022,Fall
7559,7560,3579,Transfer,8390.32,4/10/2025,Spring
7560,7561,4175,Payment,9759.91,3/4/2024,Spring
7561,7562,2114,Deposit,7970.83,1/21/2024,Winter
7562,7563,3138,Payment,2127.83,7/1/2023,Summer
7563,7564,2084,Deposit,3282.85,2/18/2025,Winter
7564,7565,2652,Payment,4646.54,12/27/2022,Winter
7565,7566,4496,Transfer,3405.47,10/6/2024,Fall
7566,7567,4865,Withdrawal,1289.75,5/30/2024,Spring
7567,7568,373,Withdrawal,2602.07,3/19/2025,Spring
7568,7569,3700,Payment,4922.78,3/26/2024,Spring
7569,7570,3386,Payment,1597.78,5/25/2023,Spring
7570,7571,3132,Withdrawal,7126.07,9/28/2024,Fall
7571,7572,3872,Deposit,7904.7,11/2/2022,Fall
7572,7573,2873,Deposit,6622.22,7/30/2024,Summer
7573,7574,4327,Withdrawal,1615.24,3/22/2023,Spring
7574,7575,4983,Withdrawal,4027.66,8/20/2023,Summer
7575,7576,1571,Payment,2734.63,6/26/2023,Summer
7576,7577,4320,Deposit,9919.52,12/3/2023,Winter
7577,7578,4762,Payment,7066.07,10/13/2024,Fall
7578,7579,4307,Deposit,5636.15,6/22/2022,Summer
7579,7580,4958,Payment,969.89,8/22/2022,Summer
7580,7581,4686,Transfer,9303.17,1/15/2024,Winter
7581,7582,3116,Transfer,721.78,5/17/2022,Spring
7582,7583,77,Payment,6185.77,5/13/2023,Spring
7583,7584,3471,Deposit,5002.11,11/14/2023,Fall
7584,7585,3491,Withdrawal,2482.86,7/23/2023,Summer
7585,7586,4042,Withdrawal,6027.63,4/6/2024,Spring
7586,7587,2941,Payment,7219.48,6/1/2023,Summer
7587,7588,3890,Deposit,2689.44,8/20/2023,Summer
7588,7589,3755,Payment,7654.15,4/27/2024,Spring
7589,7590,3000,Withdrawal,3722.56,1/25/2025,Winter
7590,7591,1978,Transfer,4101.74,9/4/2023,Fall
7591,7592,2359,Withdrawal,7955.79,6/9/2022,Summer
7592,7593,57,Transfer,5479.62,5/24/2022,Spring
7593,7594,4867,Deposit,8227.2,9/8/2023,Fall
7594,7595,1138,Deposit,873.49,8/2/2022,Summer
7595,7596,4798,Withdrawal,9322.89,10/3/2022,Fall
7596,7597,3594,Withdrawal,8223.84,9/9/2022,Fall
7597,7598,40,Withdrawal,6684.09,4/10/2025,Spring
7598,7599,77,Transfer,9531.92,12/6/2023,Winter
7599,7600,884,Withdrawal,5082.29,9/2/2023,Fall
7600,7601,3698,Transfer,9774.28,3/3/2024,Spring
7601,7602,2475,Transfer,7344.59,7/8/2024,Summer
7602,7603,2360,Transfer,2297.91,1/23/2023,Winter
7603,7604,2803,Deposit,3311.42,4/18/2023,Spring
7604,7605,1607,Payment,8683.55,7/6/2024,Summer
7605,7606,131,Transfer,3629.49,11/29/2023,Fall
7606,7607,3336,Payment,7580.02,11/25/2024,Fall
7607,7608,1552,Payment,3697.42,3/24/2023,Spring
7608,7609,535,Payment,5055.47,5/27/2023,Spring
7609,7610,408,Withdrawal,5931.55,1/11/2025,Winter
7610,7611,465,Deposit,45.86,8/12/2022,Summer
7611,7612,4398,Deposit,4125.11,10/7/2024,Fall
7612,7613,2583,Payment,8087.28,5/26/2023,Spring
7613,7614,4589,Deposit,7285.89,12/2/2023,Winter
7614,7615,4137,Deposit,6624.91,12/14/2022,Winter
7615,7616,3788,Payment,9993.78,10/26/2022,Fall
7616,7617,3279,Withdrawal,9490.05,5/29/2023,Spring
7617,7618,3934,Withdrawal,6232.39,4/5/2024,Spring
7618,7619,2326,Deposit,1622.02,4/9/2024,Spring
7619,7620,94,Payment,1913.56,1/26/2023,Winter
7620,7621,1858,Transfer,8208.86,11/8/2022,Fall
7621,7622,1890,Transfer,1226.72,2/17/2025,Winter
7622,7623,3001,Transfer,331.49,3/17/2024,Spring
7623,7624,3377,Transfer,3307.39,6/30/2023,Summer
7624,7625,2002,Payment,406.84,7/29/2024,Summer
7625,7626,2562,Transfer,5546,3/17/2025,Spring
7626,7627,1697,Withdrawal,9684.01,5/27/2022,Spring
7627,7628,3274,Deposit,8837.29,12/18/2024,Winter
7628,7629,1748,Transfer,3444.2,10/8/2023,Fall
7629,7630,743,Payment,2364.27,8/16/2023,Summer
7630,7631,3550,Payment,4219.64,12/17/2023,Winter
7631,7632,147,Withdrawal,7627.94,2/27/2024,Winter
7632,7633,1588,Withdrawal,8766.01,2/12/2025,Winter
7633,7634,1807,Deposit,3631.7,10/12/2024,Fall
7634,7635,4690,Transfer,5425.64,1/6/2024,Winter
7635,7636,2667,Transfer,8420.02,4/5/2023,Spring
7636,7637,4640,Transfer,9490.78,9/7/2024,Fall
7637,7638,4335,Payment,4791.94,1/7/2023,Winter
7638,7639,4541,Transfer,7426.9,3/30/2025,Spring
7639,7640,4832,Payment,1210.51,9/21/2022,Fall
7640,7641,2562,Payment,6867.57,6/5/2024,Summer
7641,7642,3751,Withdrawal,7850.56,4/6/2025,Spring
7642,7643,3176,Transfer,5750.01,9/2/2022,Fall
7643,7644,3968,Deposit,8757.96,7/31/2024,Summer
7644,7645,3091,Withdrawal,6178.05,12/16/2024,Winter
7645,7646,3356,Transfer,4551.07,5/14/2022,Spring
7646,7647,1175,Transfer,68.95,10/3/2022,Fall
7647,7648,2689,Deposit,5037.83,7/20/2023,Summer
7648,7649,263,Withdrawal,5685.16,5/25/2022,Spring
7649,7650,1041,Payment,7100.65,12/12/2024,Winter
7650,7651,521,Payment,8639.28,1/25/2023,Winter
7651,7652,2645,Payment,1493.29,1/22/2023,Winter
7652,7653,907,Transfer,9102.4,3/9/2023,Spring
7653,7654,4475,Transfer,6532.76,12/20/2022,Winter
7654,7655,4287,Payment,2080.83,5/11/2024,Spring
7655,7656,2351,Withdrawal,661.42,9/12/2022,Fall
7656,7657,4721,Deposit,3124.38,2/10/2024,Winter
7657,7658,2828,Deposit,6012.68,2/2/2024,Winter
7658,7659,3785,Deposit,1174.92,4/21/2024,Spring
7659,7660,4032,Deposit,760.01,3/7/2023,Spring
7660,7661,1971,Deposit,3486.87,5/16/2023,Spring
7661,7662,757,Deposit,8977.96,8/1/2022,Summer
7662,7663,967,Payment,356.62,4/28/2023,Spring
7663,7664,4091,Transfer,500.32,12/18/2024,Winter
7664,7665,4099,Transfer,6082.78,5/7/2024,Spring
7665,7666,2573,Payment,5096.32,6/10/2023,Summer
7666,7667,902,Payment,3747.64,10/30/2024,Fall
7667,7668,4706,Deposit,2188.37,4/20/2025,Spring
7668,7669,4836,Withdrawal,5783.38,11/4/2024,Fall
7669,7670,4340,Transfer,8927.55,3/5/2025,Spring
7670,7671,3149,Transfer,3962.75,1/3/2023,Winter
7671,7672,3742,Withdrawal,1942.44,9/29/2023,Fall
7672,7673,372,Withdrawal,3009.82,5/20/2024,Spring
7673,7674,3659,Withdrawal,3290.14,2/21/2023,Winter
7674,7675,4285,Payment,3924.79,11/29/2023,Fall
7675,7676,2687,Withdrawal,1172.9,2/6/2023,Winter
7676,7677,4901,Deposit,8186.78,12/27/2022,Winter
7677,7678,3965,Transfer,3590.72,8/23/2023,Summer
7678,7679,1633,Payment,3788.47,2/3/2025,Winter
7679,7680,2467,Withdrawal,9744.39,10/24/2024,Fall
7680,7681,3562,Deposit,413.16,10/19/2022,Fall
7681,7682,527,Withdrawal,5407.71,10/29/2022,Fall
7682,7683,4183,Withdrawal,4251.11,9/26/2022,Fall
7683,7684,4128,Payment,7957.96,3/15/2023,Spring
7684,7685,697,Withdrawal,7054.97,6/5/2024,Summer
7685,7686,992,Withdrawal,8378.25,3/27/2024,Spring
7686,7687,2373,Payment,7483.77,10/17/2022,Fall
7687,7688,1258,Withdrawal,3557.72,3/13/2023,Spring
7688,7689,1951,Deposit,6437.98,7/15/2023,Summer
7689,7690,418,Payment,3848.22,10/30/2022,Fall
7690,7691,2050,Withdrawal,2929.28,3/11/2024,Spring
7691,7692,960,Withdrawal,7410.85,5/15/2024,Spring
7692,7693,2679,Deposit,6677.41,10/1/2022,Fall
7693,7694,2874,Transfer,2468.33,1/13/2025,Winter
7694,7695,2781,Deposit,3685.31,1/9/2025,Winter
7695,7696,2847,Transfer,3956.99,7/24/2022,Summer
7696,7697,3676,Payment,2359.26,12/6/2024,Winter
7697,7698,96,Transfer,4517.42,10/17/2024,Fall
7698,7699,291,Withdrawal,7611.91,6/9/2024,Summer
7699,7700,4232,Transfer,8542.27,2/11/2025,Winter
7700,7701,3744,Deposit,3747.67,9/16/2023,Fall
7701,7702,386,Withdrawal,11.65,9/28/2022,Fall
7702,7703,4049,Withdrawal,3454.77,6/26/2022,Summer
7703,7704,408,Payment,9940.4,6/23/2022,Summer
7704,7705,1058,Transfer,5742.05,8/15/2023,Summer
7705,7706,3255,Transfer,7945.53,10/15/2024,Fall
7706,7707,1344,Withdrawal,3057.87,2/6/2023,Winter
7707,7708,1479,Deposit,4667.67,4/25/2024,Spring
7708,7709,450,Withdrawal,2123.69,7/22/2023,Summer
7709,7710,2355,Payment,7445.22,10/20/2024,Fall
7710,7711,3110,Payment,6952.27,3/23/2023,Spring
7711,7712,688,Withdrawal,632.5,8/30/2023,Summer
7712,7713,2907,Deposit,5516.93,1/22/2024,Winter
7713,7714,1112,Withdrawal,2375.59,10/1/2023,Fall
7714,7715,4488,Payment,6756.34,9/18/2024,Fall
7715,7716,274,Withdrawal,7831.44,5/12/2023,Spring
7716,7717,4100,Deposit,1001.75,7/2/2023,Summer
7717,7718,918,Withdrawal,3339.16,7/16/2024,Summer
7718,7719,3535,Deposit,4125.12,4/1/2023,Spring
7719,7720,3768,Transfer,7660.21,12/4/2022,Winter
7720,7721,1259,Transfer,9955.41,3/27/2024,Spring
7721,7722,3109,Transfer,4876.59,4/21/2024,Spring
7722,7723,506,Deposit,7819.66,4/28/2025,Spring
7723,7724,424,Payment,8132.3,5/16/2022,Spring
7724,7725,222,Deposit,811.19,1/6/2025,Winter
7725,7726,4049,Withdrawal,9321.26,12/14/2024,Winter
7726,7727,2663,Deposit,3305.16,5/17/2023,Spring
7727,7728,4661,Payment,6582.36,3/2/2024,Spring
7728,7729,797,Deposit,6477.61,10/13/2022,Fall
7729,7730,4218,Deposit,2705.41,8/9/2024,Summer
7730,7731,1282,Withdrawal,8648.12,10/27/2022,Fall
7731,7732,2083,Deposit,4831.1,7/7/2023,Summer
7732,7733,2027,Payment,1993.59,1/16/2025,Winter
7733,7734,652,Deposit,5441.71,9/28/2022,Fall
7734,7735,3831,Transfer,4278.78,12/17/2022,Winter
7735,7736,3118,Payment,7063.31,4/14/2024,Spring
7736,7737,2852,Withdrawal,392.83,10/10/2023,Fall
7737,7738,4990,Deposit,6569.57,2/22/2023,Winter
7738,7739,4833,Transfer,9872.32,11/13/2022,Fall
7739,7740,1518,Deposit,8214.36,10/25/2022,Fall
7740,7741,4686,Withdrawal,7002.79,2/29/2024,Winter
7741,7742,1764,Payment,2894.94,12/8/2022,Winter
7742,7743,3132,Withdrawal,9836.51,9/14/2024,Fall
7743,7744,1778,Payment,5974.64,12/29/2023,Winter
7744,7745,1773,Transfer,1199.86,12/28/2024,Winter
7745,7746,103,Transfer,8774.65,7/7/2024,Summer
7746,7747,3162,Transfer,810.2,3/12/2023,Spring
7747,7748,495,Payment,4982.59,3/12/2023,Spring
7748,7749,4001,Transfer,6224.19,6/14/2022,Summer
7749,7750,4325,Deposit,4015.45,3/17/2025,Spring
7750,7751,3520,Transfer,543.48,6/22/2024,Summer
7751,7752,785,Deposit,8568.62,6/19/2024,Summer
7752,7753,405,Payment,8404.61,12/12/2022,Winter
7753,7754,1030,Deposit,2189.11,10/21/2022,Fall
7754,7755,2823,Payment,1665.78,12/10/2023,Winter
7755,7756,4638,Transfer,5261.05,5/9/2025,Spring
7756,7757,432,Payment,7433.84,12/23/2022,Winter
7757,7758,2859,Payment,6975.97,1/15/2025,Winter
7758,7759,948,Deposit,7610.99,1/29/2025,Winter
7759,7760,4827,Payment,8249.97,4/13/2023,Spring
7760,7761,4905,Payment,1267.83,4/9/2023,Spring
7761,7762,1947,Deposit,5905.92,8/14/2023,Summer
7762,7763,4600,Withdrawal,5244.72,3/4/2025,Spring
7763,7764,1578,Transfer,9068.69,2/8/2024,Winter
7764,7765,1084,Deposit,4144.4,9/13/2023,Fall
7765,7766,3793,Transfer,1344.66,9/20/2024,Fall
7766,7767,4961,Withdrawal,4021.59,10/30/2022,Fall
7767,7768,4314,Withdrawal,8811.15,12/10/2024,Winter
7768,7769,2552,Transfer,7863.22,10/16/2022,Fall
7769,7770,1789,Withdrawal,6140.47,7/23/2022,Summer
7770,7771,2143,Transfer,1828.37,5/19/2023,Spring
7771,7772,1168,Withdrawal,2946.57,6/30/2024,Summer
7772,7773,211,Deposit,8339.59,2/15/2025,Winter
7773,7774,1690,Withdrawal,5242.16,3/4/2025,Spring
7774,7775,2242,Withdrawal,4582.65,10/28/2023,Fall
7775,7776,2846,Deposit,9126.63,4/18/2025,Spring
7776,7777,3274,Payment,8606.49,1/30/2025,Winter
7777,7778,1422,Deposit,4945.25,2/15/2023,Winter
7778,7779,237,Withdrawal,910.76,7/13/2023,Summer
7779,7780,1524,Withdrawal,9393.08,10/1/2022,Fall
7780,7781,4815,Deposit,8624.87,6/21/2023,Summer
7781,7782,2101,Deposit,3528.67,6/30/2023,Summer
7782,7783,4899,Withdrawal,9238.49,2/7/2024,Winter
7783,7784,4340,Withdrawal,1962.52,12/20/2024,Winter
7784,7785,1249,Transfer,4255,11/8/2022,Fall
7785,7786,2121,Withdrawal,7589.53,2/16/2023,Winter
7786,7787,2310,Deposit,9173.99,7/10/2024,Summer
7787,7788,957,Deposit,9683.8,7/17/2023,Summer
7788,7789,4840,Payment,1327.01,8/13/2023,Summer
7789,7790,4620,Transfer,2456.46,10/4/2022,Fall
7790,7791,1905,Transfer,4390.13,2/21/2023,Winter
7791,7792,4835,Transfer,2484.48,11/1/2023,Fall
7792,7793,4876,Deposit,9553.56,10/12/2022,Fall
7793,7794,2520,Payment,3622.52,8/5/2022,Summer
7794,7795,3146,Deposit,1842.54,11/6/2024,Fall
7795,7796,495,Transfer,7005.61,9/1/2023,Fall
7796,7797,3608,Withdrawal,4028.94,8/24/2023,Summer
7797,7798,1324,Withdrawal,878.26,8/23/2022,Summer
7798,7799,3931,Payment,2193.85,6/27/2024,Summer
7799,7800,3575,Deposit,5531.09,7/26/2022,Summer
7800,7801,3236,Transfer,777.16,11/19/2023,Fall
7801,7802,2689,Transfer,2220.92,5/6/2023,Spring
7802,7803,724,Deposit,7144.66,8/14/2024,Summer
7803,7804,3585,Payment,41.5,12/5/2024,Winter
7804,7805,2946,Withdrawal,2509.02,6/5/2023,Summer
7805,7806,2372,Transfer,5306.78,12/8/2023,Winter
7806,7807,3795,Transfer,2598.52,2/8/2023,Winter
7807,7808,2484,Deposit,7419.41,2/12/2024,Winter
7808,7809,4354,Deposit,7212.15,4/27/2024,Spring
7809,7810,3625,Payment,1980.51,2/24/2023,Winter
7810,7811,4176,Transfer,671.05,9/17/2022,Fall
7811,7812,1709,Payment,1517.95,1/31/2025,Winter
7812,7813,4608,Payment,8881.4,10/27/2023,Fall
7813,7814,4502,Payment,6630.17,5/19/2024,Spring
7814,7815,2337,Withdrawal,161.48,1/27/2023,Winter
7815,7816,121,Payment,6140.82,1/1/2024,Winter
7816,7817,683,Payment,2336.02,6/14/2024,Summer
7817,7818,1638,Withdrawal,441.58,3/22/2025,Spring
7818,7819,4204,Deposit,1216.96,9/24/2024,Fall
7819,7820,933,Withdrawal,7644.83,6/22/2023,Summer
7820,7821,2747,Withdrawal,8068.84,12/24/2024,Winter
7821,7822,4186,Transfer,6500.27,1/8/2025,Winter
7822,7823,746,Deposit,3111.91,10/10/2022,Fall
7823,7824,2190,Transfer,495.9,3/4/2024,Spring
7824,7825,4043,Withdrawal,9923.1,12/20/2024,Winter
7825,7826,1932,Deposit,3433.9,10/29/2024,Fall
7826,7827,336,Deposit,4554.05,10/17/2023,Fall
7827,7828,4854,Deposit,728.92,11/15/2022,Fall
7828,7829,231,Transfer,9823.83,6/21/2022,Summer
7829,7830,3876,Withdrawal,8925.69,8/1/2022,Summer
7830,7831,407,Deposit,5090.27,7/4/2023,Summer
7831,7832,2321,Deposit,6232.83,4/13/2025,Spring
7832,7833,2362,Deposit,7368.66,1/12/2025,Winter
7833,7834,1585,Payment,5740.56,12/18/2022,Winter
7834,7835,4142,Deposit,6389.07,9/24/2023,Fall
7835,7836,3964,Transfer,2190.43,12/25/2022,Winter
7836,7837,4440,Withdrawal,5775.42,10/15/2024,Fall
7837,7838,1924,Withdrawal,9857.25,1/30/2024,Winter
7838,7839,1783,Withdrawal,7887.44,4/14/2025,Spring
7839,7840,4397,Transfer,7440.53,9/10/2022,Fall
7840,7841,4952,Withdrawal,1787.9,7/16/2024,Summer
7841,7842,1556,Payment,8677.55,10/19/2023,Fall
7842,7843,2360,Transfer,6869.47,2/20/2024,Winter
7843,7844,434,Transfer,6605.82,11/24/2022,Fall
7844,7845,3137,Deposit,2933.94,4/30/2025,Spring
7845,7846,1107,Payment,3902.3,3/28/2023,Spring
7846,7847,4063,Withdrawal,4542.61,10/31/2024,Fall
7847,7848,1179,Payment,3483.08,8/27/2024,Summer
7848,7849,3666,Deposit,5950.39,10/2/2022,Fall
7849,7850,4525,Withdrawal,9085.76,5/22/2022,Spring
7850,7851,4439,Withdrawal,3435.15,3/1/2024,Spring
7851,7852,817,Transfer,302.1,10/25/2024,Fall
7852,7853,2792,Payment,9599.17,2/3/2024,Winter
7853,7854,4311,Payment,4631.47,7/10/2023,Summer
7854,7855,215,Payment,751.24,3/29/2024,Spring
7855,7856,3878,Withdrawal,4804.97,12/15/2024,Winter
7856,7857,2767,Deposit,2403.37,9/20/2022,Fall
7857,7858,1283,Deposit,3754.37,5/5/2023,Spring
7858,7859,2426,Withdrawal,5122.56,12/21/2024,Winter
7859,7860,2646,Transfer,8524.81,6/4/2022,Summer
7860,7861,2580,Deposit,2678.98,8/27/2022,Summer
7861,7862,1123,Payment,2390.6,6/8/2024,Summer
7862,7863,678,Payment,244.94,12/7/2023,Winter
7863,7864,1561,Withdrawal,5522.91,11/11/2023,Fall
7864,7865,1744,Transfer,4481.75,8/13/2024,Summer
7865,7866,3562,Withdrawal,9500.58,8/24/2023,Summer
7866,7867,4784,Withdrawal,8081.86,2/3/2024,Winter
7867,7868,3366,Deposit,8028.92,3/4/2025,Spring
7868,7869,4056,Transfer,6118.59,1/7/2023,Winter
7869,7870,2541,Deposit,3059.26,10/25/2023,Fall
7870,7871,2706,Withdrawal,9712.92,2/25/2025,Winter
7871,7872,494,Transfer,6414.16,5/7/2023,Spring
7872,7873,2638,Transfer,124.2,5/11/2023,Spring
7873,7874,4625,Deposit,4769.84,9/15/2024,Fall
7874,7875,166,Withdrawal,2644.37,4/11/2024,Spring
7875,7876,4767,Withdrawal,6934.72,12/15/2022,Winter
7876,7877,3188,Withdrawal,7158.98,8/7/2024,Summer
7877,7878,4895,Deposit,9129.63,3/31/2025,Spring
7878,7879,2088,Transfer,231.17,3/11/2024,Spring
7879,7880,3496,Deposit,5005.45,8/17/2023,Summer
7880,7881,4087,Transfer,3081.92,6/2/2022,Summer
7881,7882,2893,Payment,5009.67,12/14/2023,Winter
7882,7883,390,Withdrawal,3806.12,1/1/2023,Winter
7883,7884,2886,Withdrawal,2612.81,4/16/2023,Spring
7884,7885,3023,Withdrawal,3336.79,1/22/2023,Winter
7885,7886,310,Withdrawal,8720.7,6/24/2022,Summer
7886,7887,2167,Payment,3154.29,6/16/2022,Summer
7887,7888,537,Payment,8742.12,12/17/2023,Winter
7888,7889,3164,Payment,9982.14,7/23/2024,Summer
7889,7890,1434,Transfer,8517.9,7/27/2023,Summer
7890,7891,2456,Payment,379.63,10/21/2023,Fall
7891,7892,4119,Deposit,5294.04,3/21/2025,Spring
7892,7893,3128,Deposit,3474.19,7/8/2024,Summer
7893,7894,3972,Transfer,4252.72,3/1/2025,Spring
7894,7895,267,Payment,6395.2,7/28/2022,Summer
7895,7896,3103,Withdrawal,3482.07,12/23/2023,Winter
7896,7897,2764,Withdrawal,5763.85,6/7/2023,Summer
7897,7898,1956,Withdrawal,7155.27,3/13/2025,Spring
7898,7899,745,Withdrawal,3681.19,3/25/2025,Spring
7899,7900,3012,Payment,9545.58,7/9/2024,Summer
7900,7901,16,Transfer,3040.03,9/8/2023,Fall
7901,7902,1991,Withdrawal,8934.43,12/23/2024,Winter
7902,7903,563,Withdrawal,6096.02,11/19/2022,Fall
7903,7904,1710,Withdrawal,4774.9,4/1/2025,Spring
7904,7905,2029,Deposit,5943.86,9/26/2022,Fall
7905,7906,1683,Transfer,7592.21,3/3/2023,Spring
7906,7907,2191,Withdrawal,6655.93,3/19/2024,Spring
7907,7908,2937,Transfer,7674.69,2/27/2024,Winter
7908,7909,489,Withdrawal,1066.55,7/11/2022,Summer
7909,7910,1839,Withdrawal,8470.84,11/7/2023,Fall
7910,7911,2096,Transfer,3658.54,9/6/2024,Fall
7911,7912,1341,Deposit,3647.63,1/4/2025,Winter
7912,7913,425,Payment,5457.7,7/10/2023,Summer
7913,7914,89,Withdrawal,8169.84,6/28/2024,Summer
7914,7915,3143,Deposit,3077.13,7/22/2022,Summer
7915,7916,2270,Payment,9509.73,2/6/2024,Winter
7916,7917,4917,Withdrawal,2255.27,6/8/2022,Summer
7917,7918,2776,Payment,1856.16,7/29/2022,Summer
7918,7919,279,Payment,6428.91,11/18/2024,Fall
7919,7920,2193,Payment,4834.4,9/3/2024,Fall
7920,7921,2217,Withdrawal,5167.5,4/23/2023,Spring
7921,7922,4585,Deposit,4906.73,4/18/2025,Spring
7922,7923,2891,Transfer,5078.9,10/24/2024,Fall
7923,7924,3171,Payment,7770.25,11/26/2024,Fall
7924,7925,442,Transfer,5206.31,8/24/2022,Summer
7925,7926,2907,Deposit,376.54,12/19/2022,Winter
7926,7927,1966,Deposit,4669.71,6/21/2022,Summer
7927,7928,891,Withdrawal,1489.22,9/27/2023,Fall
7928,7929,611,Transfer,864.49,8/11/2023,Summer
7929,7930,2807,Payment,282.95,8/31/2023,Summer
7930,7931,2493,Payment,110.22,5/4/2023,Spring
7931,7932,1762,Transfer,9990.11,5/14/2023,Spring
7932,7933,1045,Transfer,2679.93,12/19/2023,Winter
7933,7934,318,Withdrawal,3009.52,3/18/2023,Spring
7934,7935,3771,Transfer,2809.69,9/28/2022,Fall
7935,7936,2513,Withdrawal,1744.36,12/19/2023,Winter
7936,7937,1372,Transfer,486.51,3/29/2024,Spring
7937,7938,3543,Withdrawal,1637.52,7/24/2024,Summer
7938,7939,2407,Withdrawal,5955.93,6/2/2023,Summer
7939,7940,930,Transfer,6333.18,4/3/2024,Spring
7940,7941,4381,Transfer,2260.65,4/29/2023,Spring
7941,7942,4385,Payment,1177.56,3/31/2025,Spring
7942,7943,3606,Withdrawal,9170.91,1/2/2025,Winter
7943,7944,2868,Payment,3923.47,2/5/2024,Winter
7944,7945,2365,Deposit,4173.8,9/11/2024,Fall
7945,7946,3853,Payment,4178.42,8/23/2022,Summer
7946,7947,995,Payment,9960.91,9/23/2024,Fall
7947,7948,1393,Withdrawal,4838.2,4/6/2024,Spring
7948,7949,3715,Withdrawal,2413.68,1/26/2023,Winter
7949,7950,3992,Deposit,4309.16,11/3/2024,Fall
7950,7951,2534,Deposit,6537.31,12/8/2024,Winter
7951,7952,2859,Withdrawal,1835.27,11/12/2022,Fall
7952,7953,4898,Payment,1783.72,2/22/2025,Winter
7953,7954,534,Transfer,6258.54,8/29/2023,Summer
7954,7955,3554,Deposit,9115.95,5/5/2023,Spring
7955,7956,563,Withdrawal,9761.58,12/31/2022,Winter
7956,7957,3810,Payment,5042.6,8/12/2022,Summer
7957,7958,3970,Withdrawal,1896.93,2/7/2025,Winter
7958,7959,4911,Withdrawal,9596.55,10/16/2022,Fall
7959,7960,4129,Payment,25.48,3/4/2025,Spring
7960,7961,1955,Transfer,8472.51,1/1/2025,Winter
7961,7962,3188,Deposit,9586.53,11/7/2023,Fall
7962,7963,2491,Transfer,4167.87,11/26/2022,Fall
7963,7964,2056,Deposit,313.11,4/7/2024,Spring
7964,7965,4041,Deposit,9193.27,2/18/2025,Winter
7965,7966,3705,Deposit,3018.05,11/9/2022,Fall
7966,7967,3671,Deposit,8220.83,5/28/2023,Spring
7967,7968,2348,Withdrawal,5243.94,4/6/2024,Spring
7968,7969,4662,Transfer,3804.4,2/21/2024,Winter
7969,7970,4490,Payment,1124.27,7/11/2024,Summer
7970,7971,1946,Transfer,3235.58,7/1/2023,Summer
7971,7972,2987,Deposit,6487.88,7/15/2024,Summer
7972,7973,2191,Payment,4786.41,8/18/2022,Summer
7973,7974,2459,Payment,5064.66,7/7/2022,Summer
7974,7975,3478,Payment,1899.32,1/13/2023,Winter
7975,7976,2771,Payment,7939.88,8/26/2024,Summer
7976,7977,443,Withdrawal,8629.26,1/10/2025,Winter
7977,7978,4574,Payment,46.41,12/22/2024,Winter
7978,7979,1561,Payment,855.97,7/12/2023,Summer
7979,7980,520,Payment,3801.91,5/10/2025,Spring
7980,7981,394,Withdrawal,5511.03,2/16/2024,Winter
7981,7982,3348,Transfer,9431.71,10/4/2023,Fall
7982,7983,1124,Transfer,7625.65,9/7/2022,Fall
7983,7984,4728,Transfer,8714.23,10/31/2024,Fall
7984,7985,1226,Withdrawal,2422.08,9/18/2023,Fall
7985,7986,3417,Payment,1024.04,4/10/2025,Spring
7986,7987,3740,Withdrawal,3320.79,11/28/2022,Fall
7987,7988,1766,Withdrawal,9188.43,6/9/2022,Summer
7988,7989,3248,Transfer,3281.35,9/11/2024,Fall
7989,7990,990,Payment,9586.84,7/26/2022,Summer
7990,7991,1795,Payment,5019.49,3/8/2025,Spring
7991,7992,3575,Payment,3324.77,4/29/2023,Spring
7992,7993,3201,Withdrawal,3189.14,3/5/2024,Spring
7993,7994,3410,Deposit,4109.63,9/21/2022,Fall
7994,7995,3389,Deposit,555.04,8/19/2022,Summer
7995,7996,931,Payment,655.02,9/28/2023,Fall
7996,7997,4492,Deposit,1311.47,11/10/2022,Fall
7997,7998,1995,Deposit,3823.27,1/14/2025,Winter
7998,7999,2363,Transfer,7376.6,1/21/2025,Winter
7999,8000,4876,Payment,7463.79,8/26/2022,Summer
8000,8001,642,Deposit,7158.09,6/27/2024,Summer
8001,8002,435,Withdrawal,4772.23,3/10/2023,Spring
8002,8003,4762,Transfer,2025.59,5/31/2024,Spring
8003,8004,3234,Payment,4690.06,8/24/2023,Summer
8004,8005,1853,Transfer,9946.4,10/22/2024,Fall
8005,8006,2285,Transfer,6683.82,9/5/2024,Fall
8006,8007,3818,Deposit,5055.03,8/17/2022,Summer
8007,8008,325,Withdrawal,818.92,5/23/2023,Spring
8008,8009,2947,Payment,1788.76,2/20/2025,Winter
8009,8010,510,Payment,789.93,5/1/2023,Spring
8010,8011,3409,Withdrawal,9308.06,9/15/2023,Fall
8011,8012,3232,Payment,5558.03,7/26/2024,Summer
8012,8013,3565,Transfer,35.74,8/22/2022,Summer
8013,8014,2684,Withdrawal,1601.02,5/25/2024,Spring
8014,8015,1253,Payment,9248.85,12/18/2024,Winter
8015,8016,86,Payment,3741.43,2/15/2025,Winter
8016,8017,2672,Withdrawal,4929.64,5/24/2024,Spring
8017,8018,992,Withdrawal,5916.75,11/19/2023,Fall
8018,8019,3288,Transfer,8082.35,1/31/2023,Winter
8019,8020,2369,Transfer,6988.64,8/30/2022,Summer
8020,8021,1056,Payment,7976.84,8/11/2022,Summer
8021,8022,1424,Transfer,1908.33,12/18/2023,Winter
8022,8023,4246,Transfer,889.39,9/14/2022,Fall
8023,8024,933,Deposit,214.59,1/7/2025,Winter
8024,8025,4626,Withdrawal,3940.07,10/31/2022,Fall
8025,8026,2911,Transfer,4349.19,3/26/2025,Spring
8026,8027,843,Payment,4478.67,5/16/2022,Spring
8027,8028,3342,Deposit,8328.11,7/26/2024,Summer
8028,8029,4592,Transfer,1535.31,11/16/2022,Fall
8029,8030,4026,Payment,432.49,10/3/2024,Fall
8030,8031,4104,Withdrawal,3173.18,10/12/2022,Fall
8031,8032,4309,Payment,2157.5,12/8/2024,Winter
8032,8033,3563,Deposit,8149.34,9/28/2023,Fall
8033,8034,1200,Payment,7454.72,8/31/2023,Summer
8034,8035,1327,Transfer,7126.43,7/10/2024,Summer
8035,8036,3148,Transfer,9102.87,4/1/2025,Spring
8036,8037,2544,Deposit,8851.77,7/4/2023,Summer
8037,8038,465,Payment,9395.52,9/24/2023,Fall
8038,8039,1596,Deposit,9721.71,7/29/2024,Summer
8039,8040,3266,Withdrawal,9294.39,5/10/2025,Spring
8040,8041,1766,Payment,8666.27,2/25/2023,Winter
8041,8042,4908,Withdrawal,5457.92,2/3/2023,Winter
8042,8043,702,Payment,3798.87,4/17/2023,Spring
8043,8044,2503,Payment,5812.8,1/22/2025,Winter
8044,8045,3125,Transfer,2762.44,5/4/2024,Spring
8045,8046,2466,Deposit,4573.84,4/1/2024,Spring
8046,8047,1148,Payment,308.77,12/7/2024,Winter
8047,8048,1020,Transfer,1128.74,10/29/2022,Fall
8048,8049,2226,Transfer,1699.47,1/22/2024,Winter
8049,8050,663,Payment,6628.86,4/10/2025,Spring
8050,8051,2708,Transfer,1420.57,1/30/2025,Winter
8051,8052,923,Withdrawal,9396.57,12/4/2023,Winter
8052,8053,4521,Withdrawal,4077.73,7/4/2022,Summer
8053,8054,4003,Deposit,8554.79,10/25/2022,Fall
8054,8055,4527,Transfer,2998.75,8/30/2024,Summer
8055,8056,1744,Payment,9825.1,11/10/2022,Fall
8056,8057,2908,Transfer,4065.42,8/29/2023,Summer
8057,8058,372,Transfer,9665.24,8/12/2023,Summer
8058,8059,2725,Transfer,402.96,8/5/2022,Summer
8059,8060,2851,Withdrawal,8375.33,3/8/2025,Spring
8060,8061,1842,Deposit,9997.12,5/6/2023,Spring
8061,8062,3738,Payment,3804.26,11/6/2022,Fall
8062,8063,2890,Transfer,7345.12,2/10/2025,Winter
8063,8064,2416,Transfer,7081.19,9/27/2022,Fall
8064,8065,1625,Withdrawal,2069.27,5/29/2024,Spring
8065,8066,1024,Transfer,7131.48,3/25/2025,Spring
8066,8067,2663,Withdrawal,3190.05,3/31/2025,Spring
8067,8068,2969,Deposit,694.86,4/4/2025,Spring
8068,8069,2847,Payment,4741.37,1/28/2023,Winter
8069,8070,4865,Deposit,2312.58,6/6/2024,Summer
8070,8071,2129,Withdrawal,8819.74,11/5/2022,Fall
8071,8072,4471,Deposit,2926.51,10/24/2022,Fall
8072,8073,992,Payment,1243.21,8/4/2023,Summer
8073,8074,727,Withdrawal,9518.94,4/5/2023,Spring
8074,8075,2620,Payment,4264.11,3/25/2024,Spring
8075,8076,762,Withdrawal,808.62,1/20/2025,Winter
8076,8077,3904,Withdrawal,5111.38,1/19/2023,Winter
8077,8078,3817,Withdrawal,7325.38,9/16/2022,Fall
8078,8079,4330,Transfer,1032.41,7/22/2024,Summer
8079,8080,4795,Withdrawal,992.05,2/16/2025,Winter
8080,8081,3170,Withdrawal,9580.22,4/14/2024,Spring
8081,8082,1146,Transfer,4078.08,7/2/2022,Summer
8082,8083,4028,Deposit,3620.36,10/14/2023,Fall
8083,8084,1451,Withdrawal,5004.26,11/29/2024,Fall
8084,8085,335,Deposit,1038.29,12/9/2023,Winter
8085,8086,2390,Withdrawal,9321.79,2/9/2024,Winter
8086,8087,4727,Withdrawal,2624,3/20/2024,Spring
8087,8088,4893,Transfer,5558.73,2/27/2024,Winter
8088,8089,728,Transfer,7932.9,8/3/2024,Summer
8089,8090,1424,Deposit,5007.8,3/2/2023,Spring
8090,8091,3824,Withdrawal,3501.38,10/10/2022,Fall
8091,8092,3198,Withdrawal,337.59,4/30/2023,Spring
8092,8093,3190,Withdrawal,7714.32,1/30/2025,Winter
8093,8094,4470,Withdrawal,2814.97,6/19/2022,Summer
8094,8095,478,Deposit,4717.01,3/13/2024,Spring
8095,8096,842,Withdrawal,9927.35,6/18/2023,Summer
8096,8097,2939,Deposit,6771.27,5/17/2022,Spring
8097,8098,4788,Deposit,713.11,7/1/2023,Summer
8098,8099,535,Withdrawal,8860.64,4/13/2025,Spring
8099,8100,1350,Withdrawal,2416.82,3/17/2024,Spring
8100,8101,2477,Payment,1181.88,4/15/2024,Spring
8101,8102,2523,Payment,2333.11,2/11/2024,Winter
8102,8103,2440,Withdrawal,33.18,1/18/2024,Winter
8103,8104,4519,Payment,8350.14,6/23/2022,Summer
8104,8105,1464,Transfer,5761.05,1/16/2024,Winter
8105,8106,2919,Deposit,7070.68,5/3/2024,Spring
8106,8107,3486,Deposit,394.93,2/24/2023,Winter
8107,8108,4255,Withdrawal,2893.19,6/28/2023,Summer
8108,8109,275,Payment,4299.88,2/8/2023,Winter
8109,8110,3856,Withdrawal,6852.18,2/26/2024,Winter
8110,8111,3653,Transfer,4278.7,1/27/2024,Winter
8111,8112,4915,Withdrawal,7106.95,12/31/2022,Winter
8112,8113,1360,Deposit,2444.53,3/30/2024,Spring
8113,8114,3693,Withdrawal,3937.73,8/2/2023,Summer
8114,8115,3268,Payment,6506.18,1/30/2024,Winter
8115,8116,2505,Deposit,1963.96,11/13/2023,Fall
8116,8117,43,Withdrawal,3391.02,9/21/2022,Fall
8117,8118,4240,Transfer,9078.67,2/3/2023,Winter
8118,8119,698,Transfer,5219.98,4/1/2024,Spring
8119,8120,2603,Withdrawal,8934.49,3/4/2024,Spring
8120,8121,1435,Withdrawal,3342.14,8/18/2023,Summer
8121,8122,526,Deposit,9400.09,5/31/2022,Spring
8122,8123,722,Withdrawal,3222.9,6/5/2023,Summer
8123,8124,2485,Withdrawal,2459.45,8/12/2024,Summer
8124,8125,522,Deposit,985.2,10/19/2023,Fall
8125,8126,2776,Withdrawal,5031.96,8/1/2024,Summer
8126,8127,2890,Withdrawal,3556.5,5/13/2022,Spring
8127,8128,1471,Withdrawal,9582.09,2/4/2024,Winter
8128,8129,4496,Withdrawal,8863.16,1/22/2024,Winter
8129,8130,3050,Deposit,1514.54,2/6/2025,Winter
8130,8131,2477,Withdrawal,749.68,10/14/2024,Fall
8131,8132,1522,Payment,3693.44,5/14/2023,Spring
8132,8133,2413,Transfer,7241.78,9/7/2023,Fall
8133,8134,3475,Transfer,475.24,9/29/2023,Fall
8134,8135,2398,Transfer,1820.1,11/22/2023,Fall
8135,8136,864,Withdrawal,8475.75,2/19/2025,Winter
8136,8137,209,Withdrawal,1885.38,8/28/2022,Summer
8137,8138,1963,Payment,7461.15,3/5/2023,Spring
8138,8139,190,Payment,5994.95,11/24/2024,Fall
8139,8140,3200,Withdrawal,221.97,10/24/2022,Fall
8140,8141,1306,Withdrawal,1578.3,4/16/2025,Spring
8141,8142,3212,Payment,3837.13,3/22/2023,Spring
8142,8143,408,Deposit,5806.25,3/12/2023,Spring
8143,8144,111,Transfer,2392.61,1/10/2025,Winter
8144,8145,2671,Withdrawal,3211.6,6/14/2024,Summer
8145,8146,4712,Transfer,5838.7,7/11/2024,Summer
8146,8147,4119,Deposit,404.48,2/1/2023,Winter
8147,8148,1205,Payment,422.12,11/4/2022,Fall
8148,8149,2091,Payment,8920.35,1/18/2025,Winter
8149,8150,4847,Withdrawal,8561.75,12/15/2024,Winter
8150,8151,4495,Transfer,1428.39,3/14/2024,Spring
8151,8152,1418,Payment,8447.66,11/10/2023,Fall
8152,8153,2277,Withdrawal,5207.78,8/25/2022,Summer
8153,8154,4922,Transfer,9065.4,9/17/2022,Fall
8154,8155,4800,Withdrawal,8000.85,7/7/2023,Summer
8155,8156,1822,Deposit,4049.24,6/9/2024,Summer
8156,8157,4463,Payment,5541.41,11/28/2022,Fall
8157,8158,826,Payment,3672.75,4/2/2024,Spring
8158,8159,391,Deposit,1253.17,8/17/2022,Summer
8159,8160,3685,Withdrawal,2642.08,1/28/2025,Winter
8160,8161,1617,Transfer,2457.71,1/12/2025,Winter
8161,8162,3492,Payment,1133.67,2/20/2025,Winter
8162,8163,3156,Withdrawal,3469.25,5/8/2024,Spring
8163,8164,3871,Withdrawal,8539.7,7/4/2022,Summer
8164,8165,1792,Deposit,7369.41,3/6/2024,Spring
8165,8166,2154,Transfer,7907.73,7/16/2023,Summer
8166,8167,1607,Withdrawal,7531.75,1/24/2024,Winter
8167,8168,4274,Payment,9570.22,3/7/2023,Spring
8168,8169,496,Payment,2700.89,2/16/2023,Winter
8169,8170,2643,Deposit,2294.41,12/30/2024,Winter
8170,8171,733,Transfer,4528.71,2/1/2023,Winter
8171,8172,4265,Transfer,8157.67,4/11/2024,Spring
8172,8173,3188,Payment,9623.23,1/7/2025,Winter
8173,8174,4225,Payment,9463.46,3/14/2023,Spring
8174,8175,4582,Payment,1986.05,10/5/2024,Fall
8175,8176,1451,Deposit,610.78,12/9/2022,Winter
8176,8177,313,Payment,2439.12,2/23/2025,Winter
8177,8178,3844,Payment,3243.44,10/2/2022,Fall
8178,8179,840,Withdrawal,7123.38,11/10/2022,Fall
8179,8180,2511,Deposit,8869.04,7/7/2022,Summer
8180,8181,2790,Transfer,1101.08,10/21/2024,Fall
8181,8182,3302,Transfer,5235.49,6/5/2023,Summer
8182,8183,649,Withdrawal,7062.03,7/7/2023,Summer
8183,8184,785,Transfer,5157.25,5/6/2023,Spring
8184,8185,4505,Payment,5935.72,8/26/2023,Summer
8185,8186,1140,Deposit,1039.31,12/5/2022,Winter
8186,8187,2250,Deposit,4675.4,8/2/2023,Summer
8187,8188,441,Deposit,319.77,1/3/2025,Winter
8188,8189,4131,Transfer,9419.83,2/28/2023,Winter
8189,8190,2143,Payment,9015.86,10/23/2022,Fall
8190,8191,686,Payment,2606.72,1/15/2024,Winter
8191,8192,19,Deposit,373.28,2/2/2023,Winter
8192,8193,128,Transfer,441.64,12/13/2024,Winter
8193,8194,1947,Payment,7724.86,5/30/2022,Spring
8194,8195,4874,Withdrawal,3724.19,5/30/2024,Spring
8195,8196,3541,Withdrawal,3245.31,5/30/2023,Spring
8196,8197,4011,Payment,5021.36,7/11/2024,Summer
8197,8198,2945,Payment,8094.85,8/16/2022,Summer
8198,8199,3475,Withdrawal,6582.7,7/1/2022,Summer
8199,8200,4522,Deposit,6455.28,8/29/2023,Summer
8200,8201,4324,Transfer,2179.04,5/1/2023,Spring
8201,8202,4163,Payment,5088.55,2/2/2024,Winter
8202,8203,2083,Payment,1278.41,9/1/2022,Fall
8203,8204,192,Payment,9057,11/16/2024,Fall
8204,8205,535,Transfer,4116.26,10/26/2022,Fall
8205,8206,4707,Withdrawal,2458.37,2/20/2025,Winter
8206,8207,1597,Payment,1645.07,2/2/2024,Winter
8207,8208,656,Payment,986.28,8/10/2022,Summer
8208,8209,3908,Transfer,4026.71,9/20/2022,Fall
8209,8210,4566,Payment,5465.82,9/17/2022,Fall
8210,8211,3920,Withdrawal,9486.84,11/18/2022,Fall
8211,8212,1270,Transfer,5606.02,10/12/2022,Fall
8212,8213,4499,Deposit,6121.74,1/17/2024,Winter
8213,8214,1641,Transfer,1780.39,9/14/2022,Fall
8214,8215,3576,Transfer,3826.44,7/8/2022,Summer
8215,8216,3752,Transfer,1915.99,12/16/2022,Winter
8216,8217,500,Deposit,4736.1,1/13/2023,Winter
8217,8218,4947,Transfer,8968.45,11/2/2024,Fall
8218,8219,556,Payment,297.83,8/4/2023,Summer
8219,8220,3103,Transfer,5218.73,11/23/2023,Fall
8220,8221,25,Payment,8612.35,8/9/2022,Summer
8221,8222,724,Transfer,953.74,12/18/2022,Winter
8222,8223,69,Transfer,674.83,3/30/2025,Spring
8223,8224,607,Deposit,5743,11/8/2022,Fall
8224,8225,1947,Withdrawal,5320.89,4/9/2025,Spring
8225,8226,584,Deposit,2546.74,12/15/2024,Winter
8226,8227,2104,Withdrawal,1266.37,7/5/2022,Summer
8227,8228,2130,Deposit,8116.24,10/29/2022,Fall
8228,8229,1059,Transfer,3108.75,10/5/2024,Fall
8229,8230,3074,Withdrawal,8594.71,7/20/2023,Summer
8230,8231,3275,Deposit,2524.29,6/2/2022,Summer
8231,8232,3412,Transfer,3242.12,2/28/2025,Winter
8232,8233,3802,Payment,2956.64,7/26/2023,Summer
8233,8234,2837,Payment,1258.07,9/5/2022,Fall
8234,8235,2976,Withdrawal,7182,1/19/2025,Winter
8235,8236,4761,Deposit,1827.83,9/1/2022,Fall
8236,8237,4071,Transfer,8332.02,9/25/2022,Fall
8237,8238,363,Deposit,6862.12,6/24/2024,Summer
8238,8239,1173,Transfer,5225.87,6/18/2023,Summer
8239,8240,4743,Transfer,6402.91,7/5/2022,Summer
8240,8241,3849,Withdrawal,6094.62,3/21/2023,Spring
8241,8242,287,Withdrawal,6894.49,8/24/2024,Summer
8242,8243,2716,Transfer,8915.43,6/7/2023,Summer
8243,8244,1172,Payment,1199.27,12/10/2024,Winter
8244,8245,1398,Transfer,3194.75,10/22/2022,Fall
8245,8246,3259,Transfer,3466.24,5/18/2022,Spring
8246,8247,4769,Payment,6350.06,3/12/2025,Spring
8247,8248,294,Withdrawal,72.2,8/20/2024,Summer
8248,8249,182,Payment,1199.6,11/17/2023,Fall
8249,8250,3367,Transfer,972.17,6/16/2022,Summer
8250,8251,3648,Transfer,5845.91,11/1/2022,Fall
8251,8252,2094,Payment,1058.82,5/6/2025,Spring
8252,8253,801,Withdrawal,8862.25,5/12/2023,Spring
8253,8254,1840,Deposit,9294.67,11/15/2024,Fall
8254,8255,4548,Transfer,4696.33,12/23/2024,Winter
8255,8256,4543,Withdrawal,7218.15,3/2/2025,Spring
8256,8257,3562,Payment,4281.95,5/9/2024,Spring
8257,8258,435,Payment,5298.22,6/26/2023,Summer
8258,8259,4560,Transfer,8804.95,11/7/2022,Fall
8259,8260,1032,Deposit,260.91,2/24/2025,Winter
8260,8261,3577,Deposit,2674.72,7/25/2023,Summer
8261,8262,3516,Withdrawal,943.76,11/10/2022,Fall
8262,8263,4661,Deposit,5819.59,3/28/2024,Spring
8263,8264,3666,Deposit,4407.02,1/18/2023,Winter
8264,8265,1790,Transfer,7659.05,10/2/2023,Fall
8265,8266,4498,Deposit,8115.96,3/1/2023,Spring
8266,8267,4301,Transfer,9799.67,3/15/2023,Spring
8267,8268,1083,Payment,9813.47,3/3/2023,Spring
8268,8269,641,Withdrawal,425.21,7/10/2023,Summer
8269,8270,1641,Withdrawal,4062.82,2/27/2025,Winter
8270,8271,888,Withdrawal,6031.74,8/10/2023,Summer
8271,8272,283,Payment,6734.33,4/16/2023,Spring
8272,8273,1014,Withdrawal,951.37,8/1/2024,Summer
8273,8274,2779,Transfer,9640.31,2/2/2024,Winter
8274,8275,1491,Payment,3642.29,3/12/2024,Spring
8275,8276,4798,Deposit,8215.92,4/12/2024,Spring
8276,8277,740,Transfer,4800.62,4/20/2024,Spring
8277,8278,1162,Deposit,6375.25,10/16/2024,Fall
8278,8279,2676,Withdrawal,1899.28,6/29/2023,Summer
8279,8280,1116,Deposit,1947.07,2/9/2024,Winter
8280,8281,2682,Payment,98.86,5/18/2023,Spring
8281,8282,1369,Transfer,3663.02,1/9/2025,Winter
8282,8283,3784,Deposit,7003.68,12/6/2023,Winter
8283,8284,882,Payment,7645.69,8/18/2024,Summer
8284,8285,1688,Withdrawal,7488.88,5/28/2022,Spring
8285,8286,3943,Transfer,9474.87,1/17/2023,Winter
8286,8287,2067,Payment,3509.59,12/11/2023,Winter
8287,8288,3094,Deposit,1685.06,12/22/2024,Winter
8288,8289,4012,Deposit,4324.33,10/28/2023,Fall
8289,8290,767,Payment,245.71,7/22/2024,Summer
8290,8291,3038,Payment,8137.85,8/13/2023,Summer
8291,8292,3889,Transfer,7353.99,12/29/2022,Winter
8292,8293,1695,Withdrawal,4940.23,7/6/2024,Summer
8293,8294,4157,Payment,6672.21,3/16/2024,Spring
8294,8295,2296,Payment,2512.24,6/11/2024,Summer
8295,8296,3427,Transfer,7688.39,9/16/2023,Fall
8296,8297,2931,Withdrawal,9657.4,10/1/2024,Fall
8297,8298,2247,Payment,1389.27,6/6/2024,Summer
8298,8299,3263,Withdrawal,2592.7,3/4/2025,Spring
8299,8300,3575,Deposit,7315.26,10/4/2022,Fall
8300,8301,367,Withdrawal,8520.98,12/26/2024,Winter
8301,8302,3142,Deposit,516.2,1/16/2023,Winter
8302,8303,474,Transfer,8859.21,10/1/2022,Fall
8303,8304,1883,Withdrawal,8737.8,7/13/2024,Summer
8304,8305,2895,Withdrawal,954.19,8/6/2023,Summer
8305,8306,1929,Withdrawal,3915.62,7/31/2024,Summer
8306,8307,2631,Payment,6049.37,6/6/2024,Summer
8307,8308,4770,Payment,4774.19,7/18/2022,Summer
8308,8309,4612,Withdrawal,7988.64,10/27/2022,Fall
8309,8310,3513,Transfer,8202.36,11/18/2022,Fall
8310,8311,4117,Withdrawal,9620.99,8/21/2022,Summer
8311,8312,863,Deposit,8733.06,11/10/2022,Fall
8312,8313,1683,Withdrawal,7633.98,9/8/2024,Fall
8313,8314,4836,Transfer,1458.25,8/15/2024,Summer
8314,8315,2862,Withdrawal,9215.89,7/10/2023,Summer
8315,8316,1691,Withdrawal,4340.93,5/22/2022,Spring
8316,8317,1312,Deposit,3132.66,1/15/2024,Winter
8317,8318,2501,Withdrawal,5334.64,5/10/2024,Spring
8318,8319,3285,Transfer,1086.46,11/19/2022,Fall
8319,8320,362,Transfer,6999.91,9/8/2024,Fall
8320,8321,4072,Withdrawal,2097.03,11/29/2023,Fall
8321,8322,3584,Payment,4701.48,8/31/2024,Summer
8322,8323,2627,Transfer,2600.08,11/27/2024,Fall
8323,8324,3599,Transfer,976.79,11/9/2024,Fall
8324,8325,401,Payment,590.35,6/29/2023,Summer
8325,8326,1463,Deposit,3687.49,7/9/2024,Summer
8326,8327,2654,Deposit,2925.61,10/2/2022,Fall
8327,8328,3486,Transfer,9986.43,4/14/2025,Spring
8328,8329,2647,Deposit,6448.61,3/8/2024,Spring
8329,8330,1725,Payment,2110.86,5/3/2024,Spring
8330,8331,1349,Deposit,6174.51,6/7/2024,Summer
8331,8332,4468,Transfer,2349.87,12/21/2023,Winter
8332,8333,1745,Payment,6462.11,2/23/2025,Winter
8333,8334,2569,Payment,769.03,8/27/2022,Summer
8334,8335,3249,Deposit,533.55,2/28/2023,Winter
8335,8336,623,Transfer,3728.37,6/13/2022,Summer
8336,8337,2217,Deposit,8108.19,7/6/2023,Summer
8337,8338,15,Payment,344.17,6/3/2024,Summer
8338,8339,4594,Withdrawal,3212.48,9/5/2023,Fall
8339,8340,2782,Transfer,9703.84,10/8/2022,Fall
8340,8341,3265,Withdrawal,9779.58,5/7/2024,Spring
8341,8342,4342,Withdrawal,1391.79,5/7/2024,Spring
8342,8343,1269,Withdrawal,7372.87,10/9/2024,Fall
8343,8344,323,Transfer,5267.22,8/4/2022,Summer
8344,8345,926,Withdrawal,4039.5,7/30/2022,Summer
8345,8346,3079,Withdrawal,4396.18,7/12/2024,Summer
8346,8347,4415,Transfer,695.83,6/20/2022,Summer
8347,8348,1905,Payment,1919.29,1/14/2025,Winter
8348,8349,817,Deposit,9342.8,5/10/2023,Spring
8349,8350,2756,Deposit,8169.1,1/22/2023,Winter
8350,8351,197,Payment,3416.99,4/1/2025,Spring
8351,8352,3729,Withdrawal,9746.45,4/11/2023,Spring
8352,8353,3196,Payment,358.24,6/26/2022,Summer
8353,8354,1843,Withdrawal,6262.15,4/23/2025,Spring
8354,8355,4815,Payment,9614.41,11/19/2023,Fall
8355,8356,4386,Transfer,5234.31,10/7/2022,Fall
8356,8357,1248,Transfer,9290.69,12/17/2022,Winter
8357,8358,1747,Payment,1460,2/8/2025,Winter
8358,8359,443,Deposit,3796.39,11/27/2024,Fall
8359,8360,1575,Payment,379.46,8/11/2023,Summer
8360,8361,242,Payment,5628.17,6/2/2022,Summer
8361,8362,177,Transfer,9789.4,6/13/2023,Summer
8362,8363,4338,Payment,5539.87,5/30/2024,Spring
8363,8364,3049,Transfer,2047.13,1/23/2024,Winter
8364,8365,3437,Deposit,3462.67,8/13/2022,Summer
8365,8366,4961,Deposit,9992.35,7/13/2023,Summer
8366,8367,1727,Payment,1366.85,7/29/2023,Summer
8367,8368,1942,Payment,6247.85,2/23/2025,Winter
8368,8369,1129,Transfer,5294.89,4/5/2024,Spring
8369,8370,717,Transfer,3451.41,7/24/2022,Summer
8370,8371,2207,Deposit,2601.57,9/25/2024,Fall
8371,8372,3297,Transfer,613.81,10/5/2022,Fall
8372,8373,1046,Transfer,6303.35,12/4/2023,Winter
8373,8374,699,Transfer,3411.69,11/30/2022,Fall
8374,8375,1560,Payment,4893.41,1/21/2023,Winter
8375,8376,3206,Deposit,3753.63,1/31/2025,Winter
8376,8377,4298,Withdrawal,599.87,10/9/2024,Fall
8377,8378,3786,Transfer,7153.33,11/19/2023,Fall
8378,8379,673,Transfer,355.87,3/1/2023,Spring
8379,8380,661,Deposit,4386,3/30/2025,Spring
8380,8381,2906,Payment,1390.76,5/24/2023,Spring
8381,8382,587,Deposit,7647.22,1/21/2024,Winter
8382,8383,470,Transfer,2329.67,3/17/2025,Spring
8383,8384,3568,Payment,3198.71,2/26/2023,Winter
8384,8385,1847,Transfer,393.45,6/7/2024,Summer
8385,8386,4934,Withdrawal,9716.09,2/15/2024,Winter
8386,8387,1766,Payment,2639.37,4/27/2023,Spring
8387,8388,3821,Deposit,3955.53,5/28/2022,Spring
8388,8389,375,Deposit,7500.29,12/27/2022,Winter
8389,8390,2306,Deposit,9779.14,10/25/2023,Fall
8390,8391,2190,Withdrawal,827.8,5/1/2023,Spring
8391,8392,4180,Payment,5192.46,3/26/2023,Spring
8392,8393,1423,Transfer,7721.07,1/22/2025,Winter
8393,8394,638,Payment,3839.68,1/1/2024,Winter
8394,8395,4127,Transfer,4879.99,3/25/2024,Spring
8395,8396,3274,Deposit,351.9,1/20/2024,Winter
8396,8397,263,Transfer,5929.8,2/18/2024,Winter
8397,8398,3751,Transfer,6506.12,10/25/2022,Fall
8398,8399,51,Payment,276.87,3/9/2023,Spring
8399,8400,393,Deposit,2353.2,4/25/2023,Spring
8400,8401,2125,Withdrawal,6452.28,7/19/2022,Summer
8401,8402,501,Deposit,4436.6,3/15/2023,Spring
8402,8403,1965,Transfer,4710.85,4/11/2024,Spring
8403,8404,2082,Transfer,4331.62,4/29/2023,Spring
8404,8405,4265,Payment,8339.65,4/18/2024,Spring
8405,8406,2942,Deposit,8099.73,1/30/2025,Winter
8406,8407,100,Payment,3312.11,5/14/2023,Spring
8407,8408,3222,Payment,7907.73,9/20/2023,Fall
8408,8409,777,Transfer,4706.16,4/6/2025,Spring
8409,8410,1766,Withdrawal,6745.09,11/18/2024,Fall
8410,8411,2423,Withdrawal,1703.14,11/16/2024,Fall
8411,8412,554,Withdrawal,5407.7,6/12/2022,Summer
8412,8413,4610,Transfer,398.66,8/7/2024,Summer
8413,8414,3843,Payment,7483.37,1/6/2023,Winter
8414,8415,1072,Withdrawal,3156.3,3/28/2025,Spring
8415,8416,732,Withdrawal,356.49,9/28/2024,Fall
8416,8417,3391,Payment,4572.6,2/18/2023,Winter
8417,8418,4093,Payment,8572.2,10/21/2024,Fall
8418,8419,3952,Deposit,4635.65,9/12/2024,Fall
8419,8420,555,Withdrawal,4615.86,3/28/2023,Spring
8420,8421,4133,Transfer,2808.97,12/17/2023,Winter
8421,8422,1538,Transfer,8893.86,11/30/2023,Fall
8422,8423,4702,Deposit,5336.6,12/22/2022,Winter
8423,8424,2018,Deposit,7065.92,7/28/2023,Summer
8424,8425,3848,Payment,3332,2/9/2025,Winter
8425,8426,388,Payment,7697.87,10/30/2023,Fall
8426,8427,470,Transfer,2558.09,3/3/2024,Spring
8427,8428,2568,Payment,3659.29,12/31/2023,Winter
8428,8429,1743,Withdrawal,4837.07,10/4/2024,Fall
8429,8430,923,Transfer,5045.3,11/10/2024,Fall
8430,8431,4854,Deposit,5446.52,4/9/2024,Spring
8431,8432,2860,Payment,7629,8/15/2022,Summer
8432,8433,1137,Payment,1119.47,8/25/2023,Summer
8433,8434,1988,Deposit,2337.99,1/28/2024,Winter
8434,8435,2012,Withdrawal,668.53,6/18/2023,Summer
8435,8436,2464,Deposit,896.8,1/8/2023,Winter
8436,8437,1491,Payment,1527.52,7/15/2023,Summer
8437,8438,4213,Transfer,700.39,3/24/2023,Spring
8438,8439,1087,Withdrawal,9151.26,11/17/2022,Fall
8439,8440,950,Transfer,23.97,1/7/2024,Winter
8440,8441,2551,Deposit,7002.11,6/27/2022,Summer
8441,8442,2249,Transfer,9978.22,5/22/2022,Spring
8442,8443,543,Transfer,2784.53,5/13/2022,Spring
8443,8444,4461,Withdrawal,9989.15,3/27/2025,Spring
8444,8445,2297,Deposit,6150.5,8/16/2022,Summer
8445,8446,4654,Withdrawal,3657.2,8/7/2024,Summer
8446,8447,3015,Transfer,7211.45,4/11/2025,Spring
8447,8448,2586,Transfer,7009.06,4/27/2024,Spring
8448,8449,356,Withdrawal,8882.72,10/21/2022,Fall
8449,8450,4360,Transfer,2855.51,5/12/2024,Spring
8450,8451,1713,Deposit,4701.82,2/5/2025,Winter
8451,8452,3652,Deposit,2488.64,5/25/2022,Spring
8452,8453,2886,Transfer,4084.47,4/7/2024,Spring
8453,8454,1174,Transfer,4873.45,10/17/2023,Fall
8454,8455,4606,Payment,510.84,11/9/2024,Fall
8455,8456,945,Deposit,5836.2,10/9/2022,Fall
8456,8457,4428,Payment,7226.95,3/2/2024,Spring
8457,8458,2843,Transfer,4133.16,4/26/2024,Spring
8458,8459,1364,Transfer,7031.23,10/24/2024,Fall
8459,8460,3390,Withdrawal,1083.78,5/5/2025,Spring
8460,8461,3667,Withdrawal,3266.61,3/19/2024,Spring
8461,8462,3049,Payment,2222.27,5/19/2023,Spring
8462,8463,1843,Payment,1887.57,10/3/2024,Fall
8463,8464,677,Payment,6356,5/25/2022,Spring
8464,8465,237,Transfer,4378.42,2/19/2025,Winter
8465,8466,2139,Payment,4058.39,3/28/2025,Spring
8466,8467,556,Deposit,4654.86,4/14/2025,Spring
8467,8468,1535,Withdrawal,5474.76,7/30/2023,Summer
8468,8469,4534,Transfer,7420.23,1/26/2025,Winter
8469,8470,3586,Deposit,2955.06,1/27/2024,Winter
8470,8471,2220,Deposit,2518.09,8/6/2022,Summer
8471,8472,124,Payment,8035.13,8/4/2024,Summer
8472,8473,3914,Deposit,5680.93,9/25/2024,Fall
8473,8474,2004,Transfer,1143.71,2/29/2024,Winter
8474,8475,1071,Payment,7519.72,8/9/2024,Summer
8475,8476,942,Deposit,4333.6,5/7/2024,Spring
8476,8477,3487,Transfer,5221.25,1/30/2024,Winter
8477,8478,3824,Deposit,7917.12,8/23/2023,Summer
8478,8479,2172,Payment,5748.08,2/22/2024,Winter
8479,8480,876,Transfer,50.7,8/16/2024,Summer
8480,8481,2432,Payment,9800.54,8/2/2023,Summer
8481,8482,1201,Payment,8090.82,2/2/2023,Winter
8482,8483,1312,Transfer,6229.2,5/17/2022,Spring
8483,8484,3522,Transfer,329.66,7/24/2024,Summer
8484,8485,1937,Transfer,7324.2,12/27/2024,Winter
8485,8486,2175,Transfer,5619.01,10/2/2024,Fall
8486,8487,4578,Deposit,6773.77,5/20/2022,Spring
8487,8488,3424,Deposit,1325.16,5/8/2024,Spring
8488,8489,2591,Deposit,2173.8,11/6/2023,Fall
8489,8490,3723,Payment,8693.92,5/2/2025,Spring
8490,8491,3502,Withdrawal,8715.74,6/21/2024,Summer
8491,8492,4820,Payment,1264.68,4/3/2023,Spring
8492,8493,1660,Payment,6294.77,11/6/2023,Fall
8493,8494,291,Withdrawal,5597.21,10/7/2022,Fall
8494,8495,2509,Withdrawal,1487.21,4/26/2025,Spring
8495,8496,1211,Payment,9667.87,2/4/2025,Winter
8496,8497,1662,Transfer,5619.03,7/1/2024,Summer
8497,8498,3037,Withdrawal,9515.39,12/1/2024,Winter
8498,8499,3340,Withdrawal,5611.83,4/7/2024,Spring
8499,8500,2500,Withdrawal,8016.34,1/11/2024,Winter
8500,8501,1619,Deposit,7478.84,2/9/2025,Winter
8501,8502,4980,Payment,5309.24,1/8/2025,Winter
8502,8503,1381,Payment,2856.68,5/23/2022,Spring
8503,8504,909,Deposit,9472.62,7/8/2024,Summer
8504,8505,1621,Transfer,7598.55,12/16/2022,Winter
8505,8506,907,Withdrawal,6782.72,4/29/2025,Spring
8506,8507,3663,Deposit,6484.46,5/16/2023,Spring
8507,8508,4972,Withdrawal,3202.15,5/10/2023,Spring
8508,8509,2677,Withdrawal,2717.73,1/21/2025,Winter
8509,8510,946,Payment,7530.99,12/2/2024,Winter
8510,8511,183,Payment,9266.14,4/15/2023,Spring
8511,8512,3697,Deposit,1843.86,3/30/2025,Spring
8512,8513,4874,Deposit,5231.3,11/6/2022,Fall
8513,8514,2401,Payment,3808.5,1/6/2023,Winter
8514,8515,2944,Deposit,6466.36,11/12/2022,Fall
8515,8516,4530,Deposit,4622.7,5/20/2022,Spring
8516,8517,1992,Transfer,6024.51,5/28/2022,Spring
8517,8518,599,Transfer,3359.14,5/3/2025,Spring
8518,8519,3140,Withdrawal,5011.85,5/23/2022,Spring
8519,8520,4485,Payment,8448.08,7/5/2023,Summer
8520,8521,2499,Withdrawal,7334.13,1/6/2023,Winter
8521,8522,3771,Payment,6868.38,5/30/2023,Spring
8522,8523,1065,Transfer,6506.95,9/25/2022,Fall
8523,8524,1587,Withdrawal,1025.87,4/29/2023,Spring
8524,8525,2043,Payment,5054.1,12/13/2024,Winter
8525,8526,1591,Payment,9905.42,4/4/2025,Spring
8526,8527,699,Payment,3958.73,3/25/2024,Spring
8527,8528,2356,Deposit,4045.28,5/24/2023,Spring
8528,8529,1734,Withdrawal,1237.74,10/11/2023,Fall
8529,8530,248,Withdrawal,9153.17,2/3/2024,Winter
8530,8531,1670,Deposit,2473.81,12/7/2022,Winter
8531,8532,670,Transfer,2853.11,4/20/2025,Spring
8532,8533,3720,Payment,3321.9,8/19/2024,Summer
8533,8534,449,Deposit,4108.96,1/24/2024,Winter
8534,8535,919,Transfer,4415.7,1/14/2023,Winter
8535,8536,820,Deposit,3211.71,2/29/2024,Winter
8536,8537,664,Payment,1917.34,7/16/2022,Summer
8537,8538,538,Transfer,7277.22,11/26/2023,Fall
8538,8539,2247,Payment,640.73,12/25/2022,Winter
8539,8540,3140,Withdrawal,273.97,1/22/2025,Winter
8540,8541,3123,Payment,4380.88,2/22/2024,Winter
8541,8542,67,Payment,7767.57,8/13/2023,Summer
8542,8543,1453,Payment,4274.72,7/7/2023,Summer
8543,8544,538,Payment,1406.17,9/20/2023,Fall
8544,8545,3271,Withdrawal,3524.27,6/18/2022,Summer
8545,8546,1510,Payment,8420.98,8/1/2023,Summer
8546,8547,2481,Payment,9967.86,3/27/2025,Spring
8547,8548,693,Deposit,616.65,2/7/2023,Winter
8548,8549,4970,Withdrawal,5766.77,4/23/2023,Spring
8549,8550,3659,Payment,6120.01,10/21/2022,Fall
8550,8551,1561,Deposit,3211.89,6/8/2023,Summer
8551,8552,641,Payment,3477.92,4/22/2025,Spring
8552,8553,490,Withdrawal,1548.66,3/23/2025,Spring
8553,8554,944,Withdrawal,6574.61,7/8/2024,Summer
8554,8555,1094,Withdrawal,3777.72,1/13/2025,Winter
8555,8556,1539,Transfer,7623.24,10/13/2022,Fall
8556,8557,4272,Withdrawal,4453.64,5/26/2024,Spring
8557,8558,3842,Payment,2659.31,1/13/2024,Winter
8558,8559,307,Deposit,4052.79,2/16/2025,Winter
8559,8560,2921,Withdrawal,2284.06,9/12/2023,Fall
8560,8561,4491,Withdrawal,349.41,9/23/2024,Fall
8561,8562,4326,Withdrawal,3212.44,8/11/2023,Summer
8562,8563,1718,Transfer,8115.69,10/21/2024,Fall
8563,8564,4535,Withdrawal,6233.55,7/25/2022,Summer
8564,8565,2301,Withdrawal,5297.96,8/13/2024,Summer
8565,8566,3316,Deposit,3225.3,1/24/2023,Winter
8566,8567,596,Withdrawal,2079.58,3/28/2024,Spring
8567,8568,3059,Deposit,3326.18,6/4/2024,Summer
8568,8569,2783,Transfer,3247.51,4/13/2024,Spring
8569,8570,2167,Deposit,8692.41,12/16/2022,Winter
8570,8571,4380,Payment,3990.8,8/2/2022,Summer
8571,8572,1504,Deposit,9992.02,6/23/2024,Summer
8572,8573,3862,Payment,2535.76,5/22/2022,Spring
8573,8574,3572,Transfer,6526.97,12/26/2024,Winter
8574,8575,445,Transfer,8872.56,10/17/2022,Fall
8575,8576,510,Transfer,7026.26,11/13/2022,Fall
8576,8577,4011,Transfer,579.74,4/7/2025,Spring
8577,8578,2956,Transfer,8089.09,9/27/2023,Fall
8578,8579,3971,Transfer,8711.56,2/22/2023,Winter
8579,8580,114,Transfer,372.46,10/9/2023,Fall
8580,8581,1429,Transfer,7341.32,11/3/2024,Fall
8581,8582,2318,Withdrawal,5279.03,2/14/2023,Winter
8582,8583,4041,Transfer,496.59,3/12/2025,Spring
8583,8584,2852,Payment,6856.48,7/4/2022,Summer
8584,8585,2163,Deposit,8829.03,10/9/2022,Fall
8585,8586,878,Deposit,712.16,11/18/2022,Fall
8586,8587,3184,Transfer,1309.27,9/3/2023,Fall
8587,8588,236,Withdrawal,6635.67,9/26/2023,Fall
8588,8589,64,Withdrawal,8761.11,11/7/2022,Fall
8589,8590,3846,Payment,2476,2/6/2024,Winter
8590,8591,1423,Deposit,8439.37,2/7/2025,Winter
8591,8592,1491,Deposit,6980.3,1/18/2025,Winter
8592,8593,4149,Deposit,316.6,10/27/2023,Fall
8593,8594,4788,Deposit,4365.49,7/31/2024,Summer
8594,8595,1762,Withdrawal,8212.53,11/8/2022,Fall
8595,8596,3243,Payment,638.8,1/6/2023,Winter
8596,8597,3354,Payment,8854.49,1/30/2023,Winter
8597,8598,3050,Withdrawal,367.49,4/30/2023,Spring
8598,8599,4904,Payment,5609.05,7/19/2024,Summer
8599,8600,1657,Transfer,5441.77,5/29/2022,Spring
8600,8601,2188,Payment,5560.58,9/16/2022,Fall
8601,8602,2472,Payment,6215.63,12/7/2022,Winter
8602,8603,3308,Transfer,4916.04,11/3/2022,Fall
8603,8604,3841,Payment,3780.84,7/4/2023,Summer
8604,8605,687,Transfer,3547.21,12/17/2022,Winter
8605,8606,3593,Payment,4188.9,8/24/2023,Summer
8606,8607,4268,Deposit,7132.99,10/1/2022,Fall
8607,8608,290,Transfer,4090.36,9/13/2024,Fall
8608,8609,1829,Transfer,1226.87,5/24/2023,Spring
8609,8610,1118,Withdrawal,7422.53,12/4/2022,Winter
8610,8611,36,Deposit,9140.79,10/20/2022,Fall
8611,8612,4315,Payment,5452.95,2/11/2024,Winter
8612,8613,3437,Deposit,9961.45,7/4/2024,Summer
8613,8614,3697,Transfer,8337.3,5/5/2023,Spring
8614,8615,3797,Payment,8223.79,6/24/2023,Summer
8615,8616,628,Payment,7562.15,8/5/2022,Summer
8616,8617,517,Withdrawal,3080.63,10/9/2024,Fall
8617,8618,2101,Withdrawal,4299.07,8/31/2024,Summer
8618,8619,4083,Payment,9700.88,4/14/2023,Spring
8619,8620,3978,Deposit,3361.79,12/15/2024,Winter
8620,8621,3958,Withdrawal,8778.31,10/29/2024,Fall
8621,8622,3750,Deposit,4382.7,10/8/2023,Fall
8622,8623,2120,Withdrawal,3608.11,4/15/2023,Spring
8623,8624,3986,Transfer,418.66,11/26/2022,Fall
8624,8625,4700,Withdrawal,2495.4,4/19/2024,Spring
8625,8626,1086,Withdrawal,1402.32,12/26/2022,Winter
8626,8627,4590,Deposit,6478.88,2/3/2023,Winter
8627,8628,4206,Withdrawal,8830.39,6/3/2024,Summer
8628,8629,751,Transfer,803.8,8/2/2023,Summer
8629,8630,3895,Withdrawal,8357.51,9/22/2022,Fall
8630,8631,842,Transfer,4751.07,7/2/2022,Summer
8631,8632,3249,Deposit,3066.42,5/4/2024,Spring
8632,8633,2834,Payment,5395.26,7/30/2024,Summer
8633,8634,3763,Withdrawal,6168.42,10/4/2022,Fall
8634,8635,4604,Transfer,7396.11,1/31/2024,Winter
8635,8636,1587,Withdrawal,7609.98,3/25/2024,Spring
8636,8637,2352,Transfer,1351.1,8/26/2024,Summer
8637,8638,3534,Transfer,970.88,3/2/2023,Spring
8638,8639,2297,Transfer,2822.78,9/7/2022,Fall
8639,8640,4124,Deposit,7504.97,10/16/2023,Fall
8640,8641,742,Deposit,4073.4,1/22/2025,Winter
8641,8642,1871,Transfer,5240.04,4/16/2024,Spring
8642,8643,3324,Transfer,1076.03,6/30/2024,Summer
8643,8644,3593,Transfer,1440.97,8/13/2022,Summer
8644,8645,2711,Payment,9847.48,3/13/2023,Spring
8645,8646,3090,Deposit,2519.01,10/27/2023,Fall
8646,8647,3437,Transfer,7238.72,3/20/2024,Spring
8647,8648,2470,Deposit,4679.42,2/27/2023,Winter
8648,8649,219,Transfer,111.37,9/1/2022,Fall
8649,8650,983,Transfer,1921.11,8/3/2022,Summer
8650,8651,3048,Payment,5844.76,9/20/2023,Fall
8651,8652,715,Transfer,9206.88,5/6/2025,Spring
8652,8653,239,Withdrawal,1966.12,11/4/2022,Fall
8653,8654,3392,Payment,3492.33,11/3/2024,Fall
8654,8655,1346,Transfer,4464.44,9/8/2022,Fall
8655,8656,301,Payment,6106.84,6/10/2024,Summer
8656,8657,1172,Deposit,2972.85,5/16/2023,Spring
8657,8658,3594,Withdrawal,5621.7,12/6/2022,Winter
8658,8659,1365,Transfer,4231.86,1/3/2025,Winter
8659,8660,2517,Transfer,7703.45,5/14/2022,Spring
8660,8661,4556,Withdrawal,8017.34,2/9/2025,Winter
8661,8662,469,Deposit,1781.19,10/23/2023,Fall
8662,8663,698,Payment,797.65,9/6/2022,Fall
8663,8664,1587,Transfer,9620.55,11/25/2022,Fall
8664,8665,3982,Payment,1554.02,12/7/2024,Winter
8665,8666,755,Transfer,8313.75,6/22/2023,Summer
8666,8667,3837,Deposit,6197.52,7/8/2022,Summer
8667,8668,1567,Withdrawal,230.21,8/31/2024,Summer
8668,8669,2017,Withdrawal,2697.48,10/26/2022,Fall
8669,8670,2368,Transfer,4888.3,10/29/2023,Fall
8670,8671,4729,Deposit,9659.25,10/14/2023,Fall
8671,8672,2518,Transfer,7453.9,6/6/2024,Summer
8672,8673,3644,Deposit,9383.62,9/28/2024,Fall
8673,8674,2439,Withdrawal,2127.48,11/27/2022,Fall
8674,8675,2855,Payment,3116.33,7/13/2024,Summer
8675,8676,1417,Payment,8100.09,1/24/2023,Winter
8676,8677,1924,Deposit,9438.26,2/3/2025,Winter
8677,8678,2635,Payment,8575.36,12/29/2023,Winter
8678,8679,1637,Payment,5922.28,5/15/2023,Spring
8679,8680,4051,Withdrawal,1595.09,4/7/2024,Spring
8680,8681,4856,Withdrawal,4660.06,11/1/2024,Fall
8681,8682,256,Withdrawal,4851.41,3/31/2024,Spring
8682,8683,418,Payment,2571.31,3/10/2024,Spring
8683,8684,3722,Payment,4231.69,3/14/2023,Spring
8684,8685,4835,Transfer,9953.78,6/7/2024,Summer
8685,8686,4012,Withdrawal,7479.9,4/25/2024,Spring
8686,8687,1393,Deposit,9324.57,8/4/2024,Summer
8687,8688,4154,Payment,2491.57,5/17/2022,Spring
8688,8689,946,Transfer,2503.74,10/30/2022,Fall
8689,8690,1682,Transfer,522.54,6/21/2024,Summer
8690,8691,3917,Withdrawal,2526.9,12/22/2022,Winter
8691,8692,942,Withdrawal,9182.28,4/23/2024,Spring
8692,8693,4152,Payment,2054.06,5/22/2022,Spring
8693,8694,948,Withdrawal,2071.16,7/23/2022,Summer
8694,8695,4956,Payment,9037.96,1/30/2025,Winter
8695,8696,4069,Transfer,8474.1,10/13/2023,Fall
8696,8697,3536,Transfer,3911.52,3/31/2023,Spring
8697,8698,1361,Transfer,7613.72,5/8/2023,Spring
8698,8699,3464,Payment,4555.16,10/5/2024,Fall
8699,8700,3235,Withdrawal,4598.79,1/6/2023,Winter
8700,8701,997,Payment,5630.69,9/19/2023,Fall
8701,8702,4185,Withdrawal,5567.21,11/10/2024,Fall
8702,8703,3818,Withdrawal,941.62,9/22/2023,Fall
8703,8704,1470,Withdrawal,6287.51,5/26/2024,Spring
8704,8705,4424,Transfer,2013.35,11/22/2022,Fall
8705,8706,3961,Transfer,2495.63,11/11/2023,Fall
8706,8707,4060,Withdrawal,1578.13,8/27/2023,Summer
8707,8708,3228,Transfer,740.37,3/15/2023,Spring
8708,8709,4542,Transfer,9643.24,4/3/2023,Spring
8709,8710,2917,Transfer,9345.89,6/7/2022,Summer
8710,8711,4864,Transfer,7341.39,9/7/2023,Fall
8711,8712,2323,Payment,5528.13,12/9/2024,Winter
8712,8713,695,Deposit,5456.79,1/8/2024,Winter
8713,8714,3000,Deposit,9281.18,6/25/2024,Summer
8714,8715,236,Withdrawal,2367.67,2/25/2025,Winter
8715,8716,4827,Withdrawal,3788.99,1/2/2025,Winter
8716,8717,2244,Transfer,1621.7,5/20/2023,Spring
8717,8718,933,Deposit,944.2,4/6/2024,Spring
8718,8719,3631,Payment,2017.6,12/17/2023,Winter
8719,8720,4488,Payment,6373.38,6/10/2024,Summer
8720,8721,4690,Withdrawal,4826.71,10/23/2024,Fall
8721,8722,2462,Withdrawal,3229.86,8/24/2022,Summer
8722,8723,1689,Withdrawal,5850.32,3/27/2024,Spring
8723,8724,3986,Transfer,9817.87,2/24/2024,Winter
8724,8725,982,Transfer,9508.75,1/3/2023,Winter
8725,8726,481,Deposit,5828.6,2/23/2025,Winter
8726,8727,1963,Withdrawal,3460.75,8/6/2024,Summer
8727,8728,3245,Payment,8541.98,6/11/2024,Summer
8728,8729,886,Deposit,9124.36,5/13/2022,Spring
8729,8730,3437,Deposit,313.76,2/5/2023,Winter
8730,8731,233,Deposit,8408.82,6/21/2023,Summer
8731,8732,1002,Withdrawal,21.55,10/21/2024,Fall
8732,8733,4961,Transfer,6848.75,4/8/2024,Spring
8733,8734,4831,Transfer,527.65,9/10/2022,Fall
8734,8735,1036,Withdrawal,8926.02,11/30/2023,Fall
8735,8736,581,Payment,4166.25,12/8/2023,Winter
8736,8737,2983,Deposit,3672.78,11/1/2022,Fall
8737,8738,4157,Transfer,9727.02,6/6/2022,Summer
8738,8739,2185,Transfer,8724.09,10/15/2023,Fall
8739,8740,1094,Transfer,2946.51,5/7/2024,Spring
8740,8741,4748,Payment,5964.51,6/9/2024,Summer
8741,8742,2851,Withdrawal,7763.67,5/13/2023,Spring
8742,8743,2859,Deposit,9915.08,3/19/2024,Spring
8743,8744,3644,Withdrawal,9738.04,5/5/2023,Spring
8744,8745,2357,Payment,4101.47,6/6/2024,Summer
8745,8746,1040,Payment,9824.31,7/7/2024,Summer
8746,8747,3166,Withdrawal,6393.89,7/8/2022,Summer
8747,8748,3089,Withdrawal,2686.08,4/6/2025,Spring
8748,8749,3207,Withdrawal,8537.45,3/21/2024,Spring
8749,8750,2823,Payment,3088.67,7/20/2023,Summer
8750,8751,419,Transfer,8593.81,5/25/2022,Spring
8751,8752,3003,Transfer,6951.11,10/8/2022,Fall
8752,8753,287,Payment,3184.68,2/18/2023,Winter
8753,8754,1064,Transfer,8824.33,2/21/2025,Winter
8754,8755,3466,Payment,6473.79,2/22/2025,Winter
8755,8756,3273,Deposit,5642.25,6/12/2024,Summer
8756,8757,1045,Transfer,3198.12,1/9/2025,Winter
8757,8758,1381,Payment,3982.94,10/4/2022,Fall
8758,8759,1582,Payment,565.8,10/16/2023,Fall
8759,8760,4493,Payment,7658.62,6/21/2024,Summer
8760,8761,2994,Payment,7321.38,9/22/2022,Fall
8761,8762,3141,Deposit,8815.49,3/23/2023,Spring
8762,8763,3011,Payment,8740.77,6/23/2023,Summer
8763,8764,3674,Payment,8119.38,12/13/2023,Winter
8764,8765,878,Payment,7846.18,3/4/2023,Spring
8765,8766,3692,Payment,200.76,10/3/2023,Fall
8766,8767,2910,Payment,8807.69,10/15/2022,Fall
8767,8768,3879,Deposit,2133.37,8/14/2023,Summer
8768,8769,3799,Withdrawal,8106.74,5/12/2022,Spring
8769,8770,2168,Deposit,2792.98,12/5/2022,Winter
8770,8771,4126,Withdrawal,8353.14,12/28/2023,Winter
8771,8772,2387,Deposit,2746.97,9/1/2023,Fall
8772,8773,1398,Payment,8539.83,10/5/2022,Fall
8773,8774,3370,Payment,5693.76,6/3/2023,Summer
8774,8775,869,Deposit,6112.73,7/6/2024,Summer
8775,8776,4364,Payment,8841.47,9/6/2024,Fall
8776,8777,390,Deposit,7859.66,9/14/2024,Fall
8777,8778,2659,Payment,2007.25,4/9/2023,Spring
8778,8779,2248,Deposit,3567.02,8/28/2023,Summer
8779,8780,2736,Withdrawal,9090.62,11/15/2022,Fall
8780,8781,4367,Deposit,4774.33,4/18/2024,Spring
8781,8782,1686,Deposit,4050.69,2/23/2025,Winter
8782,8783,1770,Deposit,8528.5,10/19/2023,Fall
8783,8784,429,Withdrawal,2398.7,6/8/2022,Summer
8784,8785,873,Withdrawal,2408.96,5/1/2024,Spring
8785,8786,3966,Payment,3591.01,7/11/2022,Summer
8786,8787,53,Payment,9961.4,9/18/2024,Fall
8787,8788,2254,Payment,7410.51,10/15/2024,Fall
8788,8789,3968,Withdrawal,415.15,4/5/2023,Spring
8789,8790,1446,Deposit,285.47,2/24/2024,Winter
8790,8791,3244,Payment,5715.03,4/29/2023,Spring
8791,8792,511,Deposit,1548.61,12/17/2023,Winter
8792,8793,3211,Transfer,7076.82,12/3/2022,Winter
8793,8794,1607,Deposit,5981.27,9/21/2022,Fall
8794,8795,2821,Deposit,3556.42,6/8/2024,Summer
8795,8796,1856,Withdrawal,8343.55,12/2/2023,Winter
8796,8797,4177,Deposit,4347.44,10/4/2023,Fall
8797,8798,4203,Payment,1383.59,12/9/2024,Winter
8798,8799,190,Withdrawal,8079.15,7/9/2023,Summer
8799,8800,1914,Transfer,781.94,3/16/2024,Spring
8800,8801,2487,Deposit,8210.99,7/23/2024,Summer
8801,8802,4095,Transfer,6149.93,5/17/2023,Spring
8802,8803,4212,Withdrawal,2835.47,4/11/2024,Spring
8803,8804,2047,Deposit,6170.06,8/7/2023,Summer
8804,8805,2832,Payment,4014.02,5/18/2022,Spring
8805,8806,2470,Withdrawal,9008.34,10/5/2023,Fall
8806,8807,4963,Transfer,2390.68,11/9/2024,Fall
8807,8808,1073,Payment,2266.56,3/31/2025,Spring
8808,8809,1206,Transfer,1646.85,2/5/2023,Winter
8809,8810,1454,Transfer,3744.05,10/22/2022,Fall
8810,8811,1440,Deposit,6602.79,10/8/2022,Fall
8811,8812,3335,Deposit,8617.13,7/10/2022,Summer
8812,8813,1698,Deposit,4281.26,6/16/2024,Summer
8813,8814,1133,Transfer,5772.58,5/5/2025,Spring
8814,8815,3634,Transfer,5759.35,12/22/2023,Winter
8815,8816,3622,Deposit,1749.36,11/1/2022,Fall
8816,8817,2952,Deposit,7496.24,10/11/2023,Fall
8817,8818,4429,Withdrawal,4530.64,11/4/2022,Fall
8818,8819,2702,Payment,8276.23,4/29/2024,Spring
8819,8820,3157,Payment,5577.54,12/9/2023,Winter
8820,8821,1727,Deposit,5336.69,2/15/2023,Winter
8821,8822,978,Transfer,375.61,4/24/2023,Spring
8822,8823,4698,Payment,7233.89,1/23/2023,Winter
8823,8824,3922,Transfer,8499.85,4/6/2023,Spring
8824,8825,972,Payment,9912.27,5/24/2024,Spring
8825,8826,1363,Withdrawal,1500.57,5/10/2023,Spring
8826,8827,1289,Deposit,4038.16,3/5/2025,Spring
8827,8828,3687,Payment,9892.85,9/26/2023,Fall
8828,8829,4070,Deposit,4483.52,7/7/2022,Summer
8829,8830,619,Transfer,1975.72,8/23/2024,Summer
8830,8831,1060,Payment,7208.27,9/21/2023,Fall
8831,8832,2482,Withdrawal,7397.91,11/7/2022,Fall
8832,8833,1072,Transfer,9275.65,6/27/2024,Summer
8833,8834,2899,Deposit,2720.78,8/20/2023,Summer
8834,8835,4409,Payment,6890.33,12/29/2023,Winter
8835,8836,3766,Payment,6792.12,12/15/2024,Winter
8836,8837,4557,Deposit,6935.84,10/10/2023,Fall
8837,8838,1434,Withdrawal,3891.97,10/17/2024,Fall
8838,8839,3191,Withdrawal,4255.01,8/26/2023,Summer
8839,8840,687,Withdrawal,559.81,4/7/2025,Spring
8840,8841,986,Payment,1172.53,8/26/2023,Summer
8841,8842,2699,Withdrawal,4722.51,9/23/2022,Fall
8842,8843,1621,Withdrawal,2182.64,9/28/2024,Fall
8843,8844,1094,Deposit,3665.13,10/24/2024,Fall
8844,8845,2455,Withdrawal,4196.03,6/13/2024,Summer
8845,8846,2911,Withdrawal,7040.46,1/17/2024,Winter
8846,8847,1302,Transfer,3666.44,7/26/2022,Summer
8847,8848,3919,Transfer,7145.77,12/11/2022,Winter
8848,8849,1109,Deposit,8081.64,6/29/2024,Summer
8849,8850,2157,Deposit,8770.35,2/15/2023,Winter
8850,8851,1804,Payment,2099.6,3/2/2023,Spring
8851,8852,4007,Transfer,4204.13,3/29/2025,Spring
8852,8853,2860,Deposit,3544.41,11/23/2022,Fall
8853,8854,195,Withdrawal,4026.38,5/14/2022,Spring
8854,8855,3628,Deposit,9296.49,9/21/2022,Fall
8855,8856,2749,Transfer,7724.72,10/29/2022,Fall
8856,8857,217,Transfer,7960,5/27/2024,Spring
8857,8858,1927,Payment,775.37,3/23/2024,Spring
8858,8859,1270,Transfer,2546.42,8/26/2022,Summer
8859,8860,1355,Withdrawal,3988.09,8/23/2023,Summer
8860,8861,648,Transfer,9782.04,2/18/2023,Winter
8861,8862,4592,Payment,6490.78,4/12/2023,Spring
8862,8863,829,Transfer,6039.38,4/28/2025,Spring
8863,8864,2623,Payment,9492.64,11/9/2024,Fall
8864,8865,1148,Deposit,1400.07,5/12/2022,Spring
8865,8866,1990,Withdrawal,7047.39,3/10/2025,Spring
8866,8867,2018,Payment,2830.19,11/24/2024,Fall
8867,8868,3983,Transfer,5877.8,12/31/2024,Winter
8868,8869,4582,Withdrawal,8407.29,1/26/2023,Winter
8869,8870,945,Deposit,741,4/24/2024,Spring
8870,8871,487,Transfer,7848.22,12/29/2024,Winter
8871,8872,3184,Withdrawal,8284.8,6/3/2023,Summer
8872,8873,4636,Deposit,8116.36,6/28/2022,Summer
8873,8874,41,Withdrawal,6386.24,9/15/2022,Fall
8874,8875,1845,Withdrawal,1253.27,6/26/2023,Summer
8875,8876,335,Withdrawal,9050.93,4/25/2025,Spring
8876,8877,899,Withdrawal,8642.51,3/13/2023,Spring
8877,8878,2719,Withdrawal,8112.27,12/28/2022,Winter
8878,8879,1933,Withdrawal,8834.66,3/29/2024,Spring
8879,8880,307,Payment,7541.48,4/23/2025,Spring
8880,8881,4136,Withdrawal,9640.02,1/25/2023,Winter
8881,8882,1161,Deposit,8663.63,9/20/2022,Fall
8882,8883,532,Transfer,6156.16,11/3/2023,Fall
8883,8884,1082,Deposit,5787.98,4/6/2025,Spring
8884,8885,3954,Payment,739.5,11/16/2022,Fall
8885,8886,1217,Transfer,4325.36,5/22/2024,Spring
8886,8887,4162,Withdrawal,605.27,9/23/2022,Fall
8887,8888,2432,Deposit,2060.29,4/15/2023,Spring
8888,8889,4816,Deposit,2048.69,9/11/2023,Fall
8889,8890,3660,Transfer,4590.07,1/18/2024,Winter
8890,8891,3072,Transfer,7415.25,10/23/2023,Fall
8891,8892,4965,Payment,1271.36,4/27/2024,Spring
8892,8893,133,Payment,8413.38,1/21/2024,Winter
8893,8894,1270,Payment,8228.22,9/5/2023,Fall
8894,8895,4139,Deposit,3324.88,10/24/2022,Fall
8895,8896,1267,Payment,1363.97,5/26/2023,Spring
8896,8897,2309,Payment,6396.25,4/11/2023,Spring
8897,8898,3114,Transfer,772.58,3/1/2023,Spring
8898,8899,2832,Payment,1108.3,10/23/2024,Fall
8899,8900,4200,Withdrawal,2438.76,2/24/2025,Winter
8900,8901,1263,Transfer,2749.75,6/18/2024,Summer
8901,8902,4821,Payment,2511.88,11/9/2022,Fall
8902,8903,596,Payment,4069.02,11/23/2023,Fall
8903,8904,2265,Withdrawal,7553.77,11/15/2024,Fall
8904,8905,2431,Deposit,8958.27,3/29/2025,Spring
8905,8906,2819,Transfer,5592.19,4/29/2025,Spring
8906,8907,4715,Withdrawal,5578.96,3/26/2024,Spring
8907,8908,4706,Payment,8788.35,7/21/2022,Summer
8908,8909,3178,Transfer,2135.73,12/25/2022,Winter
8909,8910,3667,Payment,5273.56,1/12/2023,Winter
8910,8911,2658,Payment,8007.65,1/9/2025,Winter
8911,8912,2145,Withdrawal,848.83,10/6/2022,Fall
8912,8913,2729,Deposit,3871.45,7/24/2022,Summer
8913,8914,2160,Deposit,6889.47,3/14/2023,Spring
8914,8915,2764,Withdrawal,6873.4,6/18/2022,Summer
8915,8916,2527,Payment,8559.75,5/13/2024,Spring
8916,8917,3263,Transfer,2815.63,5/21/2024,Spring
8917,8918,772,Deposit,5985.83,1/23/2024,Winter
8918,8919,2500,Payment,6695.07,4/4/2023,Spring
8919,8920,2579,Payment,76.08,5/11/2023,Spring
8920,8921,3800,Transfer,2790.74,11/6/2023,Fall
8921,8922,1657,Payment,4854.93,5/19/2022,Spring
8922,8923,3234,Transfer,6189.11,6/6/2023,Summer
8923,8924,3520,Transfer,9457.05,2/28/2023,Winter
8924,8925,1445,Transfer,3877.47,2/6/2025,Winter
8925,8926,3949,Transfer,1512.44,4/12/2024,Spring
8926,8927,3583,Deposit,5509.37,9/17/2024,Fall
8927,8928,4460,Deposit,6304.85,10/26/2022,Fall
8928,8929,4950,Withdrawal,5161.7,7/9/2024,Summer
8929,8930,3830,Deposit,9770.99,1/5/2024,Winter
8930,8931,3034,Transfer,3279.99,5/14/2023,Spring
8931,8932,4073,Transfer,7057.61,10/20/2023,Fall
8932,8933,321,Payment,1533.12,10/30/2024,Fall
8933,8934,96,Payment,6464.26,10/3/2023,Fall
8934,8935,268,Deposit,5658.47,1/25/2023,Winter
8935,8936,4218,Transfer,6950.9,4/4/2025,Spring
8936,8937,4751,Transfer,740.27,6/7/2023,Summer
8937,8938,3581,Deposit,6443.36,10/19/2024,Fall
8938,8939,4592,Deposit,9263.04,9/11/2022,Fall
8939,8940,1432,Deposit,3116.62,8/27/2022,Summer
8940,8941,3836,Deposit,9861.26,7/9/2022,Summer
8941,8942,4624,Transfer,5513.97,10/10/2024,Fall
8942,8943,4208,Withdrawal,9228.12,9/18/2024,Fall
8943,8944,1128,Payment,1807.82,8/9/2022,Summer
8944,8945,387,Payment,1038.78,9/23/2022,Fall
8945,8946,113,Deposit,5366.18,10/11/2023,Fall
8946,8947,4709,Payment,6432.99,11/10/2023,Fall
8947,8948,3419,Payment,7879.52,2/4/2024,Winter
8948,8949,2067,Transfer,8790.58,9/16/2024,Fall
8949,8950,2654,Transfer,604.45,10/19/2022,Fall
8950,8951,3202,Transfer,2874.55,7/2/2023,Summer
8951,8952,955,Withdrawal,7100.8,4/7/2025,Spring
8952,8953,4843,Deposit,7649.83,12/5/2022,Winter
8953,8954,3475,Deposit,4419.5,8/3/2022,Summer
8954,8955,3933,Deposit,9229.02,4/23/2024,Spring
8955,8956,4406,Deposit,4988.42,7/15/2024,Summer
8956,8957,1474,Deposit,6328.94,10/5/2024,Fall
8957,8958,4343,Transfer,1846.21,7/1/2023,Summer
8958,8959,1405,Deposit,5680.44,7/23/2023,Summer
8959,8960,1281,Payment,8136.83,4/17/2024,Spring
8960,8961,2072,Withdrawal,3616.73,7/12/2022,Summer
8961,8962,2980,Payment,8492.93,8/9/2022,Summer
8962,8963,1900,Transfer,3401.98,2/6/2025,Winter
8963,8964,2058,Payment,1685.37,11/23/2024,Fall
8964,8965,3355,Withdrawal,2301.29,10/8/2024,Fall
8965,8966,671,Transfer,9021.54,9/24/2022,Fall
8966,8967,3314,Deposit,9296.38,2/4/2025,Winter
8967,8968,4779,Withdrawal,9986.83,9/18/2023,Fall
8968,8969,3601,Deposit,5298.34,5/2/2024,Spring
8969,8970,4386,Payment,7472.73,9/18/2024,Fall
8970,8971,2048,Deposit,9424.84,3/28/2023,Spring
8971,8972,1621,Deposit,9287.93,5/17/2023,Spring
8972,8973,1719,Transfer,2616.06,12/27/2023,Winter
8973,8974,1890,Deposit,5682.97,6/12/2024,Summer
8974,8975,409,Payment,5340.75,12/20/2024,Winter
8975,8976,3653,Deposit,7188.35,5/13/2023,Spring
8976,8977,1546,Deposit,2695.08,5/5/2023,Spring
8977,8978,259,Transfer,5058.23,6/25/2024,Summer
8978,8979,3278,Deposit,7174.46,1/21/2024,Winter
8979,8980,1093,Transfer,1193.36,1/17/2024,Winter
8980,8981,4948,Payment,2181.68,7/25/2023,Summer
8981,8982,3814,Payment,1064.05,12/16/2022,Winter
8982,8983,4423,Transfer,1753.13,2/16/2025,Winter
8983,8984,3970,Withdrawal,4294.93,1/11/2024,Winter
8984,8985,2256,Transfer,2889.21,12/24/2024,Winter
8985,8986,660,Withdrawal,2547.78,4/30/2023,Spring
8986,8987,69,Withdrawal,9839.14,8/25/2024,Summer
8987,8988,4899,Withdrawal,3624.54,8/7/2024,Summer
8988,8989,568,Withdrawal,2618.08,8/8/2023,Summer
8989,8990,2051,Deposit,2033.85,7/8/2024,Summer
8990,8991,485,Deposit,5877.59,10/30/2022,Fall
8991,8992,176,Transfer,9743.17,1/24/2025,Winter
8992,8993,1052,Withdrawal,2704.9,8/6/2024,Summer
8993,8994,4407,Transfer,504.91,2/21/2024,Winter
8994,8995,3019,Deposit,9770.26,1/14/2024,Winter
8995,8996,424,Transfer,9342.8,10/31/2024,Fall
8996,8997,1275,Withdrawal,2540.53,8/30/2023,Summer
8997,8998,2463,Withdrawal,5863.43,11/22/2023,Fall
8998,8999,1820,Payment,2634.68,9/10/2022,Fall
8999,9000,823,Deposit,8009.19,6/26/2022,Summer
9000,9001,4610,Deposit,7326.94,9/12/2024,Fall
9001,9002,3916,Transfer,6036.6,7/11/2022,Summer
9002,9003,4447,Withdrawal,3950.98,3/1/2025,Spring
9003,9004,3025,Withdrawal,1102.64,5/12/2023,Spring
9004,9005,1452,Transfer,3196.16,5/29/2022,Spring
9005,9006,1555,Deposit,1598.81,1/10/2024,Winter
9006,9007,3100,Transfer,4674.01,6/11/2024,Summer
9007,9008,1082,Deposit,9291.86,6/16/2023,Summer
9008,9009,3337,Transfer,4206.17,1/9/2024,Winter
9009,9010,2446,Payment,8890.56,5/22/2024,Spring
9010,9011,60,Withdrawal,401.55,11/22/2023,Fall
9011,9012,3824,Transfer,939.82,9/14/2024,Fall
9012,9013,3641,Withdrawal,9150.46,4/12/2025,Spring
9013,9014,1167,Deposit,6869.12,9/19/2024,Fall
9014,9015,953,Transfer,5957.94,3/14/2023,Spring
9015,9016,3342,Deposit,8624.58,7/27/2023,Summer
9016,9017,4281,Payment,7982.22,3/19/2023,Spring
9017,9018,562,Withdrawal,1343.58,2/9/2024,Winter
9018,9019,2546,Payment,8173.07,3/10/2024,Spring
9019,9020,4493,Transfer,7521.07,7/17/2022,Summer
9020,9021,3110,Withdrawal,5665.05,11/7/2022,Fall
9021,9022,154,Payment,2826.2,8/15/2022,Summer
9022,9023,3810,Payment,8654.27,12/3/2022,Winter
9023,9024,2783,Withdrawal,2248.37,3/8/2025,Spring
9024,9025,3239,Transfer,1602.98,6/21/2023,Summer
9025,9026,804,Withdrawal,8052.4,8/11/2022,Summer
9026,9027,23,Payment,2627.45,9/14/2023,Fall
9027,9028,967,Transfer,3239.99,11/12/2024,Fall
9028,9029,533,Payment,487.61,1/13/2023,Winter
9029,9030,2911,Transfer,7889.29,10/19/2022,Fall
9030,9031,2828,Withdrawal,9744.14,8/21/2023,Summer
9031,9032,1416,Transfer,8004,3/1/2025,Spring
9032,9033,2693,Deposit,253.96,6/22/2022,Summer
9033,9034,1311,Withdrawal,938.73,1/29/2024,Winter
9034,9035,1736,Payment,8196.71,3/6/2024,Spring
9035,9036,4193,Transfer,2355.85,4/27/2024,Spring
9036,9037,3114,Deposit,9591.19,12/6/2024,Winter
9037,9038,2402,Transfer,1184.77,5/6/2024,Spring
9038,9039,3728,Deposit,365.11,6/7/2023,Summer
9039,9040,2471,Payment,652.59,1/29/2024,Winter
9040,9041,3330,Deposit,4951.2,6/1/2023,Summer
9041,9042,4660,Deposit,6056.59,6/21/2024,Summer
9042,9043,42,Transfer,1102.72,10/18/2023,Fall
9043,9044,3654,Withdrawal,408.37,7/13/2022,Summer
9044,9045,2629,Transfer,1217.73,4/2/2025,Spring
9045,9046,170,Transfer,6806.8,12/8/2023,Winter
9046,9047,2651,Transfer,6593.09,7/3/2024,Summer
9047,9048,1426,Transfer,8657.79,2/8/2025,Winter
9048,9049,1650,Deposit,7168.08,4/7/2024,Spring
9049,9050,3869,Payment,6991.4,5/12/2022,Spring
9050,9051,2603,Withdrawal,3573.3,12/17/2022,Winter
9051,9052,3822,Transfer,7412.79,4/28/2023,Spring
9052,9053,1332,Payment,1502.65,5/31/2022,Spring
9053,9054,2704,Payment,1683.45,6/6/2024,Summer
9054,9055,3840,Transfer,5976.83,11/26/2023,Fall
9055,9056,789,Payment,7517.91,9/25/2022,Fall
9056,9057,2193,Payment,2404.58,10/8/2022,Fall
9057,9058,3181,Transfer,2190.47,5/14/2022,Spring
9058,9059,523,Withdrawal,6532.78,7/1/2022,Summer
9059,9060,1854,Transfer,7356.19,7/24/2022,Summer
9060,9061,25,Payment,3442.48,2/20/2024,Winter
9061,9062,769,Payment,68.92,5/7/2025,Spring
9062,9063,1253,Deposit,2746.07,2/21/2024,Winter
9063,9064,4886,Payment,8501.99,8/21/2024,Summer
9064,9065,280,Payment,4034.35,11/5/2023,Fall
9065,9066,3513,Payment,494.39,8/29/2023,Summer
9066,9067,328,Deposit,1029.51,4/25/2024,Spring
9067,9068,1551,Payment,9263.91,8/14/2024,Summer
9068,9069,4249,Payment,3195.11,8/3/2023,Summer
9069,9070,103,Deposit,1526.71,11/15/2022,Fall
9070,9071,3064,Transfer,9325.27,12/3/2023,Winter
9071,9072,2023,Withdrawal,8430.29,7/1/2022,Summer
9072,9073,2729,Payment,4862.41,9/21/2024,Fall
9073,9074,2058,Payment,9643.6,11/1/2022,Fall
9074,9075,2957,Withdrawal,7394.97,12/27/2023,Winter
9075,9076,1394,Payment,3979.26,6/17/2022,Summer
9076,9077,2168,Transfer,5541.48,2/10/2025,Winter
9077,9078,832,Transfer,8333.5,2/7/2024,Winter
9078,9079,1865,Transfer,2122.49,5/18/2022,Spring
9079,9080,955,Deposit,7899.32,1/23/2023,Winter
9080,9081,245,Transfer,1950.58,9/5/2022,Fall
9081,9082,3532,Deposit,4370.99,8/26/2024,Summer
9082,9083,2377,Deposit,8193.16,1/20/2023,Winter
9083,9084,4796,Payment,7104.67,2/13/2024,Winter
9084,9085,4391,Transfer,2437.47,10/18/2024,Fall
9085,9086,4283,Payment,4410.28,2/28/2025,Winter
9086,9087,4928,Withdrawal,3037.3,5/26/2022,Spring
9087,9088,4985,Payment,98.85,3/1/2024,Spring
9088,9089,4179,Payment,8216.07,3/1/2024,Spring
9089,9090,805,Withdrawal,3885.49,7/29/2022,Summer
9090,9091,3366,Transfer,1491.05,4/2/2024,Spring
9091,9092,4389,Deposit,2227.33,3/3/2023,Spring
9092,9093,3414,Deposit,106.35,2/22/2024,Winter
9093,9094,2128,Payment,7391.41,1/10/2025,Winter
9094,9095,1802,Withdrawal,789.22,6/24/2024,Summer
9095,9096,4373,Deposit,9851.84,11/9/2023,Fall
9096,9097,1454,Deposit,9153.49,8/19/2023,Summer
9097,9098,3532,Deposit,4674.89,6/24/2023,Summer
9098,9099,311,Withdrawal,8861.11,7/24/2024,Summer
9099,9100,2840,Deposit,8264.48,2/24/2024,Winter
9100,9101,3809,Deposit,7248.79,7/16/2023,Summer
9101,9102,3739,Withdrawal,5320.81,10/3/2023,Fall
9102,9103,342,Deposit,3700.23,1/18/2025,Winter
9103,9104,490,Payment,8030.13,1/10/2023,Winter
9104,9105,1695,Deposit,6239.72,9/5/2024,Fall
9105,9106,4259,Withdrawal,683.29,12/19/2024,Winter
9106,9107,1019,Payment,7111.8,8/2/2023,Summer
9107,9108,452,Deposit,5111.85,4/2/2025,Spring
9108,9109,4827,Transfer,8394.12,7/24/2024,Summer
9109,9110,3586,Withdrawal,8798.62,12/15/2024,Winter
9110,9111,94,Payment,3710.04,11/26/2024,Fall
9111,9112,3410,Deposit,4696.66,6/1/2022,Summer
9112,9113,963,Withdrawal,5807.34,10/8/2023,Fall
9113,9114,1226,Withdrawal,9352.45,9/8/2023,Fall
9114,9115,1209,Transfer,3432.12,9/14/2022,Fall
9115,9116,78,Withdrawal,7600.4,8/15/2023,Summer
9116,9117,4889,Transfer,881.63,4/30/2025,Spring
9117,9118,2288,Withdrawal,6590.18,7/15/2023,Summer
9118,9119,1724,Withdrawal,6289.34,6/20/2022,Summer
9119,9120,4621,Withdrawal,2449.77,4/14/2023,Spring
9120,9121,624,Deposit,4359.29,7/30/2022,Summer
9121,9122,3961,Withdrawal,9322.04,12/12/2023,Winter
9122,9123,686,Deposit,6636.43,9/21/2024,Fall
9123,9124,176,Payment,5793.93,6/8/2024,Summer
9124,9125,546,Deposit,3357.94,10/15/2023,Fall
9125,9126,4756,Transfer,3703.96,11/14/2024,Fall
9126,9127,4679,Payment,4293.56,1/7/2024,Winter
9127,9128,507,Deposit,8572.46,8/9/2024,Summer
9128,9129,4184,Deposit,4429.88,2/16/2025,Winter
9129,9130,4809,Payment,6322.93,2/24/2024,Winter
9130,9131,2955,Transfer,6674.69,7/2/2022,Summer
9131,9132,4788,Deposit,9450.72,5/7/2024,Spring
9132,9133,977,Transfer,4461.66,11/2/2023,Fall
9133,9134,4044,Payment,3704.4,2/23/2025,Winter
9134,9135,1742,Deposit,1417.1,9/12/2022,Fall
9135,9136,4377,Withdrawal,4492.3,9/9/2022,Fall
9136,9137,962,Deposit,6840.95,3/12/2023,Spring
9137,9138,3539,Payment,475.27,9/3/2023,Fall
9138,9139,2085,Payment,8796.78,5/11/2023,Spring
9139,9140,1722,Transfer,3770.72,5/24/2023,Spring
9140,9141,1496,Transfer,1561.44,4/12/2025,Spring
9141,9142,4863,Transfer,91.15,6/1/2023,Summer
9142,9143,3364,Payment,3608.28,2/10/2025,Winter
9143,9144,786,Payment,2308.13,9/19/2024,Fall
9144,9145,1520,Withdrawal,7926.31,12/17/2024,Winter
9145,9146,4241,Payment,2914.9,2/13/2023,Winter
9146,9147,2427,Deposit,6858.9,12/11/2022,Winter
9147,9148,704,Payment,3342.29,11/1/2023,Fall
9148,9149,4562,Payment,9832.11,11/24/2024,Fall
9149,9150,3943,Payment,4756.36,6/8/2022,Summer
9150,9151,1730,Withdrawal,2580.91,9/11/2022,Fall
9151,9152,67,Deposit,5459.08,10/4/2024,Fall
9152,9153,4666,Transfer,4902.67,12/29/2023,Winter
9153,9154,1667,Withdrawal,5884.03,7/17/2024,Summer
9154,9155,4832,Payment,1270.19,5/15/2022,Spring
9155,9156,2048,Deposit,5578.73,8/16/2022,Summer
9156,9157,72,Transfer,4252.65,11/23/2024,Fall
9157,9158,4907,Withdrawal,2759.43,2/24/2024,Winter
9158,9159,648,Withdrawal,7692.72,5/4/2023,Spring
9159,9160,3749,Payment,5886.77,1/18/2023,Winter
9160,9161,4990,Withdrawal,9104.21,11/5/2024,Fall
9161,9162,2718,Transfer,5238.7,9/14/2022,Fall
9162,9163,1712,Deposit,2220.76,3/23/2025,Spring
9163,9164,1390,Payment,3884.15,6/13/2023,Summer
9164,9165,1846,Deposit,8368.44,4/2/2025,Spring
9165,9166,3079,Transfer,6629.39,10/5/2024,Fall
9166,9167,2912,Withdrawal,5267.5,6/26/2023,Summer
9167,9168,3115,Transfer,8923.52,7/12/2022,Summer
9168,9169,3549,Deposit,5328.77,4/12/2025,Spring
9169,9170,2806,Withdrawal,7308.38,12/10/2023,Winter
9170,9171,4057,Withdrawal,2375.18,11/29/2023,Fall
9171,9172,4174,Withdrawal,1780.38,11/30/2023,Fall
9172,9173,412,Deposit,8455.25,12/11/2024,Winter
9173,9174,1374,Transfer,468.6,4/10/2024,Spring
9174,9175,1832,Deposit,1549.77,8/5/2022,Summer
9175,9176,3437,Transfer,1326.37,12/25/2024,Winter
9176,9177,3369,Deposit,8335.86,6/14/2024,Summer
9177,9178,2932,Withdrawal,3884.64,11/10/2023,Fall
9178,9179,385,Deposit,6069.07,7/7/2023,Summer
9179,9180,3298,Payment,5995.55,9/21/2022,Fall
9180,9181,3184,Withdrawal,1295.39,10/29/2023,Fall
9181,9182,3339,Transfer,2475.33,9/29/2022,Fall
9182,9183,3936,Transfer,7661.68,1/20/2023,Winter
9183,9184,1017,Transfer,2796.49,1/30/2023,Winter
9184,9185,4765,Deposit,5962.98,6/12/2023,Summer
9185,9186,2733,Deposit,9449.57,8/23/2023,Summer
9186,9187,1108,Transfer,1042.6,10/29/2024,Fall
9187,9188,2443,Deposit,8664.29,10/24/2023,Fall
9188,9189,607,Transfer,5479.78,8/8/2024,Summer
9189,9190,3154,Transfer,5184.75,6/7/2023,Summer
9190,9191,4845,Deposit,5464.82,10/17/2022,Fall
9191,9192,3268,Payment,7171.05,7/19/2024,Summer
9192,9193,1560,Payment,9345.41,10/18/2022,Fall
9193,9194,588,Payment,2927.85,4/22/2025,Spring
9194,9195,3217,Withdrawal,3239.86,12/26/2022,Winter
9195,9196,1569,Payment,3491.09,7/4/2024,Summer
9196,9197,1303,Payment,682.97,6/12/2022,Summer
9197,9198,532,Deposit,4840.42,9/27/2024,Fall
9198,9199,1810,Deposit,680.06,6/29/2024,Summer
9199,9200,4777,Transfer,2114.04,1/30/2025,Winter
9200,9201,4748,Transfer,5449.67,4/29/2023,Spring
9201,9202,4914,Transfer,8255.48,9/2/2022,Fall
9202,9203,222,Withdrawal,2105.25,1/19/2024,Winter
9203,9204,4707,Withdrawal,71.12,2/13/2024,Winter
9204,9205,4371,Payment,2976.41,5/20/2024,Spring
9205,9206,4600,Withdrawal,3694,5/12/2024,Spring
9206,9207,4833,Withdrawal,2072.76,8/24/2024,Summer
9207,9208,2174,Transfer,7913.31,1/10/2024,Winter
9208,9209,370,Withdrawal,2422.09,8/9/2024,Summer
9209,9210,2478,Transfer,7172.03,2/29/2024,Winter
9210,9211,4971,Deposit,752.63,8/10/2022,Summer
9211,9212,768,Payment,8908.5,10/14/2022,Fall
9212,9213,4365,Payment,7048.61,11/10/2024,Fall
9213,9214,2303,Transfer,2173.88,7/5/2024,Summer
9214,9215,4486,Payment,4458.63,6/12/2022,Summer
9215,9216,3259,Payment,2013.82,11/21/2022,Fall
9216,9217,410,Transfer,4356.15,10/11/2023,Fall
9217,9218,4715,Deposit,4521.79,1/27/2023,Winter
9218,9219,4041,Deposit,4339.01,3/19/2023,Spring
9219,9220,4741,Payment,8759,7/1/2022,Summer
9220,9221,1210,Transfer,7789.96,5/29/2024,Spring
9221,9222,3120,Payment,5965.34,3/13/2024,Spring
9222,9223,2499,Payment,464.12,7/20/2022,Summer
9223,9224,4139,Payment,3828.17,4/3/2025,Spring
9224,9225,1457,Transfer,3533.83,4/17/2025,Spring
9225,9226,4496,Deposit,4685.73,5/21/2022,Spring
9226,9227,1814,Withdrawal,1973.38,11/17/2023,Fall
9227,9228,3422,Withdrawal,9539.82,10/25/2023,Fall
9228,9229,2990,Deposit,9214.64,4/13/2023,Spring
9229,9230,4387,Transfer,8864.3,12/12/2024,Winter
9230,9231,1019,Payment,7405.44,8/26/2023,Summer
9231,9232,99,Payment,3692.46,10/25/2022,Fall
9232,9233,4742,Withdrawal,3728.36,2/15/2025,Winter
9233,9234,2350,Transfer,2918.34,2/23/2023,Winter
9234,9235,2975,Deposit,2910.56,2/4/2024,Winter
9235,9236,1633,Transfer,8824.87,4/25/2024,Spring
9236,9237,2667,Transfer,7352.15,8/13/2024,Summer
9237,9238,1125,Transfer,29.21,9/18/2023,Fall
9238,9239,4173,Withdrawal,9525.34,12/5/2023,Winter
9239,9240,73,Transfer,4150.52,12/31/2024,Winter
9240,9241,3256,Payment,4020.21,12/9/2024,Winter
9241,9242,1019,Transfer,8913.53,8/14/2024,Summer
9242,9243,1086,Payment,430.44,12/20/2022,Winter
9243,9244,3000,Deposit,8736.6,7/24/2023,Summer
9244,9245,3260,Deposit,5271.42,6/10/2022,Summer
9245,9246,3491,Transfer,1183.6,10/3/2024,Fall
9246,9247,930,Deposit,4432.42,9/29/2023,Fall
9247,9248,234,Transfer,7539.8,10/3/2022,Fall
9248,9249,3392,Payment,9673.78,11/12/2023,Fall
9249,9250,685,Deposit,5844.23,2/15/2024,Winter
9250,9251,1922,Transfer,3733.67,11/9/2023,Fall
9251,9252,902,Withdrawal,5375.24,3/12/2024,Spring
9252,9253,3601,Payment,6253.8,8/4/2023,Summer
9253,9254,4217,Deposit,8110.47,4/26/2024,Spring
9254,9255,322,Payment,6798.34,12/27/2024,Winter
9255,9256,3862,Withdrawal,8797.26,10/14/2024,Fall
9256,9257,684,Transfer,7048.54,4/20/2025,Spring
9257,9258,2491,Transfer,9732.98,1/31/2023,Winter
9258,9259,917,Deposit,9077.6,9/29/2023,Fall
9259,9260,3538,Transfer,8310.51,7/4/2024,Summer
9260,9261,470,Deposit,2103.95,6/5/2024,Summer
9261,9262,3896,Transfer,8138.05,5/7/2023,Spring
9262,9263,3363,Transfer,4064.88,4/26/2024,Spring
9263,9264,1678,Deposit,8428.57,11/13/2022,Fall
9264,9265,4091,Transfer,7113.59,12/28/2024,Winter
9265,9266,3293,Deposit,607.6,4/20/2025,Spring
9266,9267,1482,Transfer,9188.6,10/12/2022,Fall
9267,9268,206,Withdrawal,285.64,3/30/2025,Spring
9268,9269,4104,Withdrawal,4173.93,2/22/2025,Winter
9269,9270,1093,Transfer,3846.01,12/7/2023,Winter
9270,9271,3747,Transfer,1447.72,5/1/2023,Spring
9271,9272,3649,Deposit,7198.91,3/5/2024,Spring
9272,9273,4086,Payment,3923.3,12/27/2024,Winter
9273,9274,706,Deposit,8283.98,8/26/2022,Summer
9274,9275,4296,Withdrawal,7047.06,12/25/2022,Winter
9275,9276,858,Transfer,6848.93,4/15/2025,Spring
9276,9277,4566,Payment,6068.01,8/1/2022,Summer
9277,9278,202,Deposit,9753.95,3/21/2025,Spring
9278,9279,2116,Withdrawal,5549.7,7/3/2024,Summer
9279,9280,4433,Transfer,7851.07,8/14/2022,Summer
9280,9281,3807,Payment,5222.53,1/22/2023,Winter
9281,9282,919,Transfer,7954.64,3/13/2024,Spring
9282,9283,4410,Deposit,6265.87,12/19/2022,Winter
9283,9284,3925,Withdrawal,4026.33,11/25/2023,Fall
9284,9285,4993,Withdrawal,9236.55,11/7/2022,Fall
9285,9286,4965,Transfer,8260.51,3/24/2023,Spring
9286,9287,950,Withdrawal,9664.12,10/17/2022,Fall
9287,9288,1803,Deposit,4857.28,10/19/2024,Fall
9288,9289,2134,Transfer,437.73,11/11/2024,Fall
9289,9290,2252,Transfer,1993.53,12/31/2024,Winter
9290,9291,4947,Transfer,5148.43,5/14/2024,Spring
9291,9292,487,Withdrawal,75.25,8/25/2023,Summer
9292,9293,501,Transfer,1041.71,10/31/2023,Fall
9293,9294,2892,Transfer,7467.25,6/19/2023,Summer
9294,9295,4466,Payment,2945.04,11/3/2023,Fall
9295,9296,4998,Payment,2616.34,4/11/2023,Spring
9296,9297,4560,Transfer,6981.19,3/16/2023,Spring
9297,9298,3164,Payment,3638.42,7/30/2022,Summer
9298,9299,922,Payment,8731.69,9/17/2024,Fall
9299,9300,1917,Deposit,6655.88,6/25/2023,Summer
9300,9301,3371,Deposit,1254.52,2/25/2024,Winter
9301,9302,2114,Transfer,2939.3,2/17/2023,Winter
9302,9303,2399,Deposit,3216.4,10/25/2024,Fall
9303,9304,2022,Payment,6166.72,10/30/2022,Fall
9304,9305,362,Payment,5096.96,5/31/2024,Spring
9305,9306,399,Withdrawal,5950.56,9/10/2023,Fall
9306,9307,4016,Deposit,6857.6,11/30/2022,Fall
9307,9308,1483,Transfer,1633.74,8/10/2023,Summer
9308,9309,138,Payment,8014.05,9/24/2022,Fall
9309,9310,2136,Payment,6208.26,6/5/2022,Summer
9310,9311,120,Deposit,3012.18,4/21/2025,Spring
9311,9312,3043,Deposit,2165.52,3/2/2025,Spring
9312,9313,2680,Transfer,7805.45,6/26/2023,Summer
9313,9314,1599,Withdrawal,1580.58,6/25/2023,Summer
9314,9315,130,Transfer,5745.07,12/3/2024,Winter
9315,9316,3400,Withdrawal,2825.22,10/6/2023,Fall
9316,9317,3631,Payment,4211.68,10/8/2023,Fall
9317,9318,3048,Withdrawal,5834.7,8/28/2024,Summer
9318,9319,3983,Payment,3304.55,3/29/2025,Spring
9319,9320,785,Transfer,5983.53,7/10/2023,Summer
9320,9321,4457,Payment,3989.68,1/25/2023,Winter
9321,9322,1669,Withdrawal,5531.81,6/16/2024,Summer
9322,9323,591,Withdrawal,5646.58,4/18/2024,Spring
9323,9324,4624,Deposit,2376.67,9/25/2022,Fall
9324,9325,1252,Transfer,7001.11,3/18/2023,Spring
9325,9326,2723,Payment,568.37,5/26/2022,Spring
9326,9327,4038,Transfer,2492.88,10/22/2024,Fall
9327,9328,1471,Deposit,2269.95,6/24/2022,Summer
9328,9329,3077,Deposit,2042.8,11/28/2024,Fall
9329,9330,859,Payment,7241.01,3/10/2023,Spring
9330,9331,3071,Payment,5576.19,10/19/2022,Fall
9331,9332,3119,Payment,600.1,12/8/2024,Winter
9332,9333,3232,Withdrawal,8659.32,12/23/2022,Winter
9333,9334,2030,Deposit,1273.84,6/15/2023,Summer
9334,9335,4844,Transfer,368.09,7/2/2023,Summer
9335,9336,3934,Deposit,4187.4,1/31/2025,Winter
9336,9337,747,Payment,7461.39,4/21/2025,Spring
9337,9338,3042,Payment,6806.15,6/26/2023,Summer
9338,9339,4797,Deposit,1310.47,12/1/2024,Winter
9339,9340,3972,Payment,5541.68,12/4/2024,Winter
9340,9341,4020,Transfer,1865.96,9/29/2022,Fall
9341,9342,3436,Deposit,5182.33,7/1/2022,Summer
9342,9343,1332,Payment,9514.8,1/25/2025,Winter
9343,9344,2926,Transfer,9901.82,2/24/2023,Winter
9344,9345,385,Transfer,7734.04,7/22/2022,Summer
9345,9346,1423,Transfer,786,12/23/2023,Winter
9346,9347,444,Withdrawal,9513.08,12/11/2022,Winter
9347,9348,1242,Transfer,4162.01,11/15/2022,Fall
9348,9349,1876,Payment,3698.51,10/31/2023,Fall
9349,9350,2415,Withdrawal,9854.72,12/23/2022,Winter
9350,9351,2044,Withdrawal,5310.14,1/12/2025,Winter
9351,9352,3730,Deposit,5982.38,8/2/2024,Summer
9352,9353,980,Deposit,6810.86,3/6/2023,Spring
9353,9354,2887,Payment,6152.21,7/3/2022,Summer
9354,9355,303,Transfer,8407.91,3/20/2023,Spring
9355,9356,4280,Transfer,985.93,1/8/2025,Winter
9356,9357,2872,Transfer,4611.39,7/28/2023,Summer
9357,9358,2983,Withdrawal,4600.38,8/30/2024,Summer
9358,9359,3710,Payment,3634.5,6/2/2023,Summer
9359,9360,99,Withdrawal,8165.05,1/5/2024,Winter
9360,9361,4019,Deposit,6919.01,3/16/2025,Spring
9361,9362,4418,Transfer,6705.62,3/15/2023,Spring
9362,9363,3930,Transfer,9137.61,6/29/2024,Summer
9363,9364,2427,Withdrawal,2647.5,3/10/2025,Spring
9364,9365,2072,Payment,8866.62,1/3/2025,Winter
9365,9366,4709,Transfer,935.08,3/12/2024,Spring
9366,9367,2877,Deposit,2099.64,5/23/2023,Spring
9367,9368,624,Deposit,997.19,5/22/2024,Spring
9368,9369,4152,Transfer,5229.63,1/16/2025,Winter
9369,9370,2851,Withdrawal,2981.63,5/28/2022,Spring
9370,9371,387,Deposit,2883.54,8/10/2023,Summer
9371,9372,528,Withdrawal,1912.74,11/9/2022,Fall
9372,9373,3536,Deposit,5985.07,7/24/2022,Summer
9373,9374,1051,Payment,1868.85,7/20/2024,Summer
9374,9375,2460,Payment,4346.81,9/16/2024,Fall
9375,9376,1970,Deposit,5511.79,12/5/2022,Winter
9376,9377,2125,Payment,9616.65,4/16/2023,Spring
9377,9378,180,Payment,2387.15,3/4/2024,Spring
9378,9379,1719,Payment,5188.3,9/29/2024,Fall
9379,9380,3019,Transfer,6163.26,11/7/2024,Fall
9380,9381,74,Payment,401.48,6/11/2023,Summer
9381,9382,1863,Payment,3573.86,6/14/2024,Summer
9382,9383,2042,Payment,6861.93,10/15/2022,Fall
9383,9384,727,Payment,5591.29,2/29/2024,Winter
9384,9385,3685,Payment,3767.93,2/24/2023,Winter
9385,9386,3268,Transfer,5036.9,6/10/2023,Summer
9386,9387,4008,Transfer,1960.22,4/27/2024,Spring
9387,9388,539,Deposit,5715.08,1/14/2024,Winter
9388,9389,1154,Payment,5367.07,11/8/2023,Fall
9389,9390,4736,Deposit,4731.4,9/4/2023,Fall
9390,9391,4964,Payment,406.78,1/27/2023,Winter
9391,9392,1599,Withdrawal,3025.4,3/17/2024,Spring
9392,9393,1592,Deposit,2431.58,8/4/2022,Summer
9393,9394,3495,Deposit,4825.49,9/25/2022,Fall
9394,9395,4492,Payment,2857.08,8/1/2023,Summer
9395,9396,1066,Payment,3818.49,7/30/2022,Summer
9396,9397,2121,Payment,4570.47,7/21/2023,Summer
9397,9398,3302,Deposit,564.54,2/7/2025,Winter
9398,9399,2979,Transfer,2715.09,8/8/2024,Summer
9399,9400,864,Deposit,939.68,5/2/2024,Spring
9400,9401,680,Deposit,2522.67,11/23/2024,Fall
9401,9402,4026,Withdrawal,7990.77,8/21/2024,Summer
9402,9403,1232,Withdrawal,7772.91,1/11/2025,Winter
9403,9404,228,Withdrawal,176.25,11/8/2024,Fall
9404,9405,1464,Withdrawal,6859.42,3/9/2024,Spring
9405,9406,3523,Deposit,953.13,6/12/2023,Summer
9406,9407,4811,Transfer,7905.76,2/2/2024,Winter
9407,9408,2212,Withdrawal,2491.18,4/29/2023,Spring
9408,9409,4514,Payment,7855.86,12/23/2024,Winter
9409,9410,1524,Withdrawal,9124.64,9/28/2024,Fall
9410,9411,4518,Withdrawal,1510.83,10/28/2022,Fall
9411,9412,1910,Withdrawal,6573.17,9/14/2022,Fall
9412,9413,389,Payment,1548.09,7/15/2023,Summer
9413,9414,3207,Payment,9267.37,2/25/2025,Winter
9414,9415,2391,Deposit,7925.86,5/21/2023,Spring
9415,9416,1687,Payment,5698.03,6/30/2023,Summer
9416,9417,3353,Transfer,470.55,2/23/2025,Winter
9417,9418,1565,Transfer,7499.1,12/14/2023,Winter
9418,9419,1560,Deposit,9330.77,7/17/2023,Summer
9419,9420,1245,Transfer,3025.62,4/20/2025,Spring
9420,9421,2910,Deposit,8033.51,2/17/2024,Winter
9421,9422,4270,Withdrawal,988.33,11/28/2024,Fall
9422,9423,4815,Deposit,5470.93,3/18/2024,Spring
9423,9424,826,Payment,7573.7,5/19/2024,Spring
9424,9425,4148,Withdrawal,513.41,11/29/2022,Fall
9425,9426,2786,Payment,2281.1,9/18/2023,Fall
9426,9427,3284,Deposit,5468.2,12/11/2022,Winter
9427,9428,2818,Payment,8497.36,10/3/2023,Fall
9428,9429,4087,Transfer,7584.79,1/20/2023,Winter
9429,9430,498,Transfer,4857.94,11/18/2022,Fall
9430,9431,4951,Deposit,4636.21,5/30/2024,Spring
9431,9432,1617,Transfer,4071.74,9/29/2022,Fall
9432,9433,3222,Transfer,5838.89,8/13/2022,Summer
9433,9434,858,Transfer,9435.04,7/9/2022,Summer
9434,9435,4365,Transfer,3292.4,9/16/2022,Fall
9435,9436,1809,Withdrawal,6997.34,10/21/2024,Fall
9436,9437,2000,Withdrawal,5825.58,5/1/2024,Spring
9437,9438,965,Transfer,8702.26,11/6/2022,Fall
9438,9439,1937,Withdrawal,8098.61,9/2/2024,Fall
9439,9440,2194,Transfer,924.22,12/31/2024,Winter
9440,9441,2169,Payment,3366.74,7/3/2023,Summer
9441,9442,305,Transfer,2449.4,3/2/2023,Spring
9442,9443,482,Transfer,266.74,6/10/2022,Summer
9443,9444,875,Payment,6790.24,1/9/2023,Winter
9444,9445,1221,Transfer,7410.61,11/4/2022,Fall
9445,9446,4106,Withdrawal,5163.36,8/25/2023,Summer
9446,9447,4201,Withdrawal,1211.47,10/22/2023,Fall
9447,9448,3323,Payment,7660.25,6/9/2022,Summer
9448,9449,3200,Deposit,1389.55,6/2/2024,Summer
9449,9450,4487,Withdrawal,4237.49,7/19/2024,Summer
9450,9451,1339,Payment,1735,8/29/2024,Summer
9451,9452,1049,Withdrawal,2654.84,2/25/2023,Winter
9452,9453,1118,Payment,6696.3,1/11/2025,Winter
9453,9454,2313,Withdrawal,4129.63,4/1/2025,Spring
9454,9455,1628,Deposit,1730.03,11/5/2022,Fall
9455,9456,4694,Transfer,3155.2,2/28/2023,Winter
9456,9457,1148,Transfer,2441.93,6/30/2022,Summer
9457,9458,2526,Payment,7935.58,1/3/2023,Winter
9458,9459,1974,Transfer,5095.53,8/19/2024,Summer
9459,9460,3238,Withdrawal,2025.34,4/29/2025,Spring
9460,9461,1504,Deposit,1429.95,9/2/2022,Fall
9461,9462,3271,Payment,8556.97,6/14/2024,Summer
9462,9463,2315,Transfer,8589.88,5/23/2022,Spring
9463,9464,3362,Deposit,3113.33,1/29/2024,Winter
9464,9465,2173,Transfer,1883.01,9/27/2024,Fall
9465,9466,1445,Withdrawal,1417.08,3/20/2023,Spring
9466,9467,3202,Deposit,9160.36,4/13/2023,Spring
9467,9468,1489,Withdrawal,5458.72,7/23/2024,Summer
9468,9469,1540,Deposit,3068.71,11/15/2023,Fall
9469,9470,579,Payment,9186.03,11/19/2024,Fall
9470,9471,2380,Withdrawal,2188.29,2/12/2024,Winter
9471,9472,3499,Withdrawal,5425.06,8/21/2022,Summer
9472,9473,2042,Payment,1592.12,5/9/2025,Spring
9473,9474,2776,Transfer,5899.13,1/6/2023,Winter
9474,9475,3980,Transfer,15.28,7/12/2023,Summer
9475,9476,718,Withdrawal,8707.26,9/30/2022,Fall
9476,9477,3046,Withdrawal,9398.52,11/19/2022,Fall
9477,9478,4190,Transfer,74.51,7/12/2024,Summer
9478,9479,3691,Withdrawal,9789.78,8/15/2023,Summer
9479,9480,2987,Payment,8136.99,5/17/2022,Spring
9480,9481,1808,Withdrawal,3401.92,10/8/2024,Fall
9481,9482,169,Transfer,7162.38,6/23/2023,Summer
9482,9483,4198,Transfer,431.87,6/19/2024,Summer
9483,9484,2729,Deposit,6361.78,11/29/2023,Fall
9484,9485,2369,Transfer,3569.71,6/30/2022,Summer
9485,9486,878,Transfer,9684.69,3/23/2024,Spring
9486,9487,103,Deposit,2471.94,9/21/2023,Fall
9487,9488,4830,Deposit,2952.42,4/18/2023,Spring
9488,9489,4252,Transfer,6451.62,3/15/2024,Spring
9489,9490,3324,Payment,8656.96,12/13/2022,Winter
9490,9491,3503,Withdrawal,9399.46,12/28/2024,Winter
9491,9492,21,Payment,222.11,5/18/2024,Spring
9492,9493,1272,Withdrawal,5129.15,6/3/2023,Summer
9493,9494,2303,Payment,285.46,2/15/2023,Winter
9494,9495,4694,Payment,8321.11,7/29/2022,Summer
9495,9496,4158,Payment,9832.89,6/2/2022,Summer
9496,9497,749,Transfer,6968.9,6/25/2024,Summer
9497,9498,504,Deposit,9927.61,7/2/2023,Summer
9498,9499,1668,Transfer,8563.05,4/6/2023,Spring
9499,9500,2943,Deposit,4965.64,4/4/2023,Spring
9500,9501,3515,Withdrawal,2064.77,1/31/2025,Winter
9501,9502,2958,Withdrawal,5945,3/21/2025,Spring
9502,9503,2178,Deposit,9361.3,8/25/2023,Summer
9503,9504,3365,Payment,9249.32,4/11/2025,Spring
9504,9505,4178,Deposit,9479.64,9/4/2023,Fall
9505,9506,3612,Withdrawal,7817.6,8/31/2023,Summer
9506,9507,2527,Payment,4057.18,8/7/2024,Summer
9507,9508,1082,Deposit,7662.71,2/13/2023,Winter
9508,9509,3169,Withdrawal,9177.71,12/9/2024,Winter
9509,9510,3057,Transfer,1784.75,6/9/2024,Summer
9510,9511,2776,Deposit,9388.62,5/30/2023,Spring
9511,9512,441,Payment,3647.51,5/4/2024,Spring
9512,9513,839,Transfer,2036.88,8/28/2024,Summer
9513,9514,1954,Payment,9397.72,5/27/2022,Spring
9514,9515,1611,Payment,5518.01,12/1/2024,Winter
9515,9516,2427,Payment,584.66,5/26/2022,Spring
9516,9517,4095,Transfer,9088.71,4/20/2023,Spring
9517,9518,4792,Deposit,840.47,1/14/2023,Winter
9518,9519,2080,Payment,9951.79,8/4/2024,Summer
9519,9520,342,Transfer,3423.73,6/1/2022,Summer
9520,9521,376,Withdrawal,7659.17,12/15/2024,Winter
9521,9522,1990,Transfer,1740.83,1/7/2023,Winter
9522,9523,357,Deposit,1060.9,12/1/2024,Winter
9523,9524,441,Deposit,2827.69,10/2/2022,Fall
9524,9525,1193,Withdrawal,9416.67,10/20/2022,Fall
9525,9526,1194,Withdrawal,3238.99,11/24/2024,Fall
9526,9527,4880,Transfer,3253.46,5/28/2022,Spring
9527,9528,4691,Payment,7944.36,1/17/2024,Winter
9528,9529,3769,Deposit,3250.16,7/22/2023,Summer
9529,9530,1982,Deposit,3603.92,4/4/2024,Spring
9530,9531,354,Transfer,9630.89,3/5/2024,Spring
9531,9532,497,Withdrawal,3618.93,5/2/2023,Spring
9532,9533,2576,Payment,1933.4,9/12/2022,Fall
9533,9534,1667,Transfer,3241.33,4/19/2024,Spring
9534,9535,1162,Payment,7650.07,3/30/2025,Spring
9535,9536,1600,Withdrawal,8295.27,9/5/2024,Fall
9536,9537,352,Withdrawal,7036.78,1/8/2025,Winter
9537,9538,90,Payment,7069.86,1/7/2024,Winter
9538,9539,1146,Payment,5300.12,9/21/2024,Fall
9539,9540,1270,Transfer,4875.86,6/1/2024,Summer
9540,9541,3660,Withdrawal,3720.51,8/20/2022,Summer
9541,9542,200,Payment,5520.19,11/17/2023,Fall
9542,9543,561,Transfer,6059.98,11/28/2022,Fall
9543,9544,2071,Transfer,3703.54,11/17/2022,Fall
9544,9545,2585,Withdrawal,8045.98,2/19/2025,Winter
9545,9546,1282,Deposit,2482.5,7/6/2024,Summer
9546,9547,4284,Transfer,8926.76,1/29/2024,Winter
9547,9548,228,Withdrawal,7094.69,3/23/2024,Spring
9548,9549,2726,Transfer,4840.73,8/25/2024,Summer
9549,9550,2152,Transfer,3567.59,1/24/2024,Winter
9550,9551,3472,Withdrawal,805.8,11/2/2023,Fall
9551,9552,2940,Deposit,1051.71,1/25/2023,Winter
9552,9553,262,Withdrawal,9125.4,5/6/2025,Spring
9553,9554,2673,Payment,7087.36,4/21/2024,Spring
9554,9555,2086,Payment,4106.42,3/22/2024,Spring
9555,9556,3519,Deposit,4071.91,3/12/2025,Spring
9556,9557,4693,Deposit,389.04,7/23/2024,Summer
9557,9558,3940,Deposit,9332.09,1/22/2025,Winter
9558,9559,3128,Transfer,4673.29,7/6/2022,Summer
9559,9560,3801,Transfer,4704.51,4/14/2025,Spring
9560,9561,4206,Payment,4289.22,6/3/2024,Summer
9561,9562,185,Deposit,9692.62,11/20/2024,Fall
9562,9563,3404,Payment,9938.93,12/18/2022,Winter
9563,9564,57,Transfer,4623.89,9/3/2023,Fall
9564,9565,460,Payment,1879.98,6/15/2023,Summer
9565,9566,216,Withdrawal,7236.91,1/25/2025,Winter
9566,9567,3766,Deposit,441.98,10/21/2023,Fall
9567,9568,3828,Payment,9146.58,6/10/2023,Summer
9568,9569,2702,Withdrawal,1991.68,9/11/2024,Fall
9569,9570,889,Transfer,6439.87,9/25/2023,Fall
9570,9571,4546,Deposit,7153.57,11/7/2022,Fall
9571,9572,1208,Transfer,7342.39,2/20/2023,Winter
9572,9573,3331,Deposit,6401.04,12/1/2022,Winter
9573,9574,3018,Withdrawal,9664.5,10/19/2023,Fall
9574,9575,314,Withdrawal,624.07,6/24/2023,Summer
9575,9576,3704,Transfer,631.02,10/28/2024,Fall
9576,9577,2473,Withdrawal,1024.04,3/28/2023,Spring
9577,9578,4433,Withdrawal,4315.46,4/27/2024,Spring
9578,9579,1943,Withdrawal,2393.2,8/21/2024,Summer
9579,9580,1913,Transfer,5273.77,6/23/2023,Summer
9580,9581,1398,Transfer,1077.37,2/22/2024,Winter
9581,9582,1476,Withdrawal,258.32,4/6/2025,Spring
9582,9583,3354,Deposit,547.87,11/5/2023,Fall
9583,9584,402,Payment,3899.41,9/22/2024,Fall
9584,9585,220,Deposit,5313.47,9/26/2024,Fall
9585,9586,1710,Transfer,2608.74,1/9/2025,Winter
9586,9587,534,Payment,9349.88,3/7/2025,Spring
9587,9588,1689,Transfer,4103.63,8/5/2024,Summer
9588,9589,4452,Transfer,9637.7,1/14/2024,Winter
9589,9590,1686,Deposit,3520.35,10/4/2023,Fall
9590,9591,2361,Withdrawal,8898.46,7/27/2022,Summer
9591,9592,975,Transfer,3833.07,12/22/2023,Winter
9592,9593,4385,Transfer,1866.2,7/22/2022,Summer
9593,9594,3565,Transfer,7594.05,8/31/2022,Summer
9594,9595,3095,Payment,2665.11,1/22/2025,Winter
9595,9596,4765,Transfer,6730.89,12/2/2022,Winter
9596,9597,1265,Payment,7938.59,9/8/2024,Fall
9597,9598,2980,Transfer,1118.22,6/15/2023,Summer
9598,9599,1306,Payment,5972.08,10/2/2022,Fall
9599,9600,2416,Payment,4102.12,2/3/2023,Winter
9600,9601,185,Withdrawal,8719.3,6/5/2024,Summer
9601,9602,3724,Deposit,3473.02,12/12/2022,Winter
9602,9603,1654,Withdrawal,3618.25,12/31/2022,Winter
9603,9604,1640,Withdrawal,7381.25,5/31/2023,Spring
9604,9605,1955,Deposit,6413.33,4/2/2025,Spring
9605,9606,481,Payment,4534.04,7/21/2024,Summer
9606,9607,2157,Deposit,8927.67,11/11/2023,Fall
9607,9608,3039,Payment,8742.81,1/14/2025,Winter
9608,9609,3963,Payment,5722.53,11/10/2022,Fall
9609,9610,4128,Payment,8867.63,12/27/2022,Winter
9610,9611,1418,Payment,5681.68,1/15/2023,Winter
9611,9612,2097,Deposit,8022.32,12/9/2024,Winter
9612,9613,1796,Deposit,2471.27,4/17/2024,Spring
9613,9614,3840,Deposit,2358.55,2/14/2024,Winter
9614,9615,3825,Deposit,4824.2,7/14/2024,Summer
9615,9616,4433,Deposit,3344.52,3/6/2024,Spring
9616,9617,2811,Payment,8791.41,11/22/2023,Fall
9617,9618,2705,Payment,5608.41,10/28/2023,Fall
9618,9619,3934,Payment,3912.93,10/13/2023,Fall
9619,9620,2574,Payment,2273.86,7/31/2022,Summer
9620,9621,1878,Payment,3683.37,1/1/2024,Winter
9621,9622,3005,Deposit,3400.36,1/3/2025,Winter
9622,9623,4918,Transfer,1370.37,7/25/2022,Summer
9623,9624,149,Transfer,7848.54,3/26/2025,Spring
9624,9625,2592,Deposit,7107.71,7/24/2024,Summer
9625,9626,86,Payment,3515.29,2/15/2023,Winter
9626,9627,1861,Deposit,8198.19,7/8/2023,Summer
9627,9628,1322,Withdrawal,9055.17,12/15/2024,Winter
9628,9629,4037,Deposit,3004.93,12/25/2022,Winter
9629,9630,4693,Withdrawal,7165.33,9/2/2024,Fall
9630,9631,2909,Withdrawal,7450.87,6/1/2024,Summer
9631,9632,1530,Deposit,1618.77,9/6/2022,Fall
9632,9633,906,Transfer,3129.47,11/18/2022,Fall
9633,9634,1048,Deposit,2553.68,6/12/2022,Summer
9634,9635,2366,Withdrawal,6303.1,4/24/2025,Spring
9635,9636,3006,Withdrawal,8264.83,10/29/2023,Fall
9636,9637,558,Transfer,5105.39,7/20/2024,Summer
9637,9638,1231,Withdrawal,4443.61,7/2/2024,Summer
9638,9639,3136,Withdrawal,9961.61,5/4/2024,Spring
9639,9640,3212,Withdrawal,3342.72,1/1/2025,Winter
9640,9641,958,Deposit,9497.46,6/4/2023,Summer
9641,9642,707,Withdrawal,875.56,10/9/2024,Fall
9642,9643,3669,Transfer,5945.29,3/7/2025,Spring
9643,9644,1150,Deposit,3856.83,8/25/2023,Summer
9644,9645,665,Payment,2774.28,7/30/2023,Summer
9645,9646,513,Deposit,4034.51,9/29/2023,Fall
9646,9647,2954,Withdrawal,7099.7,6/4/2023,Summer
9647,9648,2530,Payment,4588.27,5/21/2024,Spring
9648,9649,4570,Transfer,7198.37,8/1/2022,Summer
9649,9650,2731,Deposit,230.23,6/24/2023,Summer
9650,9651,466,Transfer,3363.75,3/18/2025,Spring
9651,9652,4199,Payment,4423.56,3/22/2024,Spring
9652,9653,2981,Transfer,7843.68,12/15/2024,Winter
9653,9654,4192,Deposit,2260.48,5/14/2023,Spring
9654,9655,2022,Transfer,9910.03,12/16/2024,Winter
9655,9656,2981,Withdrawal,6887.14,11/25/2022,Fall
9656,9657,3107,Deposit,2592.43,9/9/2022,Fall
9657,9658,4459,Deposit,3651.72,6/20/2024,Summer
9658,9659,1209,Withdrawal,4128.15,4/27/2024,Spring
9659,9660,3935,Withdrawal,4902.53,4/17/2025,Spring
9660,9661,4771,Withdrawal,8647.82,8/17/2022,Summer
9661,9662,1480,Deposit,1099.56,1/16/2024,Winter
9662,9663,4700,Deposit,3958.44,5/20/2023,Spring
9663,9664,3884,Transfer,6281.66,7/29/2024,Summer
9664,9665,2421,Payment,865.44,2/1/2023,Winter
9665,9666,240,Withdrawal,8131.3,8/28/2024,Summer
9666,9667,2245,Withdrawal,3757.68,7/8/2022,Summer
9667,9668,460,Deposit,2403.66,5/22/2023,Spring
9668,9669,2268,Transfer,6898.96,3/12/2024,Spring
9669,9670,4669,Deposit,7776.19,11/23/2023,Fall
9670,9671,460,Deposit,9848.76,5/14/2024,Spring
9671,9672,3924,Transfer,1037.5,10/28/2022,Fall
9672,9673,3650,Transfer,8000.22,2/26/2023,Winter
9673,9674,1545,Payment,759.89,6/8/2022,Summer
9674,9675,2575,Transfer,5425.47,5/11/2023,Spring
9675,9676,434,Withdrawal,2093.24,9/11/2024,Fall
9676,9677,3209,Payment,3109.33,1/1/2025,Winter
9677,9678,468,Deposit,1760.88,11/3/2023,Fall
9678,9679,1957,Withdrawal,142.89,5/26/2023,Spring
9679,9680,436,Payment,4751.9,7/7/2023,Summer
9680,9681,4198,Payment,5963.28,11/13/2023,Fall
9681,9682,295,Transfer,8403.33,2/15/2025,Winter
9682,9683,4009,Deposit,1600.14,2/6/2023,Winter
9683,9684,4284,Withdrawal,9059.3,4/15/2024,Spring
9684,9685,4019,Withdrawal,1164.12,5/18/2022,Spring
9685,9686,725,Deposit,9565.65,11/26/2024,Fall
9686,9687,1420,Transfer,5761.49,8/16/2024,Summer
9687,9688,3577,Transfer,9693.04,12/29/2024,Winter
9688,9689,168,Withdrawal,1778.25,12/12/2023,Winter
9689,9690,4066,Transfer,7851.93,2/2/2024,Winter
9690,9691,70,Transfer,9252.99,6/29/2024,Summer
9691,9692,495,Transfer,6613.71,9/19/2022,Fall
9692,9693,3614,Deposit,1226.1,5/5/2025,Spring
9693,9694,989,Deposit,2541.2,1/5/2023,Winter
9694,9695,1038,Payment,9526.25,3/4/2023,Spring
9695,9696,4796,Deposit,859.24,12/6/2024,Winter
9696,9697,2729,Deposit,9865.87,9/6/2022,Fall
9697,9698,1703,Transfer,2605.34,5/3/2025,Spring
9698,9699,111,Payment,8776.34,10/18/2024,Fall
9699,9700,3274,Transfer,5420.36,3/14/2024,Spring
9700,9701,3036,Deposit,5451.34,4/4/2023,Spring
9701,9702,2828,Payment,6035.58,4/12/2024,Spring
9702,9703,2464,Payment,6769.24,5/8/2024,Spring
9703,9704,4372,Transfer,1542.47,7/21/2024,Summer
9704,9705,3178,Deposit,9229.43,12/18/2023,Winter
9705,9706,581,Withdrawal,9528.06,5/17/2022,Spring
9706,9707,3593,Withdrawal,4138.5,6/18/2023,Summer
9707,9708,4199,Transfer,1781.47,9/11/2023,Fall
9708,9709,4512,Deposit,576.8,3/5/2025,Spring
9709,9710,78,Deposit,155.86,12/6/2024,Winter
9710,9711,3512,Deposit,5378.29,4/26/2025,Spring
9711,9712,2023,Deposit,8381.82,8/8/2024,Summer
9712,9713,4770,Deposit,739.8,3/24/2023,Spring
9713,9714,1869,Withdrawal,8964.16,12/13/2023,Winter
9714,9715,1758,Withdrawal,9973.46,6/26/2024,Summer
9715,9716,3302,Payment,9607.95,2/7/2023,Winter
9716,9717,3205,Payment,3419.42,6/4/2022,Summer
9717,9718,1120,Withdrawal,7263.62,1/12/2023,Winter
9718,9719,4472,Payment,2540.49,7/15/2024,Summer
9719,9720,2327,Transfer,8154.63,7/24/2023,Summer
9720,9721,3053,Deposit,8450.64,1/3/2024,Winter
9721,9722,1474,Withdrawal,5336.21,2/19/2023,Winter
9722,9723,3566,Withdrawal,5433.74,3/29/2023,Spring
9723,9724,4094,Transfer,6812.39,4/27/2024,Spring
9724,9725,1428,Payment,4171.39,2/24/2023,Winter
9725,9726,556,Transfer,9995.83,1/20/2023,Winter
9726,9727,542,Transfer,9232.06,12/31/2023,Winter
9727,9728,4070,Transfer,4794.66,11/9/2022,Fall
9728,9729,2000,Payment,3376.24,6/29/2022,Summer
9729,9730,1729,Payment,4291.53,5/19/2022,Spring
9730,9731,2071,Withdrawal,2779.48,8/2/2023,Summer
9731,9732,126,Payment,7020.88,5/24/2023,Spring
9732,9733,3805,Deposit,9185.81,2/21/2024,Winter
9733,9734,1431,Deposit,5701.35,3/26/2024,Spring
9734,9735,3357,Transfer,5693.38,9/10/2024,Fall
9735,9736,755,Payment,3049.75,9/13/2024,Fall
9736,9737,840,Withdrawal,6728.76,1/7/2024,Winter
9737,9738,975,Payment,9825.96,7/26/2024,Summer
9738,9739,2723,Deposit,2562.44,7/23/2023,Summer
9739,9740,2431,Transfer,7332.02,10/30/2024,Fall
9740,9741,76,Withdrawal,737.16,7/7/2022,Summer
9741,9742,1801,Deposit,8452.91,1/18/2023,Winter
9742,9743,1197,Withdrawal,2907.62,1/7/2024,Winter
9743,9744,4647,Transfer,7572.39,12/19/2024,Winter
9744,9745,160,Transfer,8113.46,11/26/2024,Fall
9745,9746,2782,Payment,8240.28,11/3/2023,Fall
9746,9747,3306,Withdrawal,1152.79,6/14/2023,Summer
9747,9748,3293,Payment,2970.82,11/29/2024,Fall
9748,9749,2166,Deposit,2781.6,5/29/2024,Spring
9749,9750,2976,Payment,3608.45,8/9/2022,Summer
9750,9751,1515,Withdrawal,2980.26,3/14/2023,Spring
9751,9752,1855,Withdrawal,5155.72,6/4/2024,Summer
9752,9753,2732,Deposit,5495.98,4/19/2023,Spring
9753,9754,1058,Payment,2630.23,10/27/2023,Fall
9754,9755,3513,Withdrawal,5499.24,4/2/2024,Spring
9755,9756,2152,Deposit,1512.04,4/7/2025,Spring
9756,9757,1009,Transfer,3106.44,12/20/2023,Winter
9757,9758,3240,Deposit,4849.99,2/25/2023,Winter
9758,9759,3062,Transfer,1834.4,2/25/2023,Winter
9759,9760,4325,Payment,9027.86,3/30/2025,Spring
9760,9761,2308,Withdrawal,3352.05,9/23/2022,Fall
9761,9762,4725,Payment,6616.76,6/22/2022,Summer
9762,9763,1920,Payment,6047.05,10/17/2022,Fall
9763,9764,3461,Payment,4664.36,3/2/2024,Spring
9764,9765,2786,Withdrawal,1846.88,5/15/2024,Spring
9765,9766,3525,Deposit,3872.51,10/2/2023,Fall
9766,9767,354,Transfer,4376.67,12/19/2024,Winter
9767,9768,3874,Transfer,7109.78,11/9/2024,Fall
9768,9769,3271,Payment,9101.43,7/7/2024,Summer
9769,9770,1827,Transfer,6347.41,12/6/2022,Winter
9770,9771,2013,Deposit,5824.15,4/26/2025,Spring
9771,9772,3717,Withdrawal,7777.44,3/4/2023,Spring
9772,9773,3132,Transfer,716.83,5/9/2024,Spring
9773,9774,1407,Withdrawal,6166.36,2/20/2025,Winter
9774,9775,2259,Deposit,795.76,1/27/2025,Winter
9775,9776,1666,Deposit,6598.23,1/24/2023,Winter
9776,9777,1853,Payment,5352.29,6/1/2022,Summer
9777,9778,1545,Payment,9098.94,10/22/2024,Fall
9778,9779,4915,Withdrawal,167.2,6/4/2022,Summer
9779,9780,418,Withdrawal,848.32,1/29/2025,Winter
9780,9781,3088,Deposit,87.15,4/12/2025,Spring
9781,9782,4341,Transfer,4336.58,2/12/2023,Winter
9782,9783,8,Deposit,4021.37,7/1/2022,Summer
9783,9784,1308,Transfer,8649.44,1/20/2024,Winter
9784,9785,3579,Withdrawal,7947.95,7/25/2024,Summer
9785,9786,88,Withdrawal,4340.73,8/7/2022,Summer
9786,9787,3420,Payment,3317.61,2/1/2023,Winter
9787,9788,2911,Payment,8100.04,1/26/2025,Winter
9788,9789,1162,Withdrawal,4362.4,7/15/2024,Summer
9789,9790,4675,Deposit,5735.66,9/26/2023,Fall
9790,9791,3491,Payment,1495.3,10/9/2022,Fall
9791,9792,4324,Withdrawal,2584.09,5/9/2024,Spring
9792,9793,3241,Transfer,9564.36,10/5/2022,Fall
9793,9794,1472,Deposit,5901.82,12/29/2024,Winter
9794,9795,3003,Deposit,7041.09,1/14/2025,Winter
9795,9796,833,Payment,9822.81,5/1/2025,Spring
9796,9797,901,Withdrawal,4833.61,11/7/2024,Fall
9797,9798,764,Withdrawal,6620.8,12/5/2023,Winter
9798,9799,250,Transfer,4750.2,12/20/2024,Winter
9799,9800,2268,Deposit,80.38,7/14/2022,Summer
9800,9801,4808,Payment,6065.36,8/14/2022,Summer
9801,9802,1251,Withdrawal,4852.8,1/24/2023,Winter
9802,9803,3006,Deposit,3282.53,6/7/2022,Summer
9803,9804,4421,Deposit,9333.6,4/8/2024,Spring
9804,9805,2909,Payment,5032.71,11/22/2024,Fall
9805,9806,3862,Payment,6740.21,10/8/2024,Fall
9806,9807,1724,Deposit,7639.12,11/1/2022,Fall
9807,9808,1116,Transfer,3230.38,3/8/2023,Spring
9808,9809,712,Transfer,5094.07,2/20/2025,Winter
9809,9810,4271,Transfer,4937.21,1/9/2023,Winter
9810,9811,1382,Withdrawal,5723.98,11/17/2023,Fall
9811,9812,1411,Withdrawal,7010.97,11/3/2024,Fall
9812,9813,3001,Transfer,9128.08,3/24/2024,Spring
9813,9814,4087,Payment,3163.42,9/15/2024,Fall
9814,9815,1091,Withdrawal,1843.94,6/2/2023,Summer
9815,9816,3001,Deposit,3706.03,4/23/2024,Spring
9816,9817,4020,Transfer,9469.28,5/7/2025,Spring
9817,9818,1545,Deposit,2921.57,5/26/2023,Spring
9818,9819,4491,Payment,1182.88,7/9/2024,Summer
9819,9820,3943,Payment,7325.29,8/8/2022,Summer
9820,9821,3240,Transfer,9385.7,5/15/2024,Spring
9821,9822,1147,Payment,6696.29,1/24/2023,Winter
9822,9823,2030,Deposit,42.2,2/19/2023,Winter
9823,9824,1014,Withdrawal,5082.22,7/29/2023,Summer
9824,9825,829,Transfer,6670.14,9/24/2024,Fall
9825,9826,192,Withdrawal,6938.17,1/13/2024,Winter
9826,9827,2904,Deposit,2243.79,12/11/2024,Winter
9827,9828,936,Payment,7298.61,3/3/2024,Spring
9828,9829,4990,Withdrawal,8631.99,6/19/2024,Summer
9829,9830,3445,Payment,6926.88,7/5/2023,Summer
9830,9831,868,Withdrawal,9865.85,6/1/2023,Summer
9831,9832,3173,Deposit,8076.58,7/30/2022,Summer
9832,9833,3393,Transfer,2263.98,10/14/2024,Fall
9833,9834,2820,Payment,491.75,4/20/2025,Spring
9834,9835,565,Deposit,16.07,7/7/2023,Summer
9835,9836,1287,Withdrawal,3958.96,8/20/2022,Summer
9836,9837,4991,Withdrawal,1846.78,2/14/2025,Winter
9837,9838,2521,Transfer,3226.05,4/15/2025,Spring
9838,9839,687,Payment,1510.72,6/16/2024,Summer
9839,9840,2188,Payment,4423.97,4/12/2023,Spring
9840,9841,577,Deposit,59.74,4/28/2024,Spring
9841,9842,184,Withdrawal,2439.89,2/1/2023,Winter
9842,9843,3849,Deposit,5235.7,1/19/2023,Winter
9843,9844,718,Deposit,9828.9,1/3/2025,Winter
9844,9845,3192,Withdrawal,9808.37,4/20/2025,Spring
9845,9846,4039,Transfer,7934.37,9/12/2024,Fall
9846,9847,3082,Withdrawal,5472.18,1/6/2023,Winter
9847,9848,172,Deposit,8345.15,2/5/2024,Winter
9848,9849,4254,Withdrawal,785.31,11/17/2024,Fall
9849,9850,187,Deposit,5293.95,9/3/2022,Fall
9850,9851,1111,Transfer,2813.2,8/12/2024,Summer
9851,9852,2271,Deposit,5207.45,3/12/2025,Spring
9852,9853,46,Transfer,4618.65,3/27/2024,Spring
9853,9854,379,Withdrawal,7753,10/25/2023,Fall
9854,9855,3141,Payment,2462.01,9/9/2023,Fall
9855,9856,4972,Deposit,6062.86,12/22/2024,Winter
9856,9857,1219,Transfer,8685.02,3/1/2025,Spring
9857,9858,4282,Payment,7888.63,6/14/2023,Summer
9858,9859,4144,Payment,976.7,5/30/2024,Spring
9859,9860,1980,Transfer,6668.44,6/27/2022,Summer
9860,9861,4533,Payment,1873.16,5/23/2024,Spring
9861,9862,2111,Transfer,1975.06,1/29/2023,Winter
9862,9863,2315,Withdrawal,4348.28,1/31/2023,Winter
9863,9864,3320,Payment,3346.98,6/13/2024,Summer
9864,9865,4877,Withdrawal,1744.38,10/13/2024,Fall
9865,9866,4916,Transfer,8272.91,11/24/2024,Fall
9866,9867,2039,Withdrawal,9973.66,11/19/2022,Fall
9867,9868,4113,Transfer,7246.06,7/23/2024,Summer
9868,9869,1473,Transfer,7563.16,7/11/2023,Summer
9869,9870,2394,Withdrawal,3620.15,9/12/2022,Fall
9870,9871,2774,Deposit,8542.31,2/6/2025,Winter
9871,9872,4961,Transfer,9349.96,9/14/2024,Fall
9872,9873,2820,Withdrawal,1195.22,8/21/2022,Summer
9873,9874,1163,Payment,2843.1,3/24/2025,Spring
9874,9875,2909,Transfer,3305.58,6/23/2023,Summer
9875,9876,2165,Withdrawal,6241.4,3/17/2025,Spring
9876,9877,3742,Transfer,5354.63,12/15/2022,Winter
9877,9878,3132,Payment,3362.33,12/6/2022,Winter
9878,9879,523,Withdrawal,4445.43,5/7/2025,Spring
9879,9880,635,Payment,7962.04,8/11/2024,Summer
9880,9881,4381,Transfer,6014.54,12/13/2024,Winter
9881,9882,4914,Transfer,8451.02,9/13/2023,Fall
9882,9883,3150,Withdrawal,8117.87,10/16/2023,Fall
9883,9884,2163,Deposit,2859.48,10/23/2024,Fall
9884,9885,918,Withdrawal,9788.27,11/17/2024,Fall
9885,9886,3251,Withdrawal,354.47,9/7/2022,Fall
9886,9887,2864,Withdrawal,5466.02,6/24/2022,Summer
9887,9888,3096,Withdrawal,5212.66,10/5/2024,Fall
9888,9889,577,Withdrawal,2913.62,9/26/2022,Fall
9889,9890,73,Payment,514.74,10/26/2024,Fall
9890,9891,3318,Deposit,4738.76,11/17/2023,Fall
9891,9892,1735,Transfer,3885.84,6/7/2023,Summer
9892,9893,4227,Deposit,505.76,12/27/2023,Winter
9893,9894,829,Payment,1472.05,10/19/2023,Fall
9894,9895,4307,Transfer,5310.66,4/29/2023,Spring
9895,9896,1887,Transfer,9859.97,5/8/2024,Spring
9896,9897,67,Withdrawal,5336.26,2/3/2023,Winter
9897,9898,4721,Transfer,3939.54,3/2/2025,Spring
9898,9899,276,Payment,5310.47,10/26/2024,Fall
9899,9900,3286,Deposit,3876.02,6/8/2022,Summer
9900,9901,1153,Transfer,4819.01,11/11/2022,Fall
9901,9902,2036,Deposit,9161.8,4/15/2025,Spring
9902,9903,2247,Deposit,4391.83,3/17/2024,Spring
9903,9904,1501,Deposit,3089.69,5/20/2023,Spring
9904,9905,3487,Transfer,4378.54,1/14/2023,Winter
9905,9906,296,Withdrawal,3597.55,2/10/2024,Winter
9906,9907,1273,Withdrawal,5304.61,11/10/2022,Fall
9907,9908,2160,Withdrawal,4039.49,6/13/2024,Summer
9908,9909,2733,Payment,8881.99,11/2/2022,Fall
9909,9910,1147,Withdrawal,4923.59,5/20/2023,Spring
9910,9911,247,Deposit,8251.45,3/21/2023,Spring
9911,9912,3856,Withdrawal,9695.79,12/24/2024,Winter
9912,9913,1931,Deposit,1881.87,7/17/2023,Summer
9913,9914,3116,Transfer,3221.84,3/31/2024,Spring
9914,9915,1479,Withdrawal,4496.46,8/7/2022,Summer
9915,9916,3464,Transfer,8659.22,10/24/2022,Fall
9916,9917,1827,Deposit,2400.92,12/6/2022,Winter
9917,9918,444,Withdrawal,8826.5,7/21/2022,Summer
9918,9919,2676,Payment,8568.96,5/18/2024,Spring
9919,9920,3773,Deposit,3270.26,1/20/2023,Winter
9920,9921,4463,Payment,9186.02,7/24/2023,Summer
9921,9922,1852,Payment,7929.29,7/25/2023,Summer
9922,9923,2023,Transfer,896.86,6/19/2022,Summer
9923,9924,1388,Transfer,2833.1,6/10/2023,Summer
9924,9925,608,Withdrawal,9125.3,3/21/2025,Spring
9925,9926,1501,Deposit,1853.77,2/12/2025,Winter
9926,9927,3607,Transfer,5518.76,5/4/2023,Spring
9927,9928,1298,Deposit,8057.87,2/5/2025,Winter
9928,9929,2857,Transfer,4279.11,9/17/2022,Fall
9929,9930,242,Payment,6137.02,4/27/2024,Spring
9930,9931,3358,Withdrawal,6195.28,5/4/2023,Spring
9931,9932,10,Transfer,2798.75,9/18/2023,Fall
9932,9933,3129,Withdrawal,5688.39,9/9/2022,Fall
9933,9934,1990,Deposit,3794.82,10/31/2023,Fall
9934,9935,2449,Payment,3200.32,6/16/2023,Summer
9935,9936,883,Payment,4703.26,2/21/2024,Winter
9936,9937,1368,Deposit,8259.65,5/29/2024,Spring
9937,9938,2365,Transfer,5017,5/12/2023,Spring
9938,9939,1193,Transfer,9575.98,5/7/2025,Spring
9939,9940,2949,Payment,9720.55,12/4/2023,Winter
9940,9941,4329,Transfer,7429.38,8/20/2022,Summer
9941,9942,4174,Withdrawal,3269.44,8/23/2022,Summer
9942,9943,4687,Payment,7574.54,10/22/2024,Fall
9943,9944,4147,Deposit,9611.08,10/21/2023,Fall
9944,9945,2923,Withdrawal,3685.39,11/2/2022,Fall
9945,9946,2739,Withdrawal,7236.11,9/28/2023,Fall
9946,9947,1019,Withdrawal,1904.58,4/17/2025,Spring
9947,9948,2703,Payment,8333.63,8/19/2023,Summer
9948,9949,352,Withdrawal,5565,5/14/2023,Spring
9949,9950,754,Transfer,6220.83,8/9/2024,Summer
9950,9951,4494,Transfer,6491.46,9/7/2023,Fall
9951,9952,3814,Transfer,6197.76,1/25/2023,Winter
9952,9953,1627,Transfer,2786.94,12/18/2023,Winter
9953,9954,3135,Payment,324.64,3/6/2024,Spring
9954,9955,4254,Transfer,7580.62,7/29/2024,Summer
9955,9956,657,Deposit,1149.33,6/16/2024,Summer
9956,9957,430,Deposit,9632.36,11/29/2023,Fall
9957,9958,4335,Withdrawal,102.4,6/1/2022,Summer
9958,9959,3527,Transfer,4565.56,9/7/2023,Fall
9959,9960,580,Deposit,1242.54,11/13/2024,Fall
9960,9961,3987,Payment,2197.97,11/27/2022,Fall
9961,9962,2404,Deposit,24.37,10/16/2023,Fall
9962,9963,4703,Transfer,8258.06,8/22/2024,Summer
9963,9964,4237,Deposit,4278.12,11/15/2024,Fall
9964,9965,795,Withdrawal,3079.8,7/4/2023,Summer
9965,9966,812,Payment,7859.58,3/29/2024,Spring
9966,9967,1948,Deposit,7442.89,4/1/2023,Spring
9967,9968,1498,Transfer,2380.56,12/13/2024,Winter
9968,9969,891,Withdrawal,2035.64,4/23/2023,Spring
9969,9970,3599,Transfer,7665.36,10/4/2024,Fall
9970,9971,532,Withdrawal,8450.87,4/9/2025,Spring
9971,9972,1142,Withdrawal,2875.64,5/14/2022,Spring
9972,9973,3073,Transfer,435.01,12/29/2024,Winter
9973,9974,2839,Payment,8748.06,4/9/2024,Spring
9974,9975,3278,Payment,5016.22,1/27/2025,Winter
9975,9976,3099,Deposit,1064.52,11/29/2023,Fall
9976,9977,1998,Transfer,9416.85,8/10/2024,Summer
9977,9978,2194,Deposit,3406.34,5/7/2023,Spring
9978,9979,382,Withdrawal,3728.19,9/28/2023,Fall
9979,9980,1178,Deposit,9249.69,11/25/2023,Fall
9980,9981,36,Deposit,681.8,11/11/2023,Fall
9981,9982,2772,Withdrawal,2255.37,7/4/2024,Summer
9982,9983,3072,Payment,8439.4,12/9/2023,Winter
9983,9984,4487,Withdrawal,66.88,8/30/2023,Summer
9984,9985,2964,Transfer,8638.25,5/14/2024,Spring
9985,9986,3124,Transfer,9669.65,12/13/2024,Winter
9986,9987,4386,Payment,1010.94,12/31/2024,Winter
9987,9988,4260,Transfer,6994.11,10/13/2023,Fall
9988,9989,2684,Transfer,5856.24,4/1/2024,Spring
9989,9990,3040,Withdrawal,7459.72,7/25/2024,Summer
9990,9991,2786,Deposit,9896.65,8/10/2023,Summer
9991,9992,3578,Withdrawal,4793.2,3/29/2025,Spring
9992,9993,2842,Withdrawal,2483.64,12/17/2022,Winter
9993,9994,1942,Transfer,7750.52,4/21/2023,Spring
9994,9995,1655,Transfer,9038.77,4/20/2023,Spring
9995,9996,4124,Deposit,2055.63,1/31/2023,Winter
9996,9997,3424,Payment,3019.84,8/11/2024,Summer
9997,9998,731,Withdrawal,8387.77,11/22/2022,Fall
9998,9999,676,Transfer,6198.96,1/11/2025,Winter
9999,10000,3264,Transfer,2810.16,5/31/2024,Spring
10000,10001,591,Withdrawal,6652.43,6/30/2024,Summer
10001,10002,4008,Deposit,9504.61,3/19/2023,Spring
10002,10003,95,Deposit,1111.1,8/19/2023,Summer
10003,10004,2260,Transfer,1211.07,5/25/2022,Spring
10004,10005,2711,Transfer,8262.97,11/18/2024,Fall
10005,10006,1568,Transfer,7368.16,9/4/2022,Fall
10006,10007,2678,Payment,2516.35,10/8/2023,Fall
10007,10008,3904,Payment,1598.79,12/10/2024,Winter
10008,10009,3730,Withdrawal,699.74,1/12/2024,Winter
10009,10010,2628,Withdrawal,8464.12,12/11/2024,Winter
10010,10011,3126,Payment,4667.36,4/14/2023,Spring
10011,10012,394,Payment,5019.47,10/14/2024,Fall
10012,10013,3481,Withdrawal,8722.31,4/20/2025,Spring
10013,10014,267,Payment,9673.31,8/5/2023,Summer
10014,10015,2694,Payment,3522.62,2/19/2024,Winter
10015,10016,1503,Transfer,6587.93,12/23/2023,Winter
10016,10017,4635,Withdrawal,8047.94,10/6/2022,Fall
10017,10018,1091,Transfer,8521.36,10/9/2024,Fall
10018,10019,2924,Withdrawal,709.45,1/8/2025,Winter
10019,10020,1704,Withdrawal,2157.35,3/30/2023,Spring
10020,10021,773,Deposit,8144.55,10/12/2022,Fall
10021,10022,4995,Withdrawal,5065.9,10/22/2024,Fall
10022,10023,3955,Payment,8597.73,4/2/2024,Spring
10023,10024,4745,Withdrawal,9375.05,8/21/2023,Summer
10024,10025,2504,Transfer,6806.96,12/14/2023,Winter
10025,10026,4668,Deposit,3870.7,10/31/2022,Fall
10026,10027,4113,Deposit,7698.86,6/8/2023,Summer
10027,10028,2225,Payment,9764.34,6/6/2024,Summer
10028,10029,901,Transfer,9131.34,4/5/2025,Spring
10029,10030,2869,Withdrawal,2154.16,5/26/2024,Spring
10030,10031,2670,Payment,4915.96,1/24/2025,Winter
10031,10032,2936,Payment,2168.59,5/1/2024,Spring
10032,10033,3646,Deposit,8814.41,3/22/2025,Spring
10033,10034,457,Deposit,7968.07,6/1/2022,Summer
10034,10035,1110,Transfer,7426.82,10/26/2023,Fall
10035,10036,3122,Payment,770.76,5/1/2023,Spring
10036,10037,2764,Deposit,8724.8,3/21/2023,Spring
10037,10038,1376,Withdrawal,4636.01,2/3/2024,Winter
10038,10039,4299,Withdrawal,1504.9,9/13/2022,Fall
10039,10040,4890,Payment,7614.44,4/15/2023,Spring
10040,10041,4563,Transfer,6230.35,7/16/2024,Summer
10041,10042,1997,Transfer,2260.18,10/12/2023,Fall
10042,10043,258,Transfer,9504.29,4/30/2024,Spring
10043,10044,302,Transfer,16.1,3/14/2025,Spring
10044,10045,2505,Deposit,1236.87,3/30/2025,Spring
10045,10046,2406,Deposit,4879.07,10/22/2024,Fall
10046,10047,4912,Deposit,3269.43,10/6/2024,Fall
10047,10048,3201,Payment,5137.67,2/21/2025,Winter
10048,10049,4906,Payment,9554.59,5/16/2023,Spring
10049,10050,2646,Deposit,7802.62,9/6/2022,Fall
10050,10051,119,Transfer,4486.49,9/24/2022,Fall
10051,10052,2160,Withdrawal,2230.42,9/18/2022,Fall
10052,10053,1917,Deposit,4429.04,1/10/2024,Winter
10053,10054,431,Payment,3209.58,9/29/2024,Fall
10054,10055,4679,Deposit,8115.23,8/13/2023,Summer
10055,10056,3847,Transfer,7354.7,8/12/2022,Summer
10056,10057,3454,Withdrawal,437.43,8/3/2022,Summer
10057,10058,2186,Payment,6767.67,3/12/2025,Spring
10058,10059,2691,Withdrawal,5155.8,12/17/2023,Winter
10059,10060,656,Transfer,2928.28,10/25/2022,Fall
10060,10061,3692,Transfer,3284.14,10/4/2023,Fall
10061,10062,4885,Deposit,3352.87,1/8/2024,Winter
10062,10063,4448,Payment,706.1,12/27/2022,Winter
10063,10064,414,Withdrawal,7960.7,10/4/2024,Fall
10064,10065,674,Withdrawal,4569.95,7/25/2023,Summer
10065,10066,1852,Payment,1635.59,12/15/2022,Winter
10066,10067,4999,Transfer,8385.77,12/24/2022,Winter
10067,10068,3928,Deposit,4776.7,1/8/2023,Winter
10068,10069,4436,Transfer,7056.39,5/25/2023,Spring
10069,10070,646,Deposit,6106.85,3/8/2023,Spring
10070,10071,1512,Withdrawal,6450.73,4/17/2023,Spring
10071,10072,4734,Payment,4182.49,2/13/2024,Winter
10072,10073,749,Deposit,1870.82,12/1/2024,Winter
10073,10074,807,Withdrawal,8098.96,6/13/2024,Summer
10074,10075,1290,Transfer,6616.21,11/6/2022,Fall
10075,10076,2439,Withdrawal,364.2,6/7/2024,Summer
10076,10077,4361,Payment,5896.8,11/10/2023,Fall
10077,10078,2039,Payment,6852.7,3/23/2025,Spring
10078,10079,2592,Payment,3519.59,9/1/2022,Fall
10079,10080,2895,Deposit,3299.75,7/4/2024,Summer
10080,10081,2377,Payment,2161.96,8/28/2023,Summer
10081,10082,162,Payment,373.86,10/23/2024,Fall
10082,10083,3190,Payment,5720.52,5/7/2023,Spring
10083,10084,1695,Deposit,757.01,12/19/2024,Winter
10084,10085,59,Deposit,4702.59,7/25/2022,Summer
10085,10086,4998,Withdrawal,8108.28,6/14/2022,Summer
10086,10087,894,Payment,1041.05,12/20/2024,Winter
10087,10088,4889,Withdrawal,3484.9,4/17/2024,Spring
10088,10089,13,Withdrawal,7998.08,12/2/2022,Winter
10089,10090,1807,Deposit,4999.89,1/4/2023,Winter
10090,10091,4490,Payment,5496.17,2/25/2023,Winter
10091,10092,3118,Transfer,5341.09,7/2/2023,Summer
10092,10093,777,Withdrawal,1741,1/3/2025,Winter
10093,10094,1823,Payment,967.79,8/22/2023,Summer
10094,10095,505,Deposit,5385.94,10/6/2024,Fall
10095,10096,3891,Transfer,4309.28,11/23/2024,Fall
10096,10097,1426,Withdrawal,4338.9,11/24/2024,Fall
10097,10098,1192,Transfer,66.9,6/1/2022,Summer
10098,10099,158,Deposit,4910.72,6/1/2023,Summer
10099,10100,2332,Withdrawal,9973.11,1/4/2025,Winter
10100,10101,3155,Deposit,9998.99,7/7/2024,Summer
10101,10102,3885,Payment,6799.59,2/21/2024,Winter
10102,10103,1149,Withdrawal,1457.01,7/7/2022,Summer
10103,10104,2226,Withdrawal,753.84,5/30/2024,Spring
10104,10105,234,Payment,9134.03,4/16/2025,Spring
10105,10106,1212,Withdrawal,1917.44,5/16/2023,Spring
10106,10107,127,Deposit,4803.72,10/9/2024,Fall
10107,10108,4443,Payment,9311.38,7/4/2022,Summer
10108,10109,101,Deposit,2994.53,9/23/2024,Fall
10109,10110,3059,Withdrawal,6897.8,7/8/2023,Summer
10110,10111,752,Withdrawal,3660.58,3/15/2024,Spring
10111,10112,3975,Withdrawal,5057.75,2/16/2025,Winter
10112,10113,483,Withdrawal,2993.36,1/23/2023,Winter
10113,10114,2509,Withdrawal,1665.24,10/16/2022,Fall
10114,10115,3098,Payment,6775.82,6/3/2023,Summer
10115,10116,4387,Payment,5739.25,8/4/2022,Summer
10116,10117,2153,Payment,9088.03,10/6/2024,Fall
10117,10118,511,Deposit,7047.96,10/29/2023,Fall
10118,10119,1426,Withdrawal,9522.55,4/29/2025,Spring
10119,10120,4508,Deposit,6959.55,6/13/2022,Summer
10120,10121,300,Withdrawal,3201.78,10/15/2024,Fall
10121,10122,3191,Deposit,5217.59,6/14/2024,Summer
10122,10123,4200,Deposit,5344.43,12/3/2024,Winter
10123,10124,2413,Withdrawal,606.45,10/6/2024,Fall
10124,10125,4419,Payment,8713.71,9/3/2024,Fall
10125,10126,2908,Deposit,1214.02,4/12/2025,Spring
10126,10127,1043,Withdrawal,3216.69,4/17/2025,Spring
10127,10128,2626,Payment,2013.05,2/6/2023,Winter
10128,10129,1707,Withdrawal,435.59,5/25/2023,Spring
10129,10130,1875,Payment,5342.55,10/6/2022,Fall
10130,10131,2238,Withdrawal,5970.87,6/25/2022,Summer
10131,10132,1425,Payment,3581.9,12/12/2024,Winter
10132,10133,281,Deposit,9818.78,10/24/2022,Fall
10133,10134,1852,Payment,7598.44,10/5/2023,Fall
10134,10135,2496,Withdrawal,1381.53,4/17/2025,Spring
10135,10136,2996,Withdrawal,8744.97,12/18/2023,Winter
10136,10137,4433,Deposit,4324.87,4/10/2025,Spring
10137,10138,4649,Transfer,8470.52,2/7/2025,Winter
10138,10139,2147,Withdrawal,1096.45,12/3/2024,Winter
10139,10140,949,Withdrawal,6955.39,10/11/2024,Fall
10140,10141,477,Payment,5250.84,5/30/2022,Spring
10141,10142,3328,Deposit,2692.99,6/4/2022,Summer
10142,10143,3539,Payment,3150.1,2/2/2023,Winter
10143,10144,655,Deposit,2899.71,9/4/2024,Fall
10144,10145,4465,Transfer,3833.64,8/10/2023,Summer
10145,10146,882,Transfer,8447.56,12/7/2023,Winter
10146,10147,2988,Deposit,4010.44,3/20/2023,Spring
10147,10148,3485,Deposit,2998.04,12/9/2022,Winter
10148,10149,2056,Payment,9467.58,10/9/2023,Fall
10149,10150,4616,Transfer,1346.07,9/13/2023,Fall
10150,10151,2079,Withdrawal,7374.75,3/18/2023,Spring
10151,10152,4860,Payment,3061.88,11/15/2023,Fall
10152,10153,450,Payment,5131.98,2/22/2023,Winter
10153,10154,3250,Transfer,3691.47,4/7/2025,Spring
10154,10155,4983,Transfer,7146.51,8/3/2024,Summer
10155,10156,4698,Transfer,1411.71,5/24/2023,Spring
10156,10157,4377,Payment,9357.13,5/10/2024,Spring
10157,10158,2047,Transfer,8709.66,2/26/2025,Winter
10158,10159,4632,Transfer,2726.6,1/2/2024,Winter
10159,10160,2870,Payment,4156.95,11/7/2024,Fall
10160,10161,2522,Payment,2597.27,2/4/2023,Winter
10161,10162,827,Deposit,719.59,11/29/2023,Fall
10162,10163,3817,Payment,1208.29,11/12/2023,Fall
10163,10164,4486,Deposit,1397.05,8/26/2022,Summer
10164,10165,264,Deposit,639.4,4/8/2025,Spring
10165,10166,2333,Transfer,9034.36,3/27/2024,Spring
10166,10167,4022,Payment,7556.32,1/7/2024,Winter
10167,10168,3002,Deposit,6177.7,10/29/2024,Fall
10168,10169,2046,Payment,3713.18,11/28/2023,Fall
10169,10170,1365,Withdrawal,598.74,7/23/2024,Summer
10170,10171,3022,Payment,6606.12,6/19/2023,Summer
10171,10172,444,Withdrawal,4990.29,8/16/2023,Summer
10172,10173,3797,Withdrawal,3292.4,9/4/2024,Fall
10173,10174,1809,Payment,8692.2,3/28/2025,Spring
10174,10175,748,Payment,3938.19,9/18/2023,Fall
10175,10176,3421,Withdrawal,7671.5,6/30/2022,Summer
10176,10177,1766,Withdrawal,6941.69,6/10/2024,Summer
10177,10178,90,Deposit,8899.22,1/17/2023,Winter
10178,10179,103,Deposit,9550.44,9/24/2022,Fall
10179,10180,116,Transfer,8462.11,12/16/2022,Winter
10180,10181,3527,Withdrawal,4870.68,10/10/2024,Fall
10181,10182,2658,Deposit,4419.16,5/23/2024,Spring
10182,10183,1665,Withdrawal,9463.04,1/22/2025,Winter
10183,10184,3554,Payment,1280.64,3/1/2024,Spring
10184,10185,2724,Deposit,3270.38,9/17/2022,Fall
10185,10186,3285,Transfer,3985.54,3/7/2023,Spring
10186,10187,3947,Deposit,420.25,1/11/2023,Winter
10187,10188,2026,Withdrawal,6345.82,12/28/2023,Winter
10188,10189,2494,Deposit,9331.32,12/25/2024,Winter
10189,10190,4951,Withdrawal,4732.76,12/30/2022,Winter
10190,10191,3424,Payment,2144.87,9/21/2024,Fall
10191,10192,3797,Payment,6813.77,2/12/2024,Winter
10192,10193,1711,Transfer,9774.43,12/3/2024,Winter
10193,10194,50,Transfer,1210.76,1/20/2024,Winter
10194,10195,3704,Transfer,7246.25,1/27/2025,Winter
10195,10196,1202,Payment,1404.15,1/28/2023,Winter
10196,10197,2092,Transfer,1098.69,11/6/2022,Fall
10197,10198,1652,Withdrawal,2332.75,6/20/2022,Summer
10198,10199,155,Transfer,4319.48,11/16/2022,Fall
10199,10200,2173,Payment,1713.64,2/21/2025,Winter
10200,10201,1964,Withdrawal,6675.76,11/24/2024,Fall
10201,10202,964,Payment,3204.74,7/31/2024,Summer
10202,10203,565,Deposit,3408.52,1/20/2023,Winter
10203,10204,1794,Withdrawal,4484.95,3/15/2023,Spring
10204,10205,2716,Transfer,3711.58,6/16/2023,Summer
10205,10206,3262,Payment,4894.01,12/21/2023,Winter
10206,10207,385,Withdrawal,3131.56,6/1/2024,Summer
10207,10208,1340,Deposit,5799.23,7/11/2024,Summer
10208,10209,3549,Deposit,7225.77,6/10/2022,Summer
10209,10210,2522,Deposit,7267.51,3/27/2023,Spring
10210,10211,2991,Withdrawal,9809.39,8/4/2024,Summer
10211,10212,4543,Withdrawal,4103.62,11/8/2022,Fall
10212,10213,4047,Payment,1273.75,11/22/2024,Fall
10213,10214,3801,Transfer,7837.07,7/20/2024,Summer
10214,10215,3873,Transfer,3692.32,5/22/2023,Spring
10215,10216,4659,Deposit,2079.34,8/25/2022,Summer
10216,10217,4825,Deposit,431.57,3/27/2024,Spring
10217,10218,705,Payment,4636.37,10/24/2022,Fall
10218,10219,1170,Payment,4763.36,6/13/2024,Summer
10219,10220,2893,Withdrawal,7293.2,12/24/2022,Winter
10220,10221,2655,Payment,637.98,2/11/2024,Winter
10221,10222,2832,Payment,7612.55,5/23/2023,Spring
10222,10223,409,Transfer,1369.12,3/12/2024,Spring
10223,10224,3664,Deposit,1610.88,7/11/2023,Summer
10224,10225,1391,Transfer,2446.58,12/31/2022,Winter
10225,10226,2639,Deposit,8609.77,11/21/2024,Fall
10226,10227,3010,Deposit,503.97,3/29/2025,Spring
10227,10228,2084,Deposit,2934.09,11/29/2024,Fall
10228,10229,2261,Deposit,5783.74,10/2/2023,Fall
10229,10230,3795,Transfer,9322.52,11/5/2023,Fall
10230,10231,2766,Withdrawal,2613.57,1/15/2023,Winter
10231,10232,3601,Payment,1099.4,4/26/2023,Spring
10232,10233,4408,Withdrawal,157.61,7/6/2023,Summer
10233,10234,21,Deposit,9703.2,2/7/2024,Winter
10234,10235,4295,Deposit,1574.63,4/23/2023,Spring
10235,10236,4366,Withdrawal,6114.42,11/23/2023,Fall
10236,10237,333,Transfer,1483.17,7/15/2023,Summer
10237,10238,2836,Payment,9871.47,4/24/2025,Spring
10238,10239,4052,Payment,1968.63,12/20/2022,Winter
10239,10240,2390,Payment,2800.37,1/9/2025,Winter
10240,10241,2317,Payment,2772.26,11/1/2024,Fall
10241,10242,500,Transfer,4212.72,7/23/2022,Summer
10242,10243,3106,Payment,9502.21,2/28/2023,Winter
10243,10244,2203,Transfer,7936.6,1/4/2024,Winter
10244,10245,976,Withdrawal,6706.44,4/30/2023,Spring
10245,10246,4628,Withdrawal,7922.01,2/9/2023,Winter
10246,10247,1227,Withdrawal,8367.23,8/13/2023,Summer
10247,10248,1688,Deposit,1160.94,1/15/2025,Winter
10248,10249,3518,Payment,3425.01,10/27/2024,Fall
10249,10250,1025,Deposit,9440.09,12/16/2023,Winter
10250,10251,1136,Payment,8272.91,8/7/2024,Summer
10251,10252,1883,Deposit,6771.79,6/12/2023,Summer
10252,10253,3754,Transfer,2357.17,5/28/2023,Spring
10253,10254,24,Transfer,1874.26,4/7/2023,Spring
10254,10255,866,Withdrawal,8939.35,7/17/2023,Summer
10255,10256,2413,Deposit,2732.09,5/22/2023,Spring
10256,10257,1201,Transfer,9851.19,2/19/2024,Winter
10257,10258,4912,Payment,6452.23,7/2/2022,Summer
10258,10259,1126,Payment,8310.89,7/3/2023,Summer
10259,10260,4951,Deposit,7017.21,3/3/2025,Spring
10260,10261,2191,Withdrawal,6528.4,8/26/2023,Summer
10261,10262,4525,Transfer,5742.48,7/3/2024,Summer
10262,10263,71,Withdrawal,7273.98,10/2/2023,Fall
10263,10264,2622,Deposit,3576.32,11/1/2023,Fall
10264,10265,2865,Withdrawal,4272.23,11/7/2024,Fall
10265,10266,86,Withdrawal,2989.24,1/27/2024,Winter
10266,10267,4073,Payment,3284.13,8/23/2023,Summer
10267,10268,4710,Deposit,9913.63,7/29/2023,Summer
10268,10269,2845,Deposit,8037.32,11/4/2024,Fall
10269,10270,1662,Payment,6088.66,6/14/2024,Summer
10270,10271,3129,Deposit,62.78,3/29/2025,Spring
10271,10272,3013,Deposit,4014.6,9/9/2023,Fall
10272,10273,1094,Withdrawal,3248.47,9/22/2022,Fall
10273,10274,887,Withdrawal,2369,3/9/2023,Spring
10274,10275,3270,Deposit,4707.98,6/5/2022,Summer
10275,10276,2984,Payment,224.43,12/11/2023,Winter
10276,10277,3321,Payment,3338.84,10/27/2024,Fall
10277,10278,2194,Withdrawal,4199.39,9/22/2024,Fall
10278,10279,2358,Deposit,4277.2,5/6/2023,Spring
10279,10280,2346,Deposit,1069.43,10/21/2023,Fall
10280,10281,31,Payment,5745.01,8/6/2022,Summer
10281,10282,1601,Deposit,9152.95,10/24/2023,Fall
10282,10283,3661,Withdrawal,4022.7,10/19/2023,Fall
10283,10284,1798,Transfer,1294.01,3/4/2024,Spring
10284,10285,2213,Payment,9427.24,12/28/2023,Winter
10285,10286,1220,Transfer,8633.43,2/18/2024,Winter
10286,10287,4473,Transfer,5955.49,11/10/2023,Fall
10287,10288,3550,Withdrawal,9321.2,7/11/2024,Summer
10288,10289,4757,Transfer,7295.73,5/21/2023,Spring
10289,10290,4808,Transfer,1764.51,1/3/2023,Winter
10290,10291,1924,Withdrawal,4333.49,3/21/2025,Spring
10291,10292,1879,Withdrawal,5294.2,4/10/2025,Spring
10292,10293,120,Withdrawal,9898.49,3/14/2025,Spring
10293,10294,3457,Transfer,4545.81,1/31/2023,Winter
10294,10295,2087,Withdrawal,1119.33,6/15/2023,Summer
10295,10296,3511,Deposit,3954.65,4/7/2025,Spring
10296,10297,2545,Deposit,5024.66,9/18/2023,Fall
10297,10298,3353,Withdrawal,2805.21,11/3/2023,Fall
10298,10299,3868,Transfer,7939.38,4/16/2023,Spring
10299,10300,241,Payment,3040.23,4/1/2025,Spring
10300,10301,4171,Deposit,3087.06,8/30/2024,Summer
10301,10302,1390,Transfer,7554.39,4/24/2024,Spring
10302,10303,3572,Payment,8685.24,9/11/2022,Fall
10303,10304,3109,Withdrawal,320.29,1/4/2023,Winter
10304,10305,4429,Deposit,5678.29,7/24/2024,Summer
10305,10306,3910,Deposit,973.97,1/5/2024,Winter
10306,10307,3831,Transfer,6935.11,4/2/2025,Spring
10307,10308,3903,Deposit,3167.08,10/21/2024,Fall
10308,10309,3700,Transfer,7775.51,9/18/2024,Fall
10309,10310,1343,Payment,5478.93,11/5/2023,Fall
10310,10311,3622,Payment,8990.2,3/11/2023,Spring
10311,10312,4754,Deposit,5089.97,8/12/2023,Summer
10312,10313,445,Transfer,6138.01,2/6/2023,Winter
10313,10314,2246,Payment,724.55,2/16/2023,Winter
10314,10315,2433,Deposit,8884.64,6/27/2023,Summer
10315,10316,1401,Transfer,8495.73,3/14/2025,Spring
10316,10317,2998,Deposit,6764.8,7/3/2024,Summer
10317,10318,3798,Transfer,7298.76,9/20/2022,Fall
10318,10319,545,Withdrawal,1991.07,5/27/2022,Spring
10319,10320,4996,Payment,1990.25,3/10/2025,Spring
10320,10321,4448,Transfer,6886.72,8/9/2022,Summer
10321,10322,3734,Withdrawal,8451.43,4/12/2024,Spring
10322,10323,136,Withdrawal,6763.3,3/20/2023,Spring
10323,10324,4810,Withdrawal,3104.07,1/20/2023,Winter
10324,10325,4718,Transfer,3474.65,7/24/2024,Summer
10325,10326,2970,Withdrawal,5646.56,8/3/2022,Summer
10326,10327,4385,Transfer,845.18,9/18/2022,Fall
10327,10328,3862,Transfer,9423.16,1/17/2023,Winter
10328,10329,3329,Withdrawal,7507.3,8/23/2023,Summer
10329,10330,388,Withdrawal,2829.08,6/29/2022,Summer
10330,10331,384,Withdrawal,4820.16,8/11/2022,Summer
10331,10332,503,Deposit,533.9,1/9/2023,Winter
10332,10333,1792,Deposit,5704.24,6/27/2023,Summer
10333,10334,315,Transfer,8095.87,2/15/2023,Winter
10334,10335,3884,Deposit,1908.12,1/28/2024,Winter
10335,10336,1510,Withdrawal,6213.65,6/30/2023,Summer
10336,10337,159,Deposit,5557.08,3/26/2024,Spring
10337,10338,4554,Transfer,8782.88,8/11/2023,Summer
10338,10339,3733,Transfer,1575.05,12/6/2023,Winter
10339,10340,2737,Withdrawal,5299.57,2/18/2024,Winter
10340,10341,2572,Transfer,8691.93,2/7/2024,Winter
10341,10342,2109,Withdrawal,517.4,5/20/2024,Spring
10342,10343,3417,Deposit,4234.9,6/3/2023,Summer
10343,10344,3221,Transfer,7578.3,6/23/2023,Summer
10344,10345,4443,Transfer,9786.8,5/7/2025,Spring
10345,10346,3192,Deposit,5016.8,11/11/2023,Fall
10346,10347,1972,Transfer,2795.56,3/24/2024,Spring
10347,10348,1940,Transfer,7145.46,6/6/2022,Summer
10348,10349,1742,Deposit,2660.42,5/5/2025,Spring
10349,10350,3739,Payment,56.46,1/29/2025,Winter
10350,10351,4595,Deposit,6938.93,4/3/2024,Spring
10351,10352,2782,Payment,3139.23,7/29/2023,Summer
10352,10353,2349,Payment,929.94,9/13/2023,Fall
10353,10354,811,Deposit,4232.82,3/25/2025,Spring
10354,10355,1295,Withdrawal,330.55,6/7/2023,Summer
10355,10356,1040,Payment,6725.94,6/13/2023,Summer
10356,10357,2455,Payment,8287,12/6/2022,Winter
10357,10358,3333,Deposit,9347.5,9/13/2023,Fall
10358,10359,1329,Deposit,966.37,1/6/2025,Winter
10359,10360,3353,Transfer,9736.66,10/29/2023,Fall
10360,10361,3011,Transfer,811.67,6/28/2024,Summer
10361,10362,4163,Deposit,7015.44,6/23/2023,Summer
10362,10363,4440,Payment,4102.78,7/17/2024,Summer
10363,10364,875,Transfer,3819.78,7/6/2022,Summer
10364,10365,3679,Withdrawal,9014.11,6/14/2022,Summer
10365,10366,3171,Deposit,8710.8,10/2/2022,Fall
10366,10367,4947,Withdrawal,8722.56,3/5/2023,Spring
10367,10368,2875,Deposit,1971.82,11/13/2024,Fall
10368,10369,4637,Payment,8597.75,1/1/2024,Winter
10369,10370,219,Transfer,2692.13,11/24/2023,Fall
10370,10371,1013,Transfer,4500.66,1/11/2025,Winter
10371,10372,2297,Deposit,2215.58,2/6/2025,Winter
10372,10373,3237,Deposit,9513.18,11/29/2024,Fall
10373,10374,615,Transfer,3506.91,11/14/2024,Fall
10374,10375,4930,Transfer,1657.16,6/16/2022,Summer
10375,10376,2480,Transfer,9717.78,9/14/2022,Fall
10376,10377,4350,Withdrawal,4398.01,6/5/2022,Summer
10377,10378,671,Transfer,3666.92,2/16/2023,Winter
10378,10379,346,Withdrawal,9284.74,1/18/2025,Winter
10379,10380,801,Withdrawal,9451.22,6/2/2024,Summer
10380,10381,3464,Withdrawal,238.81,8/10/2022,Summer
10381,10382,4954,Deposit,952.99,3/30/2025,Spring
10382,10383,2377,Transfer,1231.17,10/10/2024,Fall
10383,10384,4424,Deposit,1571.18,5/14/2023,Spring
10384,10385,3189,Deposit,8780.77,3/10/2025,Spring
10385,10386,3006,Payment,9718.56,6/8/2024,Summer
10386,10387,2018,Payment,7660.43,8/27/2024,Summer
10387,10388,3551,Payment,2170.34,8/29/2023,Summer
10388,10389,1285,Withdrawal,9603.48,7/24/2022,Summer
10389,10390,4114,Transfer,4033.03,11/26/2022,Fall
10390,10391,2027,Transfer,5881.09,5/13/2023,Spring
10391,10392,4221,Transfer,5465.47,5/7/2023,Spring
10392,10393,4087,Deposit,2141.01,12/7/2022,Winter
10393,10394,2465,Deposit,8141.93,4/3/2023,Spring
10394,10395,3389,Deposit,3370.53,5/18/2024,Spring
10395,10396,1518,Transfer,9423.64,3/30/2025,Spring
10396,10397,3342,Transfer,5467.28,4/30/2023,Spring
10397,10398,1975,Transfer,5963.36,3/17/2025,Spring
10398,10399,1635,Payment,2963.48,9/1/2022,Fall
10399,10400,658,Transfer,5991.59,2/7/2023,Winter
10400,10401,4420,Payment,9709.07,3/12/2023,Spring
10401,10402,2470,Transfer,8758.41,1/22/2023,Winter
10402,10403,1190,Transfer,4627.3,4/11/2025,Spring
10403,10404,881,Transfer,9978.64,11/2/2024,Fall
10404,10405,2304,Deposit,4870.51,7/2/2023,Summer
10405,10406,4338,Payment,9006.21,10/17/2024,Fall
10406,10407,197,Deposit,1934.02,12/16/2023,Winter
10407,10408,3446,Withdrawal,5076.21,6/24/2023,Summer
10408,10409,4115,Payment,5855.99,12/24/2022,Winter
10409,10410,3736,Withdrawal,9002.75,1/25/2025,Winter
10410,10411,4306,Transfer,25,2/21/2025,Winter
10411,10412,1565,Transfer,9603.82,10/24/2023,Fall
10412,10413,4563,Payment,4454.52,3/22/2023,Spring
10413,10414,4620,Payment,8111.99,2/28/2024,Winter
10414,10415,3081,Withdrawal,6267.74,9/20/2023,Fall
10415,10416,2134,Payment,600.71,6/20/2023,Summer
10416,10417,4541,Payment,4167.84,10/24/2023,Fall
10417,10418,1232,Payment,3298.65,1/30/2025,Winter
10418,10419,1850,Payment,6820.62,2/10/2023,Winter
10419,10420,2025,Deposit,2173.7,3/26/2024,Spring
10420,10421,775,Transfer,9619.7,7/24/2024,Summer
10421,10422,4322,Deposit,409.42,2/15/2023,Winter
10422,10423,4500,Withdrawal,6211.61,1/2/2023,Winter
10423,10424,855,Payment,4933.53,8/9/2023,Summer
10424,10425,1179,Transfer,5014.99,10/19/2022,Fall
10425,10426,1032,Transfer,1998.8,4/7/2025,Spring
10426,10427,1354,Payment,7843.36,2/18/2023,Winter
10427,10428,3522,Deposit,7556.51,11/24/2023,Fall
10428,10429,4005,Transfer,6720.31,5/3/2024,Spring
10429,10430,1162,Payment,3184.78,11/13/2022,Fall
10430,10431,4413,Transfer,7132.26,9/27/2024,Fall
10431,10432,1700,Payment,6673.11,4/29/2024,Spring
10432,10433,785,Withdrawal,2286.47,11/9/2024,Fall
10433,10434,869,Withdrawal,5335.08,4/14/2023,Spring
10434,10435,1054,Deposit,608.34,12/11/2024,Winter
10435,10436,3220,Deposit,8810.44,3/25/2024,Spring
10436,10437,1428,Withdrawal,7727.65,2/19/2025,Winter
10437,10438,2085,Payment,5585.54,11/2/2024,Fall
10438,10439,1544,Transfer,3193.04,7/5/2024,Summer
10439,10440,2705,Deposit,3993.61,4/9/2023,Spring
10440,10441,2467,Deposit,482.39,9/3/2023,Fall
10441,10442,4774,Withdrawal,9749.73,12/7/2023,Winter
10442,10443,930,Payment,721.27,10/2/2022,Fall
10443,10444,2897,Payment,6770.47,1/10/2025,Winter
10444,10445,791,Withdrawal,5911.54,3/29/2025,Spring
10445,10446,4916,Withdrawal,320.13,1/17/2023,Winter
10446,10447,468,Transfer,1403.97,6/19/2023,Summer
10447,10448,2143,Payment,5679.82,1/22/2023,Winter
10448,10449,4282,Withdrawal,383.5,5/12/2022,Spring
10449,10450,2517,Withdrawal,5761.8,6/15/2022,Summer
10450,10451,2482,Transfer,144.11,9/7/2022,Fall
10451,10452,2639,Payment,9897.38,9/7/2024,Fall
10452,10453,3247,Transfer,1215.64,8/7/2022,Summer
10453,10454,2287,Payment,5438.65,12/17/2024,Winter
10454,10455,2104,Withdrawal,4427.65,3/27/2025,Spring
10455,10456,934,Transfer,8195.84,6/14/2024,Summer
10456,10457,2431,Deposit,5985.47,12/3/2024,Winter
10457,10458,2218,Deposit,6385.35,3/14/2023,Spring
10458,10459,1401,Deposit,4100.31,2/2/2024,Winter
10459,10460,2222,Payment,8620.89,6/26/2023,Summer
10460,10461,4754,Transfer,6138.66,11/3/2024,Fall
10461,10462,1335,Withdrawal,7057.95,1/29/2025,Winter
10462,10463,1196,Deposit,4916.29,5/25/2022,Spring
10463,10464,3959,Deposit,8922.82,1/16/2024,Winter
10464,10465,3474,Deposit,4516.35,6/13/2022,Summer
10465,10466,1781,Payment,7219.93,12/19/2024,Winter
10466,10467,2167,Deposit,2594.83,11/10/2022,Fall
10467,10468,88,Payment,2671.09,7/1/2023,Summer
10468,10469,1453,Deposit,295.24,7/26/2023,Summer
10469,10470,3511,Payment,4880.15,2/23/2025,Winter
10470,10471,3378,Deposit,4005.5,7/4/2022,Summer
10471,10472,2217,Transfer,265.92,12/3/2024,Winter
10472,10473,1936,Transfer,7996.2,8/3/2023,Summer
10473,10474,4196,Transfer,699.95,11/7/2024,Fall
10474,10475,3522,Deposit,6390.67,8/24/2022,Summer
10475,10476,4895,Payment,3814.76,5/16/2022,Spring
10476,10477,1493,Payment,3246.3,10/6/2024,Fall
10477,10478,3810,Withdrawal,5631.34,1/21/2023,Winter
10478,10479,2024,Withdrawal,8649.7,11/12/2024,Fall
10479,10480,2411,Payment,6404.1,12/12/2022,Winter
10480,10481,1469,Payment,282.36,3/18/2023,Spring
10481,10482,2164,Payment,3321.98,5/14/2023,Spring
10482,10483,3968,Deposit,9824.5,4/21/2024,Spring
10483,10484,3248,Withdrawal,4973.38,7/19/2022,Summer
10484,10485,2222,Transfer,1657.13,12/2/2022,Winter
10485,10486,1734,Transfer,5040.91,11/23/2024,Fall
10486,10487,2844,Transfer,2299.06,7/19/2024,Summer
10487,10488,471,Deposit,8359.93,11/8/2023,Fall
10488,10489,1002,Transfer,2104.92,12/10/2024,Winter
10489,10490,3902,Deposit,8761.81,10/8/2024,Fall
10490,10491,1471,Deposit,7232.18,4/11/2024,Spring
10491,10492,2226,Payment,5845.71,4/23/2023,Spring
10492,10493,4991,Withdrawal,5476.37,10/3/2023,Fall
10493,10494,1273,Payment,4915.1,7/31/2024,Summer
10494,10495,4844,Payment,8510.53,12/24/2023,Winter
10495,10496,4476,Transfer,6734.94,5/3/2025,Spring
10496,10497,1573,Payment,711.23,1/21/2024,Winter
10497,10498,4943,Deposit,218.61,7/30/2024,Summer
10498,10499,2676,Withdrawal,6471.15,11/1/2024,Fall
10499,10500,747,Deposit,8450.11,11/16/2023,Fall
10500,10501,1133,Withdrawal,6255.91,1/21/2023,Winter
10501,10502,4723,Withdrawal,5860.54,3/8/2025,Spring
10502,10503,3557,Payment,8159.61,8/23/2022,Summer
10503,10504,1086,Transfer,7001.63,10/18/2022,Fall
10504,10505,3943,Deposit,7176.61,10/2/2024,Fall
10505,10506,271,Deposit,1115.76,3/26/2023,Spring
10506,10507,4565,Deposit,2206.19,3/30/2025,Spring
10507,10508,2233,Withdrawal,1129.63,6/14/2022,Summer
10508,10509,2058,Payment,9574.75,7/4/2023,Summer
10509,10510,4491,Transfer,8454.88,7/1/2023,Summer
10510,10511,2659,Deposit,1627.23,3/8/2024,Spring
10511,10512,324,Deposit,2489.39,8/8/2023,Summer
10512,10513,1135,Payment,9798.23,1/21/2024,Winter
10513,10514,2764,Payment,2236.72,12/10/2024,Winter
10514,10515,777,Deposit,9103.09,10/8/2023,Fall
10515,10516,2456,Deposit,2074.84,6/28/2023,Summer
10516,10517,279,Transfer,2489.34,5/19/2024,Spring
10517,10518,2801,Withdrawal,863.19,8/5/2024,Summer
10518,10519,1862,Withdrawal,6882.95,4/27/2025,Spring
10519,10520,2787,Deposit,7661.61,12/5/2023,Winter
10520,10521,3549,Payment,4716.51,3/16/2023,Spring
10521,10522,196,Transfer,8320.23,3/2/2023,Spring
10522,10523,1196,Withdrawal,5403.66,4/19/2023,Spring
10523,10524,4160,Deposit,9027.69,11/5/2023,Fall
10524,10525,2572,Deposit,336.94,3/4/2025,Spring
10525,10526,969,Payment,2662.81,2/9/2023,Winter
10526,10527,2471,Transfer,9114.49,1/10/2025,Winter
10527,10528,2855,Deposit,3683.99,5/28/2022,Spring
10528,10529,2746,Withdrawal,8965.73,1/29/2023,Winter
10529,10530,4744,Transfer,7798.67,9/17/2022,Fall
10530,10531,4927,Payment,8023.67,3/7/2023,Spring
10531,10532,1244,Withdrawal,4544.23,2/6/2025,Winter
10532,10533,494,Payment,4403.28,11/12/2024,Fall
10533,10534,493,Payment,8099.17,10/5/2023,Fall
10534,10535,983,Transfer,9363.25,5/15/2023,Spring
10535,10536,32,Payment,7325.57,9/17/2022,Fall
10536,10537,1814,Withdrawal,1941.16,4/12/2024,Spring
10537,10538,4362,Payment,4488.68,5/11/2023,Spring
10538,10539,4321,Payment,9809.07,9/12/2022,Fall
10539,10540,1223,Transfer,143.65,1/29/2024,Winter
10540,10541,3905,Transfer,907.46,1/3/2025,Winter
10541,10542,3139,Deposit,8986.81,6/20/2022,Summer
10542,10543,2561,Withdrawal,9926.27,1/27/2025,Winter
10543,10544,2201,Withdrawal,1945.31,12/23/2022,Winter
10544,10545,4922,Transfer,8911.08,6/28/2023,Summer
10545,10546,430,Withdrawal,4149.28,7/24/2023,Summer
10546,10547,796,Deposit,9898.31,8/24/2023,Summer
10547,10548,3855,Transfer,6479.85,8/12/2024,Summer
10548,10549,995,Deposit,441.51,2/5/2023,Winter
10549,10550,4854,Deposit,3175.09,10/16/2024,Fall
10550,10551,524,Withdrawal,8929.89,11/29/2024,Fall
10551,10552,4852,Transfer,6863.27,8/11/2023,Summer
10552,10553,1826,Payment,9693.16,7/10/2023,Summer
10553,10554,3155,Payment,7882.75,7/19/2022,Summer
10554,10555,4411,Withdrawal,3581.15,9/26/2022,Fall
10555,10556,4334,Payment,5833.23,4/2/2025,Spring
10556,10557,3158,Transfer,7892.99,3/5/2023,Spring
10557,10558,1528,Payment,4472.19,8/16/2024,Summer
10558,10559,2222,Transfer,4485.23,9/5/2024,Fall
10559,10560,3668,Withdrawal,3580.05,2/12/2024,Winter
10560,10561,2671,Payment,7741.8,5/26/2022,Spring
10561,10562,263,Transfer,1341.02,8/15/2024,Summer
10562,10563,923,Transfer,3891.26,11/3/2023,Fall
10563,10564,4202,Transfer,5659.28,6/20/2024,Summer
10564,10565,341,Withdrawal,3549.95,8/28/2023,Summer
10565,10566,4836,Payment,2949.22,3/18/2023,Spring
10566,10567,2497,Deposit,6256.43,8/8/2022,Summer
10567,10568,717,Transfer,7039.6,3/10/2023,Spring
10568,10569,2200,Withdrawal,6986.93,8/6/2024,Summer
10569,10570,2177,Payment,7064.82,8/19/2022,Summer
10570,10571,2507,Transfer,7077.07,5/11/2024,Spring
10571,10572,4830,Transfer,9422.81,9/22/2022,Fall
10572,10573,3362,Deposit,2107.86,9/29/2024,Fall
10573,10574,2321,Withdrawal,3212.66,5/3/2025,Spring
10574,10575,3564,Deposit,839.06,4/3/2024,Spring
10575,10576,2549,Deposit,2536.83,9/1/2022,Fall
10576,10577,2376,Transfer,8881.83,11/12/2023,Fall
10577,10578,3661,Deposit,9150.34,4/15/2024,Spring
10578,10579,2208,Withdrawal,91.6,1/16/2024,Winter
10579,10580,4890,Deposit,865.96,4/8/2025,Spring
10580,10581,3776,Transfer,1037.41,5/24/2022,Spring
10581,10582,1076,Payment,9865.76,6/17/2022,Summer
10582,10583,1380,Transfer,5235.76,6/16/2023,Summer
10583,10584,2746,Deposit,8470.92,9/2/2022,Fall
10584,10585,3896,Transfer,4574.41,5/17/2022,Spring
10585,10586,1741,Transfer,7489.76,4/30/2024,Spring
10586,10587,3883,Payment,7157.05,10/3/2024,Fall
10587,10588,3944,Deposit,1066.88,4/1/2023,Spring
10588,10589,2403,Transfer,5841.06,10/19/2024,Fall
10589,10590,477,Deposit,1996.83,4/29/2025,Spring
10590,10591,1314,Deposit,897.04,10/23/2023,Fall
10591,10592,3945,Payment,5655.81,11/27/2024,Fall
10592,10593,455,Payment,8142.32,1/3/2024,Winter
10593,10594,4779,Transfer,4322.19,7/25/2023,Summer
10594,10595,3855,Deposit,3037.95,7/7/2024,Summer
10595,10596,1023,Deposit,7490.92,5/26/2023,Spring
10596,10597,231,Transfer,8397.95,9/30/2022,Fall
10597,10598,4930,Deposit,3799.2,2/21/2023,Winter
10598,10599,962,Withdrawal,1261.47,3/13/2025,Spring
10599,10600,1916,Withdrawal,3046.18,1/28/2025,Winter
10600,10601,3573,Payment,4020.88,9/24/2023,Fall
10601,10602,4667,Transfer,2345.61,1/22/2023,Winter
10602,10603,745,Transfer,7389.19,3/2/2024,Spring
10603,10604,4838,Payment,5948.57,8/15/2022,Summer
10604,10605,4524,Deposit,6675.39,1/12/2025,Winter
10605,10606,2325,Payment,7957.8,9/28/2024,Fall
10606,10607,1805,Payment,5408.1,6/16/2024,Summer
10607,10608,1157,Deposit,9239.06,9/26/2023,Fall
10608,10609,4150,Payment,964.91,2/8/2023,Winter
10609,10610,2919,Transfer,6525.12,4/19/2023,Spring
10610,10611,406,Payment,3681.71,10/18/2023,Fall
10611,10612,551,Payment,6380.79,7/20/2022,Summer
10612,10613,2135,Payment,5636.22,9/11/2023,Fall
10613,10614,3202,Transfer,8454.95,4/3/2024,Spring
10614,10615,339,Deposit,4734.33,2/13/2023,Winter
10615,10616,4673,Payment,6046.97,12/24/2024,Winter
10616,10617,2751,Deposit,6655.5,4/27/2023,Spring
10617,10618,1628,Withdrawal,6243.67,5/30/2022,Spring
10618,10619,3319,Deposit,1971.33,10/4/2022,Fall
10619,10620,3053,Payment,6186.89,1/16/2023,Winter
10620,10621,636,Payment,5461.97,11/3/2023,Fall
10621,10622,2164,Transfer,5562.91,2/17/2023,Winter
10622,10623,4477,Withdrawal,6181.34,1/1/2025,Winter
10623,10624,472,Payment,8169.85,1/25/2023,Winter
10624,10625,1605,Deposit,551.39,9/30/2023,Fall
10625,10626,4448,Transfer,8194.82,8/29/2024,Summer
10626,10627,3177,Transfer,5305.4,12/5/2024,Winter
10627,10628,3968,Transfer,8659.53,5/9/2023,Spring
10628,10629,4362,Transfer,5193.65,1/27/2025,Winter
10629,10630,737,Payment,4666.43,10/27/2022,Fall
10630,10631,383,Withdrawal,1694.6,8/15/2023,Summer
10631,10632,1303,Payment,2314.32,10/28/2022,Fall
10632,10633,3555,Payment,4630.15,6/18/2022,Summer
10633,10634,1605,Payment,3010.81,4/11/2024,Spring
10634,10635,1175,Deposit,9728.82,9/9/2023,Fall
10635,10636,4659,Transfer,3080.93,8/28/2023,Summer
10636,10637,2255,Withdrawal,7227.33,10/8/2022,Fall
10637,10638,1452,Payment,8380.76,6/27/2024,Summer
10638,10639,1742,Transfer,9415.14,8/16/2022,Summer
10639,10640,2340,Payment,8225.36,1/23/2024,Winter
10640,10641,2810,Transfer,8333.03,9/7/2022,Fall
10641,10642,3843,Deposit,1286.29,4/10/2024,Spring
10642,10643,4076,Withdrawal,733.69,9/3/2024,Fall
10643,10644,2518,Deposit,4058.33,11/7/2022,Fall
10644,10645,468,Payment,3327.92,12/11/2023,Winter
10645,10646,4325,Deposit,4968.06,1/24/2025,Winter
10646,10647,4971,Payment,6290.24,6/11/2024,Summer
10647,10648,1387,Withdrawal,8268.06,8/12/2024,Summer
10648,10649,2935,Transfer,2750.39,4/4/2025,Spring
10649,10650,1543,Withdrawal,3988.71,9/13/2022,Fall
10650,10651,50,Deposit,4775.42,12/11/2024,Winter
10651,10652,3739,Withdrawal,3978.29,5/20/2024,Spring
10652,10653,291,Deposit,5345.1,7/8/2023,Summer
10653,10654,299,Withdrawal,3856.75,6/1/2024,Summer
10654,10655,377,Transfer,4796.22,1/30/2025,Winter
10655,10656,1628,Transfer,9043.76,10/21/2023,Fall
10656,10657,1054,Payment,8271.26,11/15/2023,Fall
10657,10658,3975,Transfer,4555,8/7/2024,Summer
10658,10659,4163,Deposit,6913.21,9/28/2022,Fall
10659,10660,3954,Transfer,4600.54,5/28/2023,Spring
10660,10661,2390,Transfer,5871.66,5/1/2024,Spring
10661,10662,23,Payment,7681.83,12/14/2022,Winter
10662,10663,3980,Transfer,5898.7,2/21/2025,Winter
10663,10664,2190,Transfer,5645.08,8/4/2023,Summer
10664,10665,1008,Withdrawal,2930.23,10/6/2024,Fall
10665,10666,1125,Payment,5312.55,11/17/2022,Fall
10666,10667,2620,Withdrawal,140.71,9/15/2024,Fall
10667,10668,1845,Withdrawal,3239.87,8/4/2023,Summer
10668,10669,3624,Payment,5566.65,1/4/2023,Winter
10669,10670,1344,Withdrawal,9570.44,4/16/2024,Spring
10670,10671,4039,Deposit,6785.17,1/23/2025,Winter
10671,10672,825,Withdrawal,8299.82,8/18/2022,Summer
10672,10673,4814,Withdrawal,4845.05,11/5/2024,Fall
10673,10674,1901,Deposit,5143.58,6/10/2023,Summer
10674,10675,2595,Payment,4231.05,11/11/2023,Fall
10675,10676,2127,Payment,4229.72,12/21/2024,Winter
10676,10677,4400,Withdrawal,4146.4,1/27/2024,Winter
10677,10678,2239,Deposit,8835.66,1/20/2023,Winter
10678,10679,4347,Payment,1157.95,9/2/2022,Fall
10679,10680,4245,Payment,4913.1,12/2/2023,Winter
10680,10681,1717,Withdrawal,3882.15,1/30/2024,Winter
10681,10682,4217,Withdrawal,474.97,5/8/2023,Spring
10682,10683,4475,Payment,4612.26,3/29/2025,Spring
10683,10684,2680,Payment,4373.28,5/12/2024,Spring
10684,10685,1227,Transfer,2028.11,11/17/2024,Fall
10685,10686,65,Transfer,9214.62,5/6/2024,Spring
10686,10687,4501,Payment,6585.67,3/22/2024,Spring
10687,10688,1338,Withdrawal,171.51,4/21/2024,Spring
10688,10689,4923,Deposit,2330.16,9/6/2023,Fall
10689,10690,1422,Transfer,7607.37,9/11/2024,Fall
10690,10691,2683,Withdrawal,5460.52,11/16/2023,Fall
10691,10692,2801,Withdrawal,5133.44,8/21/2022,Summer
10692,10693,1058,Transfer,3044.1,12/11/2022,Winter
10693,10694,2790,Withdrawal,3909.7,10/12/2024,Fall
10694,10695,4081,Deposit,5554.69,4/4/2025,Spring
10695,10696,572,Payment,9785.77,11/26/2023,Fall
10696,10697,848,Deposit,5081.37,2/20/2023,Winter
10697,10698,1802,Deposit,2609.13,8/31/2022,Summer
10698,10699,3943,Transfer,2822.73,10/17/2023,Fall
10699,10700,2373,Withdrawal,1709.43,7/30/2024,Summer
10700,10701,3623,Payment,798.5,3/21/2024,Spring
10701,10702,2221,Transfer,1314.41,8/22/2024,Summer
10702,10703,1093,Deposit,2244.99,9/30/2023,Fall
10703,10704,1266,Transfer,410.05,7/20/2022,Summer
10704,10705,2865,Withdrawal,693.28,8/11/2023,Summer
10705,10706,2953,Payment,9264,11/23/2024,Fall
10706,10707,3323,Deposit,4510.94,12/28/2023,Winter
10707,10708,3325,Payment,1673,7/29/2024,Summer
10708,10709,3051,Withdrawal,5779.91,10/27/2023,Fall
10709,10710,2673,Transfer,3702.67,4/17/2024,Spring
10710,10711,3595,Payment,2509.1,8/24/2022,Summer
10711,10712,1968,Deposit,7707.72,7/14/2023,Summer
10712,10713,2377,Deposit,1569.82,7/4/2022,Summer
10713,10714,3865,Withdrawal,2807.74,9/3/2024,Fall
10714,10715,410,Deposit,3809.27,12/10/2022,Winter
10715,10716,4316,Withdrawal,3277.86,11/30/2022,Fall
10716,10717,3855,Payment,8736.24,11/20/2022,Fall
10717,10718,680,Deposit,7946.35,2/26/2025,Winter
10718,10719,2796,Payment,38.5,6/25/2022,Summer
10719,10720,2481,Withdrawal,2251.27,4/10/2024,Spring
10720,10721,2975,Deposit,6139.63,8/6/2023,Summer
10721,10722,1573,Payment,5179.26,12/7/2022,Winter
10722,10723,919,Withdrawal,4462.89,3/12/2025,Spring
10723,10724,3733,Withdrawal,8711.02,10/25/2022,Fall
10724,10725,4668,Payment,8274.71,11/9/2022,Fall
10725,10726,2045,Transfer,3525.12,5/12/2023,Spring
10726,10727,906,Withdrawal,2740.38,1/12/2024,Winter
10727,10728,3067,Withdrawal,6626.05,11/1/2024,Fall
10728,10729,422,Withdrawal,6831.47,11/16/2024,Fall
10729,10730,3020,Payment,3736.46,6/26/2022,Summer
10730,10731,4330,Transfer,2937.12,12/12/2022,Winter
10731,10732,4054,Payment,3938.86,4/15/2025,Spring
10732,10733,681,Payment,8280.53,6/13/2023,Summer
10733,10734,2395,Transfer,203.45,2/26/2023,Winter
10734,10735,2578,Payment,9697.39,3/29/2024,Spring
10735,10736,3088,Payment,1192.32,1/26/2025,Winter
10736,10737,2529,Transfer,738.8,12/14/2022,Winter
10737,10738,2249,Withdrawal,3070.29,6/12/2023,Summer
10738,10739,2633,Withdrawal,1729.21,2/15/2024,Winter
10739,10740,2095,Transfer,2510.05,8/5/2024,Summer
10740,10741,78,Deposit,7945.33,3/9/2025,Spring
10741,10742,2700,Deposit,8623.59,10/23/2024,Fall
10742,10743,1376,Payment,3437.35,5/10/2023,Spring
10743,10744,795,Transfer,3346.12,4/7/2024,Spring
10744,10745,3090,Payment,671.18,6/27/2022,Summer
10745,10746,1308,Deposit,5716.11,7/28/2024,Summer
10746,10747,1231,Withdrawal,1482.76,12/8/2022,Winter
10747,10748,2968,Deposit,5036.19,11/10/2022,Fall
10748,10749,2149,Withdrawal,8911.29,11/18/2022,Fall
10749,10750,888,Payment,8806.02,3/28/2024,Spring
10750,10751,4690,Payment,633.12,9/6/2023,Fall
10751,10752,1295,Deposit,1466.89,6/24/2023,Summer
10752,10753,4376,Payment,4432.87,4/2/2023,Spring
10753,10754,2582,Deposit,3684.01,2/25/2024,Winter
10754,10755,621,Withdrawal,4918.41,1/5/2025,Winter
10755,10756,128,Withdrawal,4716.5,6/19/2023,Summer
10756,10757,4337,Transfer,1549.84,8/29/2023,Summer
10757,10758,3110,Transfer,1463.26,12/13/2022,Winter
10758,10759,4520,Withdrawal,6156.58,7/18/2022,Summer
10759,10760,593,Withdrawal,9419.77,7/12/2024,Summer
10760,10761,2953,Payment,3370.16,4/2/2025,Spring
10761,10762,2974,Payment,1758.34,10/5/2023,Fall
10762,10763,2148,Deposit,4167.79,5/31/2022,Spring
10763,10764,1418,Payment,528.37,3/26/2025,Spring
10764,10765,4617,Transfer,1119.79,8/30/2024,Summer
10765,10766,4527,Withdrawal,4655.75,1/9/2024,Winter
10766,10767,4007,Payment,5084.8,11/22/2024,Fall
10767,10768,2993,Deposit,516.48,3/15/2024,Spring
10768,10769,3153,Deposit,5003.87,3/29/2024,Spring
10769,10770,1874,Deposit,4768.31,4/7/2023,Spring
10770,10771,1196,Transfer,3773.85,1/16/2025,Winter
10771,10772,3123,Deposit,7306.17,9/11/2022,Fall
10772,10773,3974,Payment,4691.82,5/10/2024,Spring
10773,10774,3976,Withdrawal,5437.15,4/21/2024,Spring
10774,10775,4334,Deposit,9007.1,1/18/2023,Winter
10775,10776,127,Withdrawal,6056.16,11/11/2022,Fall
10776,10777,1775,Payment,951.52,4/21/2025,Spring
10777,10778,4049,Transfer,7911.91,10/9/2023,Fall
10778,10779,3981,Payment,2342.86,12/18/2023,Winter
10779,10780,144,Transfer,7124.38,7/19/2024,Summer
10780,10781,783,Deposit,7480.59,1/14/2023,Winter
10781,10782,1969,Deposit,6379.88,10/23/2022,Fall
10782,10783,256,Payment,1657.57,5/16/2022,Spring
10783,10784,4561,Payment,1031.31,10/1/2024,Fall
10784,10785,4914,Payment,5390.98,9/24/2023,Fall
10785,10786,3781,Transfer,4136.57,8/17/2023,Summer
10786,10787,3512,Withdrawal,2716.69,8/2/2022,Summer
10787,10788,3995,Deposit,9823.03,10/27/2024,Fall
10788,10789,4940,Payment,8511.62,7/10/2024,Summer
10789,10790,1204,Transfer,7580.36,4/14/2024,Spring
10790,10791,2961,Transfer,9473.93,9/13/2023,Fall
10791,10792,155,Payment,4188.75,4/18/2023,Spring
10792,10793,2542,Payment,2556.82,4/10/2024,Spring
10793,10794,3012,Withdrawal,9944.73,5/23/2024,Spring
10794,10795,1891,Withdrawal,9298.96,11/2/2022,Fall
10795,10796,4507,Payment,1856.79,8/17/2023,Summer
10796,10797,770,Transfer,656.09,5/22/2024,Spring
10797,10798,232,Deposit,500.56,12/3/2023,Winter
10798,10799,4500,Deposit,2494.66,12/11/2023,Winter
10799,10800,3221,Transfer,4967.64,12/28/2022,Winter
10800,10801,2947,Withdrawal,8781.8,5/21/2022,Spring
10801,10802,612,Withdrawal,9209,1/29/2025,Winter
10802,10803,1533,Withdrawal,3138.72,4/4/2023,Spring
10803,10804,4245,Deposit,9624.76,1/12/2023,Winter
10804,10805,1186,Payment,7908.46,8/24/2022,Summer
10805,10806,719,Deposit,4881.95,6/11/2022,Summer
10806,10807,906,Withdrawal,7848.91,3/11/2024,Spring
10807,10808,4689,Transfer,6823.08,9/23/2023,Fall
10808,10809,3323,Payment,6760.16,4/29/2023,Spring
10809,10810,3303,Payment,30.83,11/19/2022,Fall
10810,10811,1700,Deposit,9477.64,4/30/2025,Spring
10811,10812,3953,Withdrawal,8221.68,7/22/2024,Summer
10812,10813,4802,Transfer,8651.89,6/7/2024,Summer
10813,10814,446,Transfer,8030.32,11/22/2024,Fall
10814,10815,2858,Payment,1934.41,10/29/2023,Fall
10815,10816,1763,Payment,6234.83,10/30/2022,Fall
10816,10817,1793,Deposit,6095.54,4/28/2024,Spring
10817,10818,693,Deposit,3400.72,9/1/2023,Fall
10818,10819,2640,Transfer,9694.26,2/8/2023,Winter
10819,10820,3556,Deposit,5997.88,4/29/2023,Spring
10820,10821,4234,Deposit,627.84,2/13/2024,Winter
10821,10822,3582,Withdrawal,906.5,12/11/2023,Winter
10822,10823,766,Payment,3504.57,1/31/2023,Winter
10823,10824,399,Deposit,978.57,6/11/2024,Summer
10824,10825,2009,Withdrawal,4549.23,6/24/2024,Summer
10825,10826,4563,Payment,1119.45,1/4/2023,Winter
10826,10827,200,Transfer,5607.8,6/6/2022,Summer
10827,10828,3379,Deposit,2271.09,6/1/2024,Summer
10828,10829,2485,Payment,1807.32,6/8/2023,Summer
10829,10830,2941,Transfer,4907.39,3/4/2025,Spring
10830,10831,2069,Payment,402.03,2/1/2025,Winter
10831,10832,1548,Deposit,983.81,5/27/2023,Spring
10832,10833,3472,Payment,3614.55,12/17/2024,Winter
10833,10834,863,Payment,7236.32,11/20/2024,Fall
10834,10835,2033,Payment,403.79,4/13/2025,Spring
10835,10836,4538,Payment,2603.04,3/17/2025,Spring
10836,10837,530,Transfer,5513.39,10/19/2024,Fall
10837,10838,1350,Withdrawal,4946.16,11/11/2022,Fall
10838,10839,3877,Payment,5125.46,3/23/2025,Spring
10839,10840,1961,Payment,3294.14,8/24/2022,Summer
10840,10841,3353,Deposit,9483.64,2/16/2023,Winter
10841,10842,2262,Deposit,9231.2,7/7/2023,Summer
10842,10843,175,Payment,5701.05,12/20/2022,Winter
10843,10844,123,Payment,7464.84,12/5/2024,Winter
10844,10845,2541,Transfer,4998.08,12/2/2023,Winter
10845,10846,3519,Deposit,1335.41,8/30/2022,Summer
10846,10847,687,Transfer,6145.87,9/9/2022,Fall
10847,10848,4272,Transfer,5263.04,11/4/2023,Fall
10848,10849,697,Transfer,1315.12,1/17/2025,Winter
10849,10850,4349,Transfer,4816.93,6/29/2022,Summer
10850,10851,2260,Deposit,9408.35,1/7/2025,Winter
10851,10852,3832,Transfer,4621.28,3/7/2025,Spring
10852,10853,3143,Withdrawal,7197.84,10/8/2022,Fall
10853,10854,4266,Deposit,6954.85,12/14/2024,Winter
10854,10855,1004,Deposit,3748.8,11/23/2023,Fall
10855,10856,245,Transfer,1766.35,5/21/2024,Spring
10856,10857,1743,Deposit,9247.31,10/24/2023,Fall
10857,10858,3737,Transfer,2958.74,4/24/2024,Spring
10858,10859,3236,Withdrawal,9166.4,6/2/2022,Summer
10859,10860,4235,Payment,1916.35,7/1/2022,Summer
10860,10861,2361,Deposit,3047.87,10/7/2024,Fall
10861,10862,63,Transfer,9271.54,1/8/2025,Winter
10862,10863,4378,Transfer,4645.19,9/14/2024,Fall
10863,10864,4897,Transfer,3105.25,5/23/2024,Spring
10864,10865,4683,Withdrawal,3149.78,8/14/2023,Summer
10865,10866,4757,Transfer,8562.06,5/26/2022,Spring
10866,10867,4798,Payment,3796.19,11/13/2023,Fall
10867,10868,3793,Withdrawal,3665.28,2/11/2023,Winter
10868,10869,3090,Withdrawal,8722.03,11/19/2024,Fall
10869,10870,1213,Deposit,6671.25,6/26/2022,Summer
10870,10871,3063,Transfer,2598.19,1/11/2023,Winter
10871,10872,2847,Deposit,6735.48,3/5/2023,Spring
10872,10873,2518,Payment,7989.11,12/5/2024,Winter
10873,10874,3211,Withdrawal,3992.09,6/7/2022,Summer
10874,10875,3992,Payment,8279.15,4/7/2025,Spring
10875,10876,4896,Deposit,9184.45,6/19/2022,Summer
10876,10877,3205,Transfer,8913.5,2/21/2024,Winter
10877,10878,3096,Transfer,415.91,11/28/2024,Fall
10878,10879,4409,Payment,8154.96,5/10/2024,Spring
10879,10880,133,Deposit,8655,9/3/2023,Fall
10880,10881,4298,Payment,7934.41,11/8/2022,Fall
10881,10882,3421,Payment,6168.07,9/14/2024,Fall
10882,10883,2696,Withdrawal,8003.28,4/27/2025,Spring
10883,10884,3373,Deposit,1779.45,12/9/2023,Winter
10884,10885,2686,Payment,1148.61,1/17/2023,Winter
10885,10886,1212,Withdrawal,9103.24,3/26/2025,Spring
10886,10887,1888,Payment,5117.95,5/4/2025,Spring
10887,10888,1430,Transfer,2630.82,8/11/2023,Summer
10888,10889,2145,Withdrawal,6065.76,10/31/2023,Fall
10889,10890,1797,Transfer,2050.46,7/11/2022,Summer
10890,10891,3048,Withdrawal,6240.05,5/24/2023,Spring
10891,10892,2490,Deposit,4688.84,9/30/2023,Fall
10892,10893,4975,Withdrawal,6003.3,4/2/2023,Spring
10893,10894,1020,Transfer,6439.07,5/15/2022,Spring
10894,10895,4093,Deposit,1743.36,1/16/2024,Winter
10895,10896,2995,Withdrawal,1859.82,10/6/2023,Fall
10896,10897,1311,Payment,8133.92,6/4/2023,Summer
10897,10898,4498,Deposit,9215.81,9/19/2022,Fall
10898,10899,713,Withdrawal,5960.29,9/2/2022,Fall
10899,10900,621,Withdrawal,24,11/5/2024,Fall
10900,10901,786,Transfer,7982.49,7/28/2022,Summer
10901,10902,1296,Withdrawal,3435.1,11/26/2022,Fall
10902,10903,4090,Withdrawal,605.76,11/21/2024,Fall
10903,10904,3320,Transfer,3332.22,6/20/2023,Summer
10904,10905,3480,Transfer,4694.93,3/19/2023,Spring
10905,10906,2018,Payment,9814.4,8/14/2024,Summer
10906,10907,538,Withdrawal,318.1,10/23/2024,Fall
10907,10908,2574,Withdrawal,1381.69,4/1/2025,Spring
10908,10909,701,Deposit,7875.4,1/9/2023,Winter
10909,10910,2661,Payment,9085.72,8/30/2023,Summer
10910,10911,2645,Payment,3657.05,7/18/2022,Summer
10911,10912,3647,Withdrawal,2766.97,6/20/2022,Summer
10912,10913,3336,Transfer,887.35,12/6/2024,Winter
10913,10914,960,Transfer,6519.52,5/27/2024,Spring
10914,10915,1879,Deposit,2876.17,8/18/2023,Summer
10915,10916,2131,Withdrawal,973.32,4/19/2023,Spring
10916,10917,4385,Withdrawal,6514.73,2/17/2024,Winter
10917,10918,3410,Withdrawal,2078.19,4/27/2025,Spring
10918,10919,3369,Payment,2095.67,4/22/2025,Spring
10919,10920,324,Withdrawal,9536.53,5/1/2024,Spring
10920,10921,4446,Payment,9055.37,9/15/2024,Fall
10921,10922,2937,Withdrawal,5162.78,9/20/2024,Fall
10922,10923,772,Payment,2022.54,3/26/2025,Spring
10923,10924,1899,Payment,5363.09,3/13/2024,Spring
10924,10925,3388,Payment,8600.69,8/4/2024,Summer
10925,10926,3700,Withdrawal,5462.57,8/21/2024,Summer
10926,10927,307,Payment,2474.37,3/19/2023,Spring
10927,10928,1749,Transfer,3743.26,10/16/2023,Fall
10928,10929,2070,Withdrawal,9576.04,11/18/2022,Fall
10929,10930,3320,Transfer,2655.73,3/9/2025,Spring
10930,10931,3529,Deposit,1355.59,10/30/2024,Fall
10931,10932,3596,Payment,5673.99,6/3/2023,Summer
10932,10933,4935,Deposit,2018.83,12/31/2023,Winter
10933,10934,2868,Withdrawal,8758.33,9/23/2022,Fall
10934,10935,1245,Withdrawal,2005.19,9/18/2024,Fall
10935,10936,2449,Transfer,401.2,11/21/2024,Fall
10936,10937,113,Payment,3694.65,4/9/2024,Spring
10937,10938,4016,Withdrawal,81.97,2/2/2023,Winter
10938,10939,2337,Deposit,3051.78,12/27/2023,Winter
10939,10940,1017,Deposit,7108.71,10/10/2023,Fall
10940,10941,3007,Deposit,1867.17,8/16/2023,Summer
10941,10942,1856,Withdrawal,656.23,10/30/2023,Fall
10942,10943,405,Withdrawal,8367.34,5/19/2024,Spring
10943,10944,3069,Payment,8872.14,1/6/2023,Winter
10944,10945,4339,Transfer,1454.29,8/20/2023,Summer
10945,10946,1810,Transfer,4465.88,12/29/2023,Winter
10946,10947,4046,Deposit,5843.55,5/8/2024,Spring
10947,10948,3177,Payment,5349.1,2/24/2024,Winter
10948,10949,4886,Transfer,9800.06,9/30/2023,Fall
10949,10950,4380,Transfer,1968.51,6/27/2024,Summer
10950,10951,756,Deposit,5734.39,9/18/2023,Fall
10951,10952,1169,Transfer,7708.88,10/1/2023,Fall
10952,10953,1845,Transfer,3531.5,5/23/2024,Spring
10953,10954,718,Transfer,4858.43,4/5/2025,Spring
10954,10955,1793,Deposit,7967.28,12/23/2023,Winter
10955,10956,493,Transfer,6540.36,5/16/2022,Spring
10956,10957,4145,Payment,5791.25,11/5/2024,Fall
10957,10958,3075,Payment,7989.29,9/15/2022,Fall
10958,10959,4726,Withdrawal,4734.86,11/10/2024,Fall
10959,10960,4242,Withdrawal,8934.59,9/29/2023,Fall
10960,10961,745,Deposit,5250.99,4/29/2023,Spring
10961,10962,973,Deposit,8345.77,1/31/2024,Winter
10962,10963,1516,Payment,3344.09,7/14/2023,Summer
10963,10964,724,Transfer,4537.13,8/10/2024,Summer
10964,10965,1870,Payment,2470.17,4/1/2024,Spring
10965,10966,3655,Withdrawal,2320.94,4/24/2023,Spring
10966,10967,997,Withdrawal,6375.28,6/15/2024,Summer
10967,10968,1579,Payment,7173.59,12/16/2024,Winter
10968,10969,3072,Payment,3643.9,7/5/2023,Summer
10969,10970,186,Transfer,7692.54,5/31/2023,Spring
10970,10971,65,Transfer,9596.54,9/3/2023,Fall
10971,10972,4488,Withdrawal,1443.22,3/17/2024,Spring
10972,10973,960,Deposit,3423.15,6/5/2022,Summer
10973,10974,2390,Payment,3671.95,6/11/2022,Summer
10974,10975,2932,Deposit,497.66,10/23/2022,Fall
10975,10976,1989,Payment,7206.83,6/5/2024,Summer
10976,10977,495,Payment,1585.79,12/2/2024,Winter
10977,10978,1554,Transfer,3652.78,3/22/2024,Spring
10978,10979,2647,Deposit,7577.07,6/27/2024,Summer
10979,10980,1288,Payment,9255.26,1/8/2025,Winter
10980,10981,602,Payment,1313.63,1/14/2025,Winter
10981,10982,2701,Payment,4627.35,8/24/2024,Summer
10982,10983,1774,Deposit,7081.48,5/20/2023,Spring
10983,10984,3577,Payment,8265.93,9/30/2022,Fall
10984,10985,4122,Transfer,8342.88,9/27/2023,Fall
10985,10986,2267,Withdrawal,9979.88,12/9/2022,Winter
10986,10987,182,Deposit,6245.39,9/5/2022,Fall
10987,10988,1233,Payment,2645.44,8/21/2022,Summer
10988,10989,4537,Transfer,217.51,5/29/2023,Spring
10989,10990,1166,Transfer,6906.53,12/16/2024,Winter
10990,10991,83,Deposit,5737.36,11/23/2022,Fall
10991,10992,865,Payment,1904.92,5/26/2024,Spring
10992,10993,1253,Payment,3195.74,12/26/2023,Winter
10993,10994,1038,Payment,911.8,9/21/2023,Fall
10994,10995,730,Payment,1911.58,6/9/2024,Summer
10995,10996,488,Payment,1350.87,8/8/2023,Summer
10996,10997,1804,Payment,8768.92,4/2/2023,Spring
10997,10998,3089,Withdrawal,8814.77,2/6/2025,Winter
10998,10999,470,Deposit,2841.26,3/21/2025,Spring
10999,11000,4017,Withdrawal,9804.7,3/21/2024,Spring
11000,11001,3682,Transfer,2192.35,4/11/2023,Spring
11001,11002,4552,Withdrawal,2744.72,10/24/2023,Fall
11002,11003,637,Deposit,4378.84,10/10/2023,Fall
11003,11004,3366,Deposit,4068.22,7/21/2022,Summer
11004,11005,4562,Transfer,2581.07,12/18/2023,Winter
11005,11006,3934,Transfer,2555.5,10/5/2022,Fall
11006,11007,1425,Transfer,3427.97,6/10/2024,Summer
11007,11008,2109,Transfer,8422.6,5/3/2023,Spring
11008,11009,2273,Transfer,1269.06,5/19/2023,Spring
11009,11010,169,Withdrawal,3416.3,3/1/2023,Spring
11010,11011,4365,Payment,6638.01,4/23/2023,Spring
11011,11012,2152,Payment,6351.38,2/2/2023,Winter
11012,11013,580,Payment,6621,11/11/2023,Fall
11013,11014,4226,Deposit,891.05,3/21/2024,Spring
11014,11015,1189,Transfer,4416.69,10/17/2022,Fall
11015,11016,1984,Payment,7091.98,7/25/2022,Summer
11016,11017,3356,Deposit,2270.54,4/7/2024,Spring
11017,11018,3939,Deposit,3888.06,7/21/2024,Summer
11018,11019,49,Transfer,5726.29,6/30/2023,Summer
11019,11020,2688,Deposit,8500.92,12/3/2023,Winter
11020,11021,3100,Withdrawal,2016.39,10/25/2024,Fall
11021,11022,797,Withdrawal,9791.06,10/10/2022,Fall
11022,11023,1812,Withdrawal,9134.59,10/16/2024,Fall
11023,11024,1504,Withdrawal,4738.03,1/23/2025,Winter
11024,11025,47,Deposit,1409.57,5/11/2024,Spring
11025,11026,21,Transfer,8105.38,11/5/2024,Fall
11026,11027,637,Deposit,844.43,6/13/2023,Summer
11027,11028,2210,Payment,7341.54,1/14/2025,Winter
11028,11029,4159,Transfer,129.76,3/1/2024,Spring
11029,11030,3984,Deposit,3069.23,3/28/2025,Spring
11030,11031,1987,Payment,5570.27,10/24/2024,Fall
11031,11032,3768,Payment,4216.55,4/30/2023,Spring
11032,11033,4278,Deposit,6935.3,3/24/2023,Spring
11033,11034,2680,Payment,8297.35,11/21/2022,Fall
11034,11035,1051,Payment,6050.75,7/10/2024,Summer
11035,11036,2020,Withdrawal,5953.56,6/14/2022,Summer
11036,11037,1635,Withdrawal,1175.63,2/17/2024,Winter
11037,11038,2058,Payment,9300.91,1/22/2024,Winter
11038,11039,118,Transfer,951.07,7/8/2022,Summer
11039,11040,3793,Withdrawal,8188.48,3/22/2023,Spring
11040,11041,2506,Payment,4651.91,4/22/2023,Spring
11041,11042,807,Transfer,3073.08,10/25/2022,Fall
11042,11043,3458,Payment,1217.8,2/11/2024,Winter
11043,11044,1349,Transfer,1610.95,9/23/2022,Fall
11044,11045,1757,Payment,5394.64,2/5/2024,Winter
11045,11046,1368,Payment,692.01,5/10/2025,Spring
11046,11047,2302,Deposit,705.34,5/15/2023,Spring
11047,11048,3818,Deposit,2674.41,10/15/2024,Fall
11048,11049,3467,Withdrawal,1736.72,3/30/2024,Spring
11049,11050,2876,Payment,9304.8,3/30/2025,Spring
11050,11051,2293,Transfer,8875.07,6/13/2022,Summer
11051,11052,1096,Transfer,5773.06,1/31/2025,Winter
11052,11053,329,Transfer,6757.57,5/20/2024,Spring
11053,11054,4083,Payment,8445.22,12/31/2024,Winter
11054,11055,3821,Withdrawal,7778.44,4/12/2024,Spring
11055,11056,3329,Withdrawal,9843.3,3/17/2025,Spring
11056,11057,579,Transfer,9355.51,4/23/2023,Spring
11057,11058,4190,Withdrawal,9466.62,6/16/2022,Summer
11058,11059,4559,Transfer,2061.48,6/18/2024,Summer
11059,11060,3365,Withdrawal,1991.08,1/27/2024,Winter
11060,11061,809,Transfer,3552.05,4/8/2023,Spring
11061,11062,3848,Withdrawal,5850.37,8/5/2022,Summer
11062,11063,1290,Deposit,4078.04,3/22/2025,Spring
11063,11064,3665,Withdrawal,1172.7,4/25/2025,Spring
11064,11065,479,Transfer,3568.16,9/23/2022,Fall
11065,11066,2793,Payment,6055.46,12/20/2023,Winter
11066,11067,4909,Transfer,232.38,7/12/2023,Summer
11067,11068,1694,Deposit,8126.08,10/7/2024,Fall
11068,11069,2970,Transfer,2997.17,11/13/2022,Fall
11069,11070,664,Deposit,5427.49,8/1/2024,Summer
11070,11071,3009,Transfer,9627.23,5/13/2023,Spring
11071,11072,880,Deposit,5476.1,2/23/2023,Winter
11072,11073,2264,Transfer,3655.06,4/7/2023,Spring
11073,11074,4017,Transfer,5176.25,8/3/2022,Summer
11074,11075,3569,Deposit,9174.24,3/7/2023,Spring
11075,11076,1041,Transfer,7014.09,10/19/2024,Fall
11076,11077,4947,Withdrawal,1093.68,5/24/2023,Spring
11077,11078,2795,Deposit,1493.62,4/9/2025,Spring
11078,11079,2912,Transfer,313.14,5/6/2024,Spring
11079,11080,2694,Payment,3820.34,10/25/2023,Fall
11080,11081,4270,Deposit,584.25,11/1/2022,Fall
11081,11082,3799,Payment,6381.72,5/30/2023,Spring
11082,11083,3145,Withdrawal,8798.83,4/17/2023,Spring
11083,11084,2644,Withdrawal,7060.96,4/30/2023,Spring
11084,11085,3773,Payment,4180.64,6/23/2023,Summer
11085,11086,1140,Payment,4045.46,10/13/2024,Fall
11086,11087,4509,Payment,8457.76,7/21/2022,Summer
11087,11088,1629,Transfer,6448.38,11/28/2023,Fall
11088,11089,1697,Payment,5165.59,10/5/2024,Fall
11089,11090,2306,Withdrawal,5732.99,9/16/2024,Fall
11090,11091,1280,Transfer,3912.93,8/28/2023,Summer
11091,11092,146,Payment,3906.12,12/7/2024,Winter
11092,11093,2422,Payment,1687.09,8/8/2024,Summer
11093,11094,3139,Transfer,3232.31,9/15/2024,Fall
11094,11095,3706,Payment,1591.1,2/12/2023,Winter
11095,11096,332,Payment,1699.41,4/13/2023,Spring
11096,11097,1784,Withdrawal,8334.04,11/14/2023,Fall
11097,11098,1655,Deposit,2039.7,2/11/2024,Winter
11098,11099,4805,Transfer,4962.11,10/3/2023,Fall
11099,11100,3183,Transfer,9660.5,8/9/2022,Summer
11100,11101,2621,Transfer,5034.65,7/25/2023,Summer
11101,11102,2046,Deposit,3402.6,6/1/2022,Summer
11102,11103,929,Transfer,7343.69,2/25/2025,Winter
11103,11104,3539,Deposit,658.86,10/12/2024,Fall
11104,11105,4024,Payment,3543.53,10/6/2024,Fall
11105,11106,2360,Payment,8244.55,8/26/2024,Summer
11106,11107,1598,Withdrawal,1283.48,2/18/2025,Winter
11107,11108,3649,Withdrawal,1780.85,10/12/2023,Fall
11108,11109,3351,Withdrawal,1394.64,11/14/2023,Fall
11109,11110,322,Deposit,967.02,7/3/2024,Summer
11110,11111,1646,Payment,1867.52,10/31/2023,Fall
11111,11112,1719,Deposit,138.3,6/13/2024,Summer
11112,11113,3684,Deposit,994.92,6/7/2022,Summer
11113,11114,1019,Deposit,7488.3,11/28/2024,Fall
11114,11115,4394,Transfer,6367.14,11/7/2022,Fall
11115,11116,4980,Payment,1195.96,9/14/2023,Fall
11116,11117,2297,Transfer,3640.79,1/27/2024,Winter
11117,11118,1239,Deposit,320.68,3/17/2023,Spring
11118,11119,2986,Transfer,575.88,8/11/2024,Summer
11119,11120,978,Withdrawal,6927.13,9/16/2022,Fall
11120,11121,3111,Payment,3349.7,5/4/2025,Spring
11121,11122,3078,Transfer,4880.92,11/28/2023,Fall
11122,11123,325,Transfer,6844.32,10/13/2022,Fall
11123,11124,1898,Transfer,5077.2,1/12/2025,Winter
11124,11125,3802,Payment,4457.7,2/3/2025,Winter
11125,11126,2364,Payment,9852.27,9/23/2023,Fall
11126,11127,4081,Payment,2472.94,9/23/2024,Fall
11127,11128,2224,Withdrawal,4296.84,1/19/2023,Winter
11128,11129,4152,Withdrawal,9730.1,5/2/2023,Spring
11129,11130,226,Deposit,5743.35,8/19/2024,Summer
11130,11131,1687,Withdrawal,2724.17,8/20/2022,Summer
11131,11132,3925,Withdrawal,278.89,11/19/2023,Fall
11132,11133,2217,Payment,8686.21,3/5/2025,Spring
11133,11134,2118,Withdrawal,87.8,7/29/2024,Summer
11134,11135,4698,Withdrawal,8045.42,8/27/2022,Summer
11135,11136,41,Withdrawal,3797.44,6/12/2024,Summer
11136,11137,642,Withdrawal,8823.89,6/12/2024,Summer
11137,11138,619,Payment,867.67,3/24/2024,Spring
11138,11139,4167,Payment,5586.99,11/29/2024,Fall
11139,11140,3975,Withdrawal,8111.68,8/31/2024,Summer
11140,11141,3759,Payment,4660.52,4/11/2024,Spring
11141,11142,1033,Withdrawal,6390.12,5/28/2023,Spring
11142,11143,560,Withdrawal,8605.76,8/17/2023,Summer
11143,11144,2911,Withdrawal,7790.42,4/2/2025,Spring
11144,11145,4628,Withdrawal,832.34,3/1/2025,Spring
11145,11146,368,Transfer,7303.06,6/1/2022,Summer
11146,11147,2824,Payment,8936.97,3/8/2025,Spring
11147,11148,2296,Withdrawal,1899.17,4/21/2025,Spring
11148,11149,1502,Transfer,9464.82,3/13/2024,Spring
11149,11150,1974,Transfer,669.58,12/26/2023,Winter
11150,11151,4329,Deposit,1132.55,11/3/2024,Fall
11151,11152,225,Deposit,5607.43,5/18/2023,Spring
11152,11153,919,Payment,1371.31,12/6/2024,Winter
11153,11154,2666,Deposit,5322.93,3/30/2023,Spring
11154,11155,1802,Transfer,5922.43,5/20/2022,Spring
11155,11156,4353,Transfer,6901.21,5/12/2022,Spring
11156,11157,1575,Transfer,1237.33,7/1/2024,Summer
11157,11158,1510,Transfer,6579.59,10/7/2024,Fall
11158,11159,1005,Payment,7790.18,6/29/2022,Summer
11159,11160,818,Transfer,4292.7,11/12/2023,Fall
11160,11161,2646,Transfer,9942.04,9/17/2022,Fall
11161,11162,4951,Payment,5290.51,4/14/2025,Spring
11162,11163,494,Transfer,8373.38,3/24/2025,Spring
11163,11164,3840,Payment,1481.06,8/9/2024,Summer
11164,11165,920,Payment,613.44,2/8/2023,Winter
11165,11166,2127,Transfer,3104.95,1/11/2023,Winter
11166,11167,2663,Transfer,8438.76,11/10/2022,Fall
11167,11168,1179,Transfer,1453.36,11/29/2024,Fall
11168,11169,631,Transfer,9119.52,12/20/2024,Winter
11169,11170,1572,Transfer,5169.44,9/29/2023,Fall
11170,11171,619,Withdrawal,7178.09,9/15/2022,Fall
11171,11172,3652,Payment,7104.35,11/18/2024,Fall
11172,11173,3402,Withdrawal,2946.38,6/25/2022,Summer
11173,11174,1894,Payment,3787.59,12/16/2023,Winter
11174,11175,4714,Transfer,3418.61,4/18/2023,Spring
11175,11176,3000,Transfer,3258.83,4/11/2024,Spring
11176,11177,4614,Withdrawal,4476.22,3/20/2025,Spring
11177,11178,353,Deposit,6147.6,12/10/2024,Winter
11178,11179,4221,Transfer,3386.11,9/25/2024,Fall
11179,11180,3264,Transfer,6681.42,9/20/2023,Fall
11180,11181,4489,Deposit,5773.79,6/16/2024,Summer
11181,11182,3241,Payment,908.45,10/13/2023,Fall
11182,11183,1452,Withdrawal,5395.56,9/17/2022,Fall
11183,11184,3867,Deposit,8565.63,11/26/2022,Fall
11184,11185,1264,Deposit,4052.12,5/24/2024,Spring
11185,11186,4485,Deposit,3180.31,12/5/2024,Winter
11186,11187,3813,Deposit,170.6,1/12/2025,Winter
11187,11188,507,Withdrawal,9474.3,3/10/2025,Spring
11188,11189,4697,Deposit,4027.47,6/28/2023,Summer
11189,11190,163,Withdrawal,1842.93,7/22/2023,Summer
11190,11191,1868,Transfer,8974.7,11/5/2022,Fall
11191,11192,499,Withdrawal,7300.45,2/9/2024,Winter
11192,11193,2487,Deposit,2180.57,12/1/2023,Winter
11193,11194,420,Withdrawal,5216.59,7/11/2024,Summer
11194,11195,3671,Transfer,2980.02,5/26/2022,Spring
11195,11196,1412,Deposit,9433.8,10/24/2023,Fall
11196,11197,1301,Deposit,9373.11,3/12/2025,Spring
11197,11198,82,Deposit,3195.81,3/7/2023,Spring
11198,11199,4743,Transfer,642.95,1/11/2024,Winter
11199,11200,3688,Transfer,6313.78,2/4/2025,Winter
11200,11201,215,Transfer,8914.97,11/1/2022,Fall
11201,11202,2454,Payment,2218.8,4/11/2024,Spring
11202,11203,162,Deposit,9781.93,9/19/2022,Fall
11203,11204,97,Deposit,9991.41,11/28/2022,Fall
11204,11205,3768,Payment,1811.9,12/9/2022,Winter
11205,11206,1167,Transfer,4542.69,1/8/2023,Winter
11206,11207,1911,Transfer,1880.33,6/13/2023,Summer
11207,11208,1550,Transfer,8017.03,10/5/2022,Fall
11208,11209,3975,Withdrawal,2630.38,5/1/2024,Spring
11209,11210,1904,Payment,6425.92,12/4/2022,Winter
11210,11211,1348,Transfer,7263.93,10/10/2023,Fall
11211,11212,3077,Transfer,6479.85,10/3/2022,Fall
11212,11213,4096,Deposit,5957.37,12/11/2022,Winter
11213,11214,3998,Transfer,8117.42,9/20/2022,Fall
11214,11215,742,Withdrawal,4049.33,10/7/2024,Fall
11215,11216,4104,Deposit,7884.11,6/13/2023,Summer
11216,11217,4504,Payment,3549.43,3/23/2025,Spring
11217,11218,3080,Transfer,2239,2/9/2025,Winter
11218,11219,979,Withdrawal,1844.85,5/25/2022,Spring
11219,11220,743,Transfer,5742.8,10/25/2023,Fall
11220,11221,1191,Withdrawal,9614.75,9/19/2023,Fall
11221,11222,3894,Withdrawal,3095.68,8/12/2024,Summer
11222,11223,4906,Withdrawal,278,11/16/2024,Fall
11223,11224,3381,Withdrawal,1829,11/13/2023,Fall
11224,11225,336,Transfer,4171,3/10/2024,Spring
11225,11226,2752,Deposit,6367.21,12/21/2024,Winter
11226,11227,380,Withdrawal,9296.19,7/8/2023,Summer
11227,11228,788,Payment,711.48,10/1/2022,Fall
11228,11229,1571,Payment,8424.18,3/15/2024,Spring
11229,11230,3464,Withdrawal,8376.02,9/17/2024,Fall
11230,11231,60,Withdrawal,3976.06,4/26/2025,Spring
11231,11232,3254,Transfer,1517.87,5/3/2024,Spring
11232,11233,4738,Deposit,3821.36,9/4/2024,Fall
11233,11234,4944,Transfer,1886.25,3/21/2025,Spring
11234,11235,2633,Payment,5825.85,11/3/2024,Fall
11235,11236,4348,Payment,3495.66,10/16/2022,Fall
11236,11237,4536,Transfer,274.48,3/26/2023,Spring
11237,11238,958,Withdrawal,7933.03,7/22/2023,Summer
11238,11239,1396,Transfer,5359.35,9/13/2023,Fall
11239,11240,1052,Payment,9950.59,9/22/2023,Fall
11240,11241,66,Payment,3114.22,9/30/2022,Fall
11241,11242,2524,Withdrawal,6118.59,10/26/2023,Fall
11242,11243,3668,Payment,3310.81,7/19/2023,Summer
11243,11244,3370,Deposit,5702.25,3/23/2025,Spring
11244,11245,3577,Withdrawal,5394.89,8/21/2022,Summer
11245,11246,3219,Deposit,9923.42,11/17/2022,Fall
11246,11247,1736,Withdrawal,3211.64,11/12/2022,Fall
11247,11248,195,Deposit,5006.06,12/26/2023,Winter
11248,11249,75,Withdrawal,6329.53,3/7/2025,Spring
11249,11250,2667,Deposit,7527.67,2/2/2023,Winter
11250,11251,245,Transfer,258.43,7/12/2023,Summer
11251,11252,4956,Payment,9986.44,4/18/2025,Spring
11252,11253,4729,Transfer,5901.89,12/28/2024,Winter
11253,11254,770,Transfer,6153.33,10/6/2022,Fall
11254,11255,4934,Transfer,3623.52,9/16/2023,Fall
11255,11256,4160,Transfer,5024.7,3/5/2023,Spring
11256,11257,153,Transfer,5519.56,11/21/2022,Fall
11257,11258,4748,Transfer,470.88,11/1/2022,Fall
11258,11259,4749,Withdrawal,8236.93,10/13/2024,Fall
11259,11260,4246,Transfer,5432.12,10/25/2024,Fall
11260,11261,4097,Transfer,3302.37,2/7/2025,Winter
11261,11262,2631,Payment,7688.17,2/18/2023,Winter
11262,11263,1158,Payment,2165.11,12/18/2023,Winter
11263,11264,4770,Transfer,6135.31,2/6/2023,Winter
11264,11265,2709,Deposit,6555.59,6/16/2024,Summer
11265,11266,4113,Deposit,7341.34,9/1/2024,Fall
11266,11267,4475,Transfer,7934.78,4/17/2023,Spring
11267,11268,977,Withdrawal,6412.63,11/1/2022,Fall
11268,11269,4983,Transfer,8768.56,11/27/2022,Fall
11269,11270,828,Withdrawal,8129.81,10/28/2024,Fall
11270,11271,4589,Deposit,2444.11,7/29/2023,Summer
11271,11272,1284,Deposit,6794.07,2/21/2025,Winter
11272,11273,229,Withdrawal,4302.03,1/3/2024,Winter
11273,11274,105,Deposit,5283.58,1/20/2025,Winter
11274,11275,1596,Withdrawal,6699.38,4/18/2025,Spring
11275,11276,1461,Deposit,250.56,12/29/2022,Winter
11276,11277,1717,Deposit,1323.3,3/26/2025,Spring
11277,11278,3976,Transfer,2666.22,4/23/2024,Spring
11278,11279,3476,Deposit,9088.5,1/21/2024,Winter
11279,11280,2730,Transfer,90.97,11/12/2022,Fall
11280,11281,1795,Deposit,2098.92,8/17/2023,Summer
11281,11282,3907,Deposit,158.44,7/9/2022,Summer
11282,11283,4281,Deposit,3629.78,2/28/2025,Winter
11283,11284,3462,Transfer,6117.03,6/7/2022,Summer
11284,11285,2328,Payment,3149.49,10/15/2022,Fall
11285,11286,2922,Payment,9123.08,9/24/2022,Fall
11286,11287,3739,Payment,3304.99,2/21/2023,Winter
11287,11288,3004,Payment,4836.71,11/5/2024,Fall
11288,11289,4794,Deposit,2592.21,6/30/2022,Summer
11289,11290,3961,Withdrawal,3706.2,10/30/2022,Fall
11290,11291,3975,Withdrawal,6360.74,5/25/2023,Spring
11291,11292,424,Deposit,6770.9,2/21/2025,Winter
11292,11293,554,Transfer,8971.15,8/7/2022,Summer
11293,11294,989,Withdrawal,1943.66,11/16/2022,Fall
11294,11295,4280,Transfer,2419.21,3/19/2023,Spring
11295,11296,716,Transfer,6092.33,4/7/2023,Spring
11296,11297,3450,Payment,7935.82,4/30/2025,Spring
11297,11298,2566,Withdrawal,1681.96,11/15/2024,Fall
11298,11299,2426,Withdrawal,2864.89,11/4/2023,Fall
11299,11300,744,Deposit,1293.96,6/22/2022,Summer
11300,11301,2220,Transfer,3615.27,2/15/2024,Winter
11301,11302,3595,Deposit,6744.98,5/31/2022,Spring
11302,11303,1040,Withdrawal,7724.28,8/27/2022,Summer
11303,11304,844,Deposit,4440.25,4/18/2024,Spring
11304,11305,4589,Deposit,8539.31,8/6/2024,Summer
11305,11306,916,Transfer,6249.09,6/17/2023,Summer
11306,11307,1969,Deposit,3080.48,8/13/2022,Summer
11307,11308,3480,Withdrawal,3509.57,7/29/2023,Summer
11308,11309,2398,Withdrawal,5996,6/16/2023,Summer
11309,11310,738,Deposit,4439.59,11/11/2023,Fall
11310,11311,620,Transfer,7073.76,9/8/2024,Fall
11311,11312,4051,Transfer,5815.39,4/28/2024,Spring
11312,11313,4895,Transfer,7526.93,6/7/2024,Summer
11313,11314,419,Transfer,2911.16,5/9/2023,Spring
11314,11315,4,Payment,1088.07,3/11/2025,Spring
11315,11316,2663,Deposit,8606.73,4/21/2024,Spring
11316,11317,1145,Withdrawal,1526.08,8/9/2024,Summer
11317,11318,3554,Payment,5782.37,6/26/2024,Summer
11318,11319,1827,Transfer,5424.22,10/20/2024,Fall
11319,11320,2259,Payment,719.44,3/6/2024,Spring
11320,11321,2863,Deposit,3480.07,2/5/2023,Winter
11321,11322,964,Payment,9694.57,6/21/2022,Summer
11322,11323,2311,Transfer,3333.07,4/12/2025,Spring
11323,11324,1858,Withdrawal,9877.43,5/2/2023,Spring
11324,11325,202,Deposit,9821.78,4/30/2023,Spring
11325,11326,1351,Withdrawal,3196.49,4/18/2024,Spring
11326,11327,4562,Withdrawal,3002.63,12/15/2024,Winter
11327,11328,1252,Deposit,5345.12,4/18/2025,Spring
11328,11329,4439,Transfer,3459.92,10/30/2022,Fall
11329,11330,4874,Deposit,7422.6,3/13/2023,Spring
11330,11331,4182,Deposit,1045.7,2/20/2023,Winter
11331,11332,1588,Payment,6831.07,11/18/2023,Fall
11332,11333,3492,Payment,6729.9,4/23/2023,Spring
11333,11334,287,Deposit,9184,2/9/2025,Winter
11334,11335,1596,Deposit,9835.9,8/26/2024,Summer
11335,11336,4114,Deposit,6867.75,12/20/2022,Winter
11336,11337,1731,Withdrawal,5866.82,7/27/2024,Summer
11337,11338,4771,Transfer,6482.83,8/21/2024,Summer
11338,11339,840,Payment,4414.78,3/16/2024,Spring
11339,11340,409,Withdrawal,4522.1,12/14/2024,Winter
11340,11341,3056,Deposit,1399.19,6/29/2023,Summer
11341,11342,4083,Withdrawal,3119.8,11/20/2022,Fall
11342,11343,2778,Withdrawal,4222.29,5/23/2024,Spring
11343,11344,1433,Deposit,7308.4,5/5/2025,Spring
11344,11345,2481,Deposit,7274.53,3/19/2023,Spring
11345,11346,1764,Withdrawal,1553.06,8/22/2022,Summer
11346,11347,2388,Payment,2177.03,9/24/2022,Fall
11347,11348,3905,Payment,6896.71,12/8/2024,Winter
11348,11349,3756,Payment,4610.26,12/2/2022,Winter
11349,11350,818,Deposit,1717.73,6/12/2024,Summer
11350,11351,131,Deposit,1880.99,7/20/2023,Summer
11351,11352,2920,Withdrawal,2485.97,3/14/2024,Spring
11352,11353,1104,Deposit,2394.46,2/1/2024,Winter
11353,11354,2444,Payment,6410.9,2/4/2025,Winter
11354,11355,1227,Withdrawal,3203.42,12/30/2023,Winter
11355,11356,2804,Deposit,5964.33,3/23/2025,Spring
11356,11357,4699,Deposit,45.14,1/31/2025,Winter
11357,11358,2444,Transfer,2685.56,10/16/2024,Fall
11358,11359,1857,Deposit,8158.24,8/31/2022,Summer
11359,11360,3303,Deposit,3870.44,9/7/2024,Fall
11360,11361,87,Withdrawal,6021.42,9/1/2023,Fall
11361,11362,4096,Deposit,6928.65,5/12/2023,Spring
11362,11363,261,Withdrawal,5089.02,5/5/2023,Spring
11363,11364,3343,Deposit,2318.67,7/28/2022,Summer
11364,11365,1139,Withdrawal,405.12,7/14/2022,Summer
11365,11366,4007,Payment,3218.68,7/9/2023,Summer
11366,11367,3334,Deposit,6508.98,12/27/2022,Winter
11367,11368,4170,Payment,6793.04,9/20/2024,Fall
11368,11369,4411,Withdrawal,4773.29,10/14/2022,Fall
11369,11370,4718,Transfer,7364.19,1/24/2024,Winter
11370,11371,1278,Deposit,478.11,12/14/2023,Winter
11371,11372,3989,Withdrawal,3143.85,8/25/2023,Summer
11372,11373,3160,Payment,5021.6,2/13/2025,Winter
11373,11374,2105,Payment,4993.54,6/5/2023,Summer
11374,11375,381,Payment,1979.24,1/6/2025,Winter
11375,11376,795,Transfer,2687.09,7/17/2022,Summer
11376,11377,2819,Withdrawal,7422.67,11/15/2024,Fall
11377,11378,4793,Payment,5153.59,10/24/2022,Fall
11378,11379,2306,Payment,3572.64,12/2/2023,Winter
11379,11380,2869,Transfer,1287.26,7/23/2022,Summer
11380,11381,3907,Withdrawal,5959.26,6/25/2024,Summer
11381,11382,2797,Deposit,7329.95,7/24/2022,Summer
11382,11383,3960,Payment,3342.42,9/15/2022,Fall
11383,11384,4571,Deposit,235.52,5/11/2024,Spring
11384,11385,155,Payment,4269.3,11/3/2022,Fall
11385,11386,1223,Deposit,7709.37,12/21/2024,Winter
11386,11387,4546,Deposit,4960.53,5/27/2022,Spring
11387,11388,3049,Transfer,5582.32,4/1/2024,Spring
11388,11389,2,Transfer,7920.87,9/25/2022,Fall
11389,11390,1079,Transfer,8935.28,1/11/2024,Winter
11390,11391,3482,Payment,3258.5,6/15/2023,Summer
11391,11392,4386,Transfer,347.65,1/1/2024,Winter
11392,11393,4531,Transfer,8628.53,5/1/2025,Spring
11393,11394,2977,Withdrawal,1803.93,2/25/2024,Winter
11394,11395,4642,Withdrawal,9910.11,10/12/2023,Fall
11395,11396,3758,Payment,4407.04,1/9/2023,Winter
11396,11397,3430,Withdrawal,5982.78,12/4/2022,Winter
11397,11398,314,Transfer,9424.14,5/1/2025,Spring
11398,11399,654,Withdrawal,7885.86,3/3/2024,Spring
11399,11400,1929,Payment,2873.12,12/6/2022,Winter
11400,11401,4768,Payment,8007.79,9/25/2022,Fall
11401,11402,4245,Withdrawal,3575.65,12/16/2024,Winter
11402,11403,3641,Deposit,9379.1,10/29/2022,Fall
11403,11404,3318,Transfer,3048.07,9/10/2024,Fall
11404,11405,2142,Payment,4464.28,10/10/2023,Fall
11405,11406,3914,Transfer,5073.17,11/29/2024,Fall
11406,11407,3515,Transfer,4684.44,10/11/2024,Fall
11407,11408,4086,Deposit,9737.53,2/24/2024,Winter
11408,11409,4419,Payment,4047.04,7/30/2022,Summer
11409,11410,1800,Deposit,961.7,12/30/2022,Winter
11410,11411,895,Payment,1301.95,6/8/2024,Summer
11411,11412,2630,Deposit,2569.33,2/3/2023,Winter
11412,11413,269,Withdrawal,5590.42,9/21/2023,Fall
11413,11414,4984,Transfer,885.42,3/24/2024,Spring
11414,11415,334,Transfer,1631.32,7/21/2022,Summer
11415,11416,218,Withdrawal,36.96,8/16/2022,Summer
11416,11417,3814,Deposit,2396.88,10/12/2023,Fall
11417,11418,3875,Withdrawal,6893.65,3/31/2023,Spring
11418,11419,3223,Payment,3503.57,7/28/2024,Summer
11419,11420,1873,Payment,8728.8,6/20/2022,Summer
11420,11421,3935,Withdrawal,1309.85,8/2/2024,Summer
11421,11422,1894,Payment,3169.72,5/18/2022,Spring
11422,11423,1096,Withdrawal,1102.37,8/22/2023,Summer
11423,11424,1518,Payment,7624.45,1/9/2025,Winter
11424,11425,1083,Transfer,237.59,8/10/2022,Summer
11425,11426,28,Transfer,1280.86,1/19/2025,Winter
11426,11427,4777,Payment,4618.34,6/24/2023,Summer
11427,11428,3675,Transfer,9343.46,3/18/2023,Spring
11428,11429,2306,Withdrawal,7450.04,6/20/2024,Summer
11429,11430,3293,Deposit,3001.67,10/12/2022,Fall
11430,11431,2441,Payment,2142.02,12/21/2022,Winter
11431,11432,1032,Withdrawal,3539.82,8/26/2024,Summer
11432,11433,1950,Withdrawal,8545.26,4/8/2023,Spring
11433,11434,2412,Withdrawal,3192.42,1/14/2025,Winter
11434,11435,4594,Withdrawal,3103.14,5/26/2023,Spring
11435,11436,1323,Withdrawal,1056.52,5/5/2024,Spring
11436,11437,2121,Withdrawal,424.54,10/25/2022,Fall
11437,11438,945,Payment,6003.83,12/8/2023,Winter
11438,11439,3519,Transfer,2635.8,3/5/2024,Spring
11439,11440,2707,Payment,1282.65,11/20/2022,Fall
11440,11441,2419,Withdrawal,4830.19,9/16/2023,Fall
11441,11442,4466,Withdrawal,441.58,3/31/2024,Spring
11442,11443,4920,Withdrawal,9117.85,11/30/2022,Fall
11443,11444,457,Transfer,5767.02,6/29/2022,Summer
11444,11445,4066,Payment,589.88,10/11/2022,Fall
11445,11446,788,Deposit,9943.25,11/18/2024,Fall
11446,11447,3782,Withdrawal,1268.94,12/22/2022,Winter
11447,11448,840,Payment,5760.58,11/13/2023,Fall
11448,11449,2013,Payment,4654.3,3/13/2024,Spring
11449,11450,4852,Deposit,4506.45,4/7/2023,Spring
11450,11451,3024,Payment,6620.98,1/25/2025,Winter
11451,11452,1242,Deposit,4532.56,7/27/2023,Summer
11452,11453,976,Transfer,2656.85,8/30/2022,Summer
11453,11454,659,Deposit,288.71,7/2/2024,Summer
11454,11455,303,Deposit,3934.45,6/26/2022,Summer
11455,11456,3901,Payment,2830.86,6/17/2023,Summer
11456,11457,3019,Withdrawal,5130.85,11/22/2024,Fall
11457,11458,3192,Withdrawal,318.58,12/29/2024,Winter
11458,11459,1471,Withdrawal,728.51,11/7/2024,Fall
11459,11460,4558,Withdrawal,7752.85,4/1/2024,Spring
11460,11461,4651,Transfer,5114.74,8/15/2022,Summer
11461,11462,2667,Transfer,994.37,3/26/2025,Spring
11462,11463,4253,Payment,7276.58,1/12/2025,Winter
11463,11464,4847,Payment,9870.45,7/1/2023,Summer
11464,11465,3686,Transfer,4223.47,12/3/2024,Winter
11465,11466,4773,Payment,5531.37,9/25/2023,Fall
11466,11467,901,Withdrawal,9259.23,8/21/2023,Summer
11467,11468,4528,Withdrawal,2761.39,1/19/2023,Winter
11468,11469,4025,Deposit,428.4,4/27/2024,Spring
11469,11470,4404,Withdrawal,8852.87,11/30/2022,Fall
11470,11471,3793,Withdrawal,7680.88,8/13/2022,Summer
11471,11472,3437,Withdrawal,7288.94,1/22/2023,Winter
11472,11473,4181,Transfer,2509.18,5/20/2024,Spring
11473,11474,1117,Withdrawal,9027.9,8/30/2023,Summer
11474,11475,3180,Payment,6398,6/8/2022,Summer
11475,11476,1871,Withdrawal,6415.47,8/23/2022,Summer
11476,11477,4541,Transfer,4908.7,6/3/2022,Summer
11477,11478,2230,Transfer,5606.59,5/10/2024,Spring
11478,11479,3502,Deposit,607.81,4/15/2024,Spring
11479,11480,2711,Deposit,236.13,9/3/2023,Fall
11480,11481,3674,Payment,6481.43,2/11/2025,Winter
11481,11482,3120,Payment,9506.37,3/20/2023,Spring
11482,11483,897,Payment,3920.72,11/26/2024,Fall
11483,11484,1691,Withdrawal,8044.25,4/28/2023,Spring
11484,11485,2237,Transfer,2070.49,12/3/2022,Winter
11485,11486,2523,Transfer,1455.95,11/29/2022,Fall
11486,11487,3717,Transfer,570.25,5/10/2023,Spring
11487,11488,4960,Payment,6495.64,11/23/2024,Fall
11488,11489,1991,Payment,9086.15,10/28/2022,Fall
11489,11490,929,Payment,9802.55,5/19/2022,Spring
11490,11491,1037,Transfer,7208.95,3/1/2025,Spring
11491,11492,2008,Withdrawal,8783.59,3/16/2025,Spring
11492,11493,2737,Payment,9762.11,9/16/2023,Fall
11493,11494,833,Payment,2334.69,2/15/2025,Winter
11494,11495,3337,Transfer,9232.73,2/20/2025,Winter
11495,11496,2549,Payment,5527.94,5/2/2024,Spring
11496,11497,2228,Payment,146.67,3/11/2023,Spring
11497,11498,828,Deposit,6853.84,6/1/2022,Summer
11498,11499,2942,Transfer,6634.57,9/23/2023,Fall
11499,11500,1321,Withdrawal,2490.35,12/16/2023,Winter
11500,11501,1427,Transfer,4552.92,7/13/2024,Summer
11501,11502,1621,Deposit,5789.42,7/14/2024,Summer
11502,11503,4676,Withdrawal,7193.6,8/5/2023,Summer
11503,11504,3236,Transfer,1411.59,5/25/2023,Spring
11504,11505,4541,Transfer,5053.23,12/4/2023,Winter
11505,11506,4699,Deposit,1123.4,10/25/2023,Fall
11506,11507,2744,Withdrawal,2423.78,5/22/2024,Spring
11507,11508,1426,Payment,7364.3,3/17/2023,Spring
11508,11509,3706,Transfer,352.11,2/9/2025,Winter
11509,11510,2612,Deposit,9693.68,5/29/2022,Spring
11510,11511,293,Payment,2069.8,2/28/2024,Winter
11511,11512,2299,Withdrawal,9047.83,10/17/2024,Fall
11512,11513,3688,Transfer,9778.23,7/13/2024,Summer
11513,11514,2522,Withdrawal,428.54,3/13/2024,Spring
11514,11515,583,Transfer,5874.6,9/9/2022,Fall
11515,11516,4608,Transfer,3192.02,6/9/2024,Summer
11516,11517,1977,Withdrawal,5858.1,8/22/2022,Summer
11517,11518,1559,Withdrawal,6353.66,3/1/2023,Spring
11518,11519,4585,Payment,3583.95,1/25/2023,Winter
11519,11520,56,Payment,3377.7,12/20/2024,Winter
11520,11521,1354,Withdrawal,9047.55,1/22/2024,Winter
11521,11522,3739,Transfer,9572.84,4/11/2024,Spring
11522,11523,4745,Transfer,3588.13,6/16/2023,Summer
11523,11524,2505,Transfer,5654.64,2/28/2025,Winter
11524,11525,2300,Withdrawal,2006.31,9/14/2023,Fall
11525,11526,677,Withdrawal,7848.91,12/26/2022,Winter
11526,11527,3984,Payment,7733.94,6/19/2024,Summer
11527,11528,408,Withdrawal,5521.97,8/21/2022,Summer
11528,11529,4649,Payment,2880.39,2/21/2024,Winter
11529,11530,1370,Deposit,7045.76,9/13/2022,Fall
11530,11531,893,Transfer,110.35,10/14/2024,Fall
11531,11532,449,Withdrawal,5117.27,2/8/2024,Winter
11532,11533,3585,Transfer,4897.43,9/2/2024,Fall
11533,11534,566,Payment,9918.62,12/19/2023,Winter
11534,11535,4777,Withdrawal,1669.29,9/22/2024,Fall
11535,11536,498,Payment,9029.09,10/24/2023,Fall
11536,11537,2872,Transfer,8389.88,6/9/2024,Summer
11537,11538,613,Payment,9199.09,3/7/2024,Spring
11538,11539,2847,Withdrawal,8357.91,11/23/2022,Fall
11539,11540,762,Payment,9028.54,4/22/2024,Spring
11540,11541,325,Payment,2579.37,8/2/2022,Summer
11541,11542,2702,Payment,108.79,1/13/2023,Winter
11542,11543,3375,Deposit,3153.63,9/18/2023,Fall
11543,11544,3472,Payment,1593.69,7/15/2024,Summer
11544,11545,2638,Payment,3849.67,9/5/2024,Fall
11545,11546,3396,Transfer,6021.64,11/6/2022,Fall
11546,11547,2820,Withdrawal,1260.06,4/18/2025,Spring
11547,11548,2703,Transfer,5110.14,11/17/2022,Fall
11548,11549,2363,Deposit,5915.34,3/7/2024,Spring
11549,11550,2405,Payment,7506.42,11/18/2022,Fall
11550,11551,4161,Withdrawal,1729.84,1/10/2023,Winter
11551,11552,2443,Withdrawal,7601.11,2/28/2023,Winter
11552,11553,630,Withdrawal,6037.66,8/3/2024,Summer
11553,11554,1491,Deposit,4099.76,9/5/2024,Fall
11554,11555,1675,Payment,2222.71,11/29/2022,Fall
11555,11556,44,Payment,7256.76,3/20/2024,Spring
11556,11557,1239,Withdrawal,548.36,8/29/2024,Summer
11557,11558,3749,Withdrawal,2689.57,2/2/2024,Winter
11558,11559,3377,Transfer,4889.25,8/26/2022,Summer
11559,11560,4286,Deposit,8496.04,7/11/2023,Summer
11560,11561,892,Payment,380.2,2/5/2025,Winter
11561,11562,541,Transfer,6408.4,5/19/2022,Spring
11562,11563,1681,Payment,4574.14,5/12/2024,Spring
11563,11564,4412,Transfer,3850.7,12/22/2024,Winter
11564,11565,4870,Deposit,7506.96,8/7/2023,Summer
11565,11566,3915,Payment,7626.6,9/26/2023,Fall
11566,11567,3095,Payment,3542.12,12/13/2022,Winter
11567,11568,3527,Withdrawal,5664.67,10/13/2024,Fall
11568,11569,2905,Deposit,8838.24,4/16/2023,Spring
11569,11570,2098,Withdrawal,2472.56,1/10/2025,Winter
11570,11571,2901,Deposit,27.96,8/8/2022,Summer
11571,11572,3959,Payment,6358,2/22/2023,Winter
11572,11573,2652,Deposit,7459.14,4/2/2023,Spring
11573,11574,1855,Withdrawal,8162.2,10/25/2022,Fall
11574,11575,870,Payment,6302.49,12/19/2024,Winter
11575,11576,3981,Withdrawal,3148.09,8/10/2024,Summer
11576,11577,3457,Payment,2626.31,1/20/2023,Winter
11577,11578,2456,Deposit,2802.54,6/21/2023,Summer
11578,11579,1500,Deposit,1703.65,12/4/2022,Winter
11579,11580,1205,Deposit,6441.38,1/7/2025,Winter
11580,11581,2081,Withdrawal,1808.59,12/13/2023,Winter
11581,11582,827,Withdrawal,9116.76,4/21/2023,Spring
11582,11583,785,Deposit,7215.14,1/30/2024,Winter
11583,11584,4338,Withdrawal,5478.02,10/14/2023,Fall
11584,11585,4212,Withdrawal,2361.31,6/22/2022,Summer
11585,11586,4419,Transfer,8462.71,2/10/2025,Winter
11586,11587,442,Payment,2023.96,7/5/2022,Summer
11587,11588,1233,Payment,4395.69,8/12/2023,Summer
11588,11589,901,Deposit,7210.04,6/14/2024,Summer
11589,11590,1561,Deposit,4324.13,10/28/2023,Fall
11590,11591,75,Transfer,5369.82,1/27/2025,Winter
11591,11592,2991,Transfer,454.54,8/9/2023,Summer
11592,11593,3917,Withdrawal,9992.56,11/7/2023,Fall
11593,11594,3574,Withdrawal,3876.02,9/2/2024,Fall
11594,11595,1905,Deposit,9570.29,6/28/2022,Summer
11595,11596,4210,Deposit,9180.77,3/21/2024,Spring
11596,11597,3879,Withdrawal,7098.18,4/4/2023,Spring
11597,11598,565,Deposit,9807.51,9/13/2022,Fall
11598,11599,3097,Transfer,7029.28,12/1/2022,Winter
11599,11600,2909,Withdrawal,7328.14,5/30/2022,Spring
11600,11601,2948,Deposit,2881.85,1/9/2024,Winter
11601,11602,2673,Withdrawal,3935.87,8/2/2022,Summer
11602,11603,1071,Deposit,3391.54,6/1/2024,Summer
11603,11604,4394,Deposit,9642.28,11/8/2024,Fall
11604,11605,4391,Withdrawal,5380.82,9/25/2023,Fall
11605,11606,2974,Payment,8152.37,11/19/2024,Fall
11606,11607,1781,Withdrawal,3723.57,6/23/2024,Summer
11607,11608,919,Transfer,6232.46,3/15/2025,Spring
11608,11609,2082,Payment,8296.77,7/25/2022,Summer
11609,11610,4820,Deposit,9600.68,8/19/2023,Summer
11610,11611,651,Payment,1121.79,3/9/2024,Spring
11611,11612,458,Transfer,3631.01,10/7/2022,Fall
11612,11613,1658,Transfer,5833.96,3/9/2023,Spring
11613,11614,2184,Transfer,4096.96,9/25/2022,Fall
11614,11615,1808,Deposit,9431.71,3/17/2025,Spring
11615,11616,527,Deposit,3792.43,5/6/2023,Spring
11616,11617,4678,Transfer,6143.13,11/15/2023,Fall
11617,11618,521,Transfer,3879.57,4/2/2023,Spring
11618,11619,455,Transfer,7309.86,4/2/2025,Spring
11619,11620,1474,Payment,3437.35,3/18/2025,Spring
11620,11621,4329,Deposit,562.82,11/9/2022,Fall
11621,11622,1331,Payment,1236.92,5/22/2024,Spring
11622,11623,1877,Deposit,1181.46,9/29/2023,Fall
11623,11624,3661,Deposit,9970.14,10/3/2023,Fall
11624,11625,4351,Deposit,4394.22,1/31/2024,Winter
11625,11626,3390,Withdrawal,1393.77,8/15/2024,Summer
11626,11627,4664,Deposit,8480.42,5/12/2022,Spring
11627,11628,4834,Transfer,8186.77,6/4/2023,Summer
11628,11629,1268,Payment,5147.33,3/5/2023,Spring
11629,11630,3019,Withdrawal,8450.2,3/13/2023,Spring
11630,11631,3000,Payment,5826.31,7/9/2024,Summer
11631,11632,2681,Deposit,9322.82,1/7/2025,Winter
11632,11633,4176,Transfer,862.95,7/12/2024,Summer
11633,11634,2564,Withdrawal,7028.67,3/11/2024,Spring
11634,11635,2149,Payment,634.45,11/19/2023,Fall
11635,11636,793,Payment,2242.2,3/9/2024,Spring
11636,11637,261,Payment,2928.55,3/11/2024,Spring
11637,11638,2285,Transfer,1149.8,9/29/2022,Fall
11638,11639,3937,Withdrawal,2248.55,8/19/2023,Summer
11639,11640,4233,Deposit,7348.92,8/14/2023,Summer
11640,11641,1899,Transfer,6572.11,3/11/2023,Spring
11641,11642,1370,Payment,701.73,10/23/2023,Fall
11642,11643,639,Payment,9732.53,12/28/2022,Winter
11643,11644,371,Deposit,3018.1,12/6/2023,Winter
11644,11645,1285,Payment,5241.62,8/8/2024,Summer
11645,11646,4617,Payment,624.2,1/15/2024,Winter
11646,11647,720,Transfer,9120.91,1/13/2023,Winter
11647,11648,4503,Deposit,5961.46,1/13/2024,Winter
11648,11649,2518,Payment,3402.64,5/6/2025,Spring
11649,11650,3008,Deposit,4005.61,4/20/2023,Spring
11650,11651,4521,Transfer,7196.53,8/11/2024,Summer
11651,11652,2589,Deposit,720.1,9/7/2023,Fall
11652,11653,3054,Transfer,3262.63,4/26/2023,Spring
11653,11654,3117,Deposit,8208.6,3/30/2025,Spring
11654,11655,4897,Deposit,4508.04,3/12/2024,Spring
11655,11656,181,Withdrawal,148.81,11/10/2024,Fall
11656,11657,3190,Payment,7754.82,4/12/2025,Spring
11657,11658,4640,Payment,9773.9,1/11/2024,Winter
11658,11659,679,Deposit,7787.39,6/17/2023,Summer
11659,11660,1622,Payment,8328.93,12/21/2023,Winter
11660,11661,4787,Transfer,7739.94,8/9/2022,Summer
11661,11662,157,Withdrawal,2190.18,6/14/2024,Summer
11662,11663,3988,Deposit,6405.6,5/20/2024,Spring
11663,11664,255,Payment,9117.65,2/7/2024,Winter
11664,11665,615,Deposit,3166.26,3/9/2023,Spring
11665,11666,1104,Payment,5597.87,5/23/2023,Spring
11666,11667,2681,Payment,9450.84,7/4/2023,Summer
11667,11668,2057,Payment,2140.73,2/27/2023,Winter
11668,11669,4529,Deposit,198.74,7/3/2022,Summer
11669,11670,1537,Transfer,5218.95,10/16/2024,Fall
11670,11671,4084,Deposit,7582.61,2/15/2024,Winter
11671,11672,2338,Transfer,1281.5,6/14/2024,Summer
11672,11673,269,Transfer,9209.69,3/23/2023,Spring
11673,11674,1844,Transfer,6409.83,4/13/2023,Spring
11674,11675,1131,Deposit,7831.43,5/24/2024,Spring
11675,11676,1954,Transfer,6098.75,9/3/2024,Fall
11676,11677,3173,Withdrawal,1132.67,2/19/2023,Winter
11677,11678,1007,Deposit,1380.32,1/15/2025,Winter
11678,11679,4743,Withdrawal,2086.96,2/26/2024,Winter
11679,11680,4976,Payment,4107.28,8/27/2024,Summer
11680,11681,770,Withdrawal,8312,10/19/2024,Fall
11681,11682,3023,Transfer,5055.07,12/18/2024,Winter
11682,11683,4577,Transfer,2482.63,6/30/2022,Summer
11683,11684,1190,Withdrawal,2072.03,4/6/2024,Spring
11684,11685,1465,Transfer,6633.9,6/21/2022,Summer
11685,11686,2823,Payment,8605.44,4/3/2024,Spring
11686,11687,3037,Payment,3046.79,3/20/2025,Spring
11687,11688,4800,Payment,7324.76,9/26/2024,Fall
11688,11689,4320,Payment,9601.52,8/11/2024,Summer
11689,11690,2273,Payment,3529.68,9/14/2023,Fall
11690,11691,1680,Transfer,8660.96,2/24/2025,Winter
11691,11692,434,Transfer,7868.08,10/19/2022,Fall
11692,11693,4783,Withdrawal,3637.36,1/20/2025,Winter
11693,11694,1041,Payment,5255.13,7/7/2024,Summer
11694,11695,3222,Transfer,8235.77,6/19/2023,Summer
11695,11696,993,Withdrawal,8751.43,11/8/2024,Fall
11696,11697,4568,Payment,4647.86,2/17/2023,Winter
11697,11698,1920,Payment,8138.54,12/1/2024,Winter
11698,11699,3331,Withdrawal,5602.86,1/17/2025,Winter
11699,11700,2426,Payment,4999.4,4/8/2025,Spring
11700,11701,1906,Transfer,693.58,12/13/2022,Winter
11701,11702,4583,Payment,8311.54,5/29/2023,Spring
11702,11703,3263,Withdrawal,7061.88,1/29/2023,Winter
11703,11704,3167,Deposit,2469.17,8/5/2022,Summer
11704,11705,644,Payment,4021.66,5/3/2023,Spring
11705,11706,1795,Payment,4614.5,12/18/2022,Winter
11706,11707,1936,Deposit,8413.24,8/17/2023,Summer
11707,11708,3138,Deposit,6085.8,5/18/2023,Spring
11708,11709,4295,Deposit,4375.45,5/7/2024,Spring
11709,11710,1133,Withdrawal,4593.02,5/20/2024,Spring
11710,11711,758,Payment,3785.69,12/2/2023,Winter
11711,11712,1535,Withdrawal,8032.56,4/4/2024,Spring
11712,11713,2573,Deposit,814.95,8/18/2022,Summer
11713,11714,2975,Payment,8094.99,8/3/2023,Summer
11714,11715,1405,Deposit,1851.56,3/14/2023,Spring
11715,11716,2218,Transfer,9491.56,2/18/2025,Winter
11716,11717,3948,Withdrawal,3421.38,4/23/2025,Spring
11717,11718,526,Deposit,8778.24,3/14/2025,Spring
11718,11719,67,Transfer,2084.3,11/22/2024,Fall
11719,11720,585,Deposit,3862.78,5/22/2023,Spring
11720,11721,4609,Transfer,7293.28,3/18/2024,Spring
11721,11722,110,Transfer,9186.21,10/5/2023,Fall
11722,11723,596,Withdrawal,9994.36,9/2/2024,Fall
11723,11724,3295,Withdrawal,8598.22,4/21/2023,Spring
11724,11725,21,Payment,2260.36,3/10/2023,Spring
11725,11726,1717,Withdrawal,2679.2,4/11/2023,Spring
11726,11727,3610,Withdrawal,4686.04,11/19/2022,Fall
11727,11728,2840,Withdrawal,3662.42,11/15/2023,Fall
11728,11729,3225,Withdrawal,232.01,6/11/2022,Summer
11729,11730,2698,Withdrawal,2189.47,10/31/2023,Fall
11730,11731,4593,Withdrawal,9865.63,10/14/2022,Fall
11731,11732,3042,Withdrawal,7906.33,7/30/2022,Summer
11732,11733,2775,Transfer,8479.75,7/6/2024,Summer
11733,11734,2350,Withdrawal,5779.65,4/30/2024,Spring
11734,11735,1428,Payment,2704.76,9/15/2022,Fall
11735,11736,4359,Payment,5218.05,6/5/2023,Summer
11736,11737,694,Payment,8840.41,11/3/2022,Fall
11737,11738,2573,Payment,726.02,9/20/2024,Fall
11738,11739,3095,Withdrawal,5556.68,12/21/2024,Winter
11739,11740,636,Transfer,6918.84,8/10/2023,Summer
11740,11741,1290,Deposit,5118.41,8/26/2022,Summer
11741,11742,1398,Transfer,3294.68,3/22/2023,Spring
11742,11743,219,Transfer,1220.15,12/15/2023,Winter
11743,11744,1130,Transfer,1960.48,2/7/2025,Winter
11744,11745,2245,Deposit,2814.63,5/13/2022,Spring
11745,11746,2843,Withdrawal,2705.24,6/3/2022,Summer
11746,11747,3528,Withdrawal,7292.02,5/4/2023,Spring
11747,11748,4878,Transfer,6822.59,9/2/2022,Fall
11748,11749,3227,Deposit,847.34,5/23/2022,Spring
11749,11750,4040,Withdrawal,4880.28,1/4/2024,Winter
11750,11751,3388,Deposit,5435.44,2/24/2025,Winter
11751,11752,1701,Withdrawal,8719.08,2/10/2024,Winter
11752,11753,3365,Deposit,3708.49,8/7/2024,Summer
11753,11754,2650,Transfer,6223.39,3/4/2024,Spring
11754,11755,3771,Withdrawal,4730.42,2/20/2025,Winter
11755,11756,91,Withdrawal,3251.95,8/3/2022,Summer
11756,11757,4258,Transfer,3244.87,12/9/2023,Winter
11757,11758,4998,Deposit,8924.77,5/14/2023,Spring
11758,11759,1852,Payment,3876.98,4/21/2023,Spring
11759,11760,364,Deposit,7599.03,12/22/2023,Winter
11760,11761,4330,Withdrawal,6256.32,3/19/2023,Spring
11761,11762,2032,Deposit,8290.66,5/5/2023,Spring
11762,11763,2776,Payment,6113.89,9/18/2023,Fall
11763,11764,248,Transfer,2861.36,4/18/2023,Spring
11764,11765,3563,Deposit,7516.41,12/21/2023,Winter
11765,11766,3959,Deposit,7882.75,3/9/2023,Spring
11766,11767,3055,Withdrawal,8424.39,12/27/2022,Winter
11767,11768,3628,Transfer,1916.55,9/6/2022,Fall
11768,11769,916,Payment,1292.13,7/4/2024,Summer
11769,11770,338,Transfer,6809.93,2/25/2024,Winter
11770,11771,4856,Withdrawal,1679.93,5/27/2023,Spring
11771,11772,2511,Payment,6094.3,11/28/2024,Fall
11772,11773,4847,Deposit,3413.89,8/26/2024,Summer
11773,11774,4932,Payment,9479.11,10/18/2023,Fall
11774,11775,3142,Transfer,4347.92,7/6/2022,Summer
11775,11776,2553,Transfer,8540.31,5/30/2022,Spring
11776,11777,3507,Payment,597.59,7/25/2024,Summer
11777,11778,974,Transfer,7326.72,10/18/2022,Fall
11778,11779,1044,Transfer,5439.46,2/22/2024,Winter
11779,11780,139,Payment,8899.07,1/2/2025,Winter
11780,11781,3711,Transfer,913.34,10/18/2023,Fall
11781,11782,196,Withdrawal,1243.68,3/18/2025,Spring
11782,11783,1017,Deposit,9303.02,5/24/2022,Spring
11783,11784,210,Payment,3844.28,9/13/2023,Fall
11784,11785,3401,Deposit,7601.12,5/17/2022,Spring
11785,11786,1915,Withdrawal,6881.94,6/26/2024,Summer
11786,11787,119,Payment,5789.33,1/31/2023,Winter
11787,11788,1620,Withdrawal,4096.62,12/1/2024,Winter
11788,11789,828,Deposit,8655.45,10/17/2023,Fall
11789,11790,467,Deposit,2836.33,9/1/2023,Fall
11790,11791,1712,Withdrawal,1640.7,5/26/2022,Spring
11791,11792,2827,Withdrawal,7762.55,5/15/2022,Spring
11792,11793,2959,Withdrawal,1710.41,3/27/2023,Spring
11793,11794,328,Deposit,5564.45,6/13/2024,Summer
11794,11795,1071,Withdrawal,2149.23,1/25/2023,Winter
11795,11796,825,Payment,9147.96,7/11/2023,Summer
11796,11797,113,Withdrawal,4254.98,6/24/2023,Summer
11797,11798,3979,Payment,8373.4,7/13/2024,Summer
11798,11799,4873,Transfer,6527.72,2/1/2024,Winter
11799,11800,3141,Transfer,1136.75,11/26/2022,Fall
11800,11801,510,Transfer,1593.09,9/8/2024,Fall
11801,11802,2586,Withdrawal,4835.84,3/28/2023,Spring
11802,11803,2475,Payment,5154.92,12/19/2022,Winter
11803,11804,1403,Withdrawal,230.1,4/6/2025,Spring
11804,11805,710,Transfer,5132.98,7/6/2023,Summer
11805,11806,3353,Withdrawal,8979.4,6/21/2022,Summer
11806,11807,1798,Withdrawal,5336.27,6/2/2024,Summer
11807,11808,713,Payment,7299.72,3/24/2023,Spring
11808,11809,2357,Payment,412.92,10/10/2022,Fall
11809,11810,182,Deposit,5837.74,3/22/2023,Spring
11810,11811,2886,Withdrawal,4526.92,1/30/2023,Winter
11811,11812,2178,Withdrawal,4296.7,12/10/2024,Winter
11812,11813,2162,Payment,7444.97,4/30/2024,Spring
11813,11814,3747,Transfer,8656.32,10/30/2023,Fall
11814,11815,4159,Transfer,4163.29,10/14/2022,Fall
11815,11816,4404,Withdrawal,9364.61,3/18/2023,Spring
11816,11817,2162,Withdrawal,8070.47,12/9/2023,Winter
11817,11818,1713,Transfer,2457.54,10/23/2024,Fall
11818,11819,1933,Payment,5707.71,10/15/2023,Fall
11819,11820,47,Deposit,9754.02,10/2/2022,Fall
11820,11821,3516,Deposit,676.9,5/26/2022,Spring
11821,11822,277,Deposit,4551.31,9/12/2024,Fall
11822,11823,1622,Withdrawal,6164.86,12/16/2023,Winter
11823,11824,4349,Deposit,3393.26,1/4/2023,Winter
11824,11825,1190,Transfer,6230.08,8/2/2024,Summer
11825,11826,2282,Withdrawal,9990.05,12/24/2023,Winter
11826,11827,350,Deposit,5860.05,10/2/2023,Fall
11827,11828,559,Deposit,7327.78,4/20/2024,Spring
11828,11829,4273,Payment,9307.32,8/12/2022,Summer
11829,11830,2103,Transfer,4348.36,2/8/2023,Winter
11830,11831,4383,Payment,2239.44,11/4/2024,Fall
11831,11832,2162,Payment,3005.7,10/24/2022,Fall
11832,11833,503,Deposit,6306.62,8/2/2022,Summer
11833,11834,2861,Withdrawal,974.17,1/22/2025,Winter
11834,11835,2842,Deposit,3234.18,2/2/2024,Winter
11835,11836,1714,Withdrawal,3789.68,6/13/2022,Summer
11836,11837,3,Transfer,1067.6,4/12/2024,Spring
11837,11838,4299,Withdrawal,1344.34,12/3/2024,Winter
11838,11839,1798,Payment,5192.81,1/12/2023,Winter
11839,11840,4321,Withdrawal,9777.03,9/29/2024,Fall
11840,11841,3313,Deposit,6176.67,12/28/2023,Winter
11841,11842,4063,Transfer,5362.93,5/17/2023,Spring
11842,11843,3578,Payment,3181.58,7/9/2023,Summer
11843,11844,598,Withdrawal,8180.83,12/13/2024,Winter
11844,11845,2706,Payment,2935.87,4/1/2023,Spring
11845,11846,4860,Payment,2458.38,4/11/2024,Spring
11846,11847,4000,Withdrawal,4891.57,10/21/2022,Fall
11847,11848,3028,Payment,3762.65,7/1/2023,Summer
11848,11849,4096,Deposit,8102.63,8/1/2023,Summer
11849,11850,1130,Payment,5491.29,1/17/2025,Winter
11850,11851,3372,Transfer,2780.86,10/5/2023,Fall
11851,11852,1973,Deposit,4201.31,1/13/2024,Winter
11852,11853,1258,Withdrawal,8713.67,1/29/2025,Winter
11853,11854,4228,Deposit,9558.52,9/27/2024,Fall
11854,11855,1512,Payment,7942.66,2/19/2024,Winter
11855,11856,4389,Transfer,2580.26,9/22/2023,Fall
11856,11857,4327,Payment,2497.26,1/13/2025,Winter
11857,11858,2855,Deposit,3637.04,9/7/2022,Fall
11858,11859,311,Payment,658.42,3/26/2025,Spring
11859,11860,4409,Payment,3059.35,2/15/2023,Winter
11860,11861,2773,Withdrawal,2416.48,6/30/2024,Summer
11861,11862,1504,Payment,8682.78,2/6/2025,Winter
11862,11863,956,Transfer,948.2,3/4/2024,Spring
11863,11864,4729,Deposit,5676.37,1/15/2023,Winter
11864,11865,4534,Deposit,6412.11,7/16/2023,Summer
11865,11866,4364,Withdrawal,6129.75,12/30/2023,Winter
11866,11867,2053,Payment,1745.65,11/11/2022,Fall
11867,11868,3647,Deposit,9638.73,9/17/2022,Fall
11868,11869,1969,Transfer,5825.11,1/17/2024,Winter
11869,11870,2638,Withdrawal,9929.08,12/11/2024,Winter
11870,11871,285,Payment,5950.64,2/16/2025,Winter
11871,11872,244,Withdrawal,363.92,7/5/2024,Summer
11872,11873,1377,Transfer,4420.19,6/2/2023,Summer
11873,11874,385,Transfer,2354.17,11/3/2024,Fall
11874,11875,2413,Payment,3653.12,11/3/2023,Fall
11875,11876,1115,Withdrawal,3926.44,9/6/2023,Fall
11876,11877,1518,Withdrawal,2829.11,9/21/2022,Fall
11877,11878,1013,Transfer,352.25,1/24/2023,Winter
11878,11879,2889,Transfer,8141.38,7/23/2022,Summer
11879,11880,401,Payment,1983.31,2/16/2024,Winter
11880,11881,2227,Payment,3398.9,3/18/2023,Spring
11881,11882,4696,Withdrawal,3249.55,6/5/2024,Summer
11882,11883,3521,Transfer,4106.49,10/9/2022,Fall
11883,11884,4984,Withdrawal,6654.19,2/23/2024,Winter
11884,11885,2483,Transfer,3885.09,3/22/2023,Spring
11885,11886,1627,Transfer,411.31,7/4/2022,Summer
11886,11887,3784,Payment,8239.16,10/23/2023,Fall
11887,11888,4514,Transfer,8211.43,12/22/2022,Winter
11888,11889,579,Deposit,1628.74,11/23/2022,Fall
11889,11890,892,Deposit,8521.27,7/27/2024,Summer
11890,11891,2250,Transfer,2675.33,4/3/2023,Spring
11891,11892,2283,Deposit,6092.9,1/2/2023,Winter
11892,11893,2763,Payment,1818.25,8/13/2024,Summer
11893,11894,278,Transfer,7165.34,7/8/2022,Summer
11894,11895,2887,Deposit,9916.33,2/17/2024,Winter
11895,11896,1822,Payment,1357.37,12/19/2022,Winter
11896,11897,1418,Withdrawal,9801.78,4/6/2024,Spring
11897,11898,1636,Payment,8737.31,10/13/2023,Fall
11898,11899,4541,Payment,1263.2,1/15/2025,Winter
11899,11900,452,Deposit,1350.71,1/14/2024,Winter
11900,11901,2539,Payment,3960.22,5/22/2023,Spring
11901,11902,2877,Payment,9556.65,9/20/2023,Fall
11902,11903,3570,Transfer,4472.06,8/30/2024,Summer
11903,11904,4164,Transfer,6599.09,5/4/2024,Spring
11904,11905,3718,Deposit,4423.05,11/28/2023,Fall
11905,11906,4889,Deposit,1158.48,8/25/2023,Summer
11906,11907,1524,Deposit,3366.91,6/18/2023,Summer
11907,11908,3834,Deposit,9918.15,5/15/2023,Spring
11908,11909,2948,Withdrawal,4977.07,6/1/2024,Summer
11909,11910,3679,Payment,7232.2,5/29/2023,Spring
11910,11911,455,Transfer,9498.37,9/23/2022,Fall
11911,11912,2041,Withdrawal,3946.81,1/27/2024,Winter
11912,11913,848,Deposit,4207.18,7/21/2023,Summer
11913,11914,3581,Transfer,8099.72,10/15/2023,Fall
11914,11915,3745,Payment,6331.05,12/27/2024,Winter
11915,11916,3066,Deposit,9970.85,8/6/2022,Summer
11916,11917,891,Deposit,2019.24,5/3/2025,Spring
11917,11918,4681,Payment,6258.67,11/7/2023,Fall
11918,11919,4261,Withdrawal,4425.9,12/8/2023,Winter
11919,11920,4471,Payment,7856.34,1/27/2025,Winter
11920,11921,3254,Deposit,3871.9,5/21/2024,Spring
11921,11922,2183,Transfer,9897.49,9/25/2024,Fall
11922,11923,1206,Deposit,3079.08,11/26/2022,Fall
11923,11924,3100,Payment,1941.11,11/19/2022,Fall
11924,11925,4731,Payment,9516.77,9/7/2024,Fall
11925,11926,2980,Withdrawal,9769.38,9/29/2024,Fall
11926,11927,826,Payment,6940.58,4/8/2023,Spring
11927,11928,3643,Payment,4818.26,7/29/2022,Summer
11928,11929,2335,Payment,2966.08,5/10/2025,Spring
11929,11930,528,Payment,4687.61,5/13/2022,Spring
11930,11931,1277,Withdrawal,9865.41,12/5/2024,Winter
11931,11932,3302,Transfer,511.16,12/17/2024,Winter
11932,11933,3754,Deposit,1459.54,5/16/2024,Spring
11933,11934,3788,Payment,1218.12,7/24/2023,Summer
11934,11935,3677,Deposit,7777.83,11/14/2023,Fall
11935,11936,1382,Withdrawal,5308.87,10/24/2023,Fall
11936,11937,4284,Deposit,5537.29,2/28/2023,Winter
11937,11938,1614,Deposit,1509.5,3/14/2023,Spring
11938,11939,31,Withdrawal,2737.39,4/19/2024,Spring
11939,11940,4139,Transfer,1276.43,6/7/2022,Summer
11940,11941,1885,Payment,9409.08,7/26/2022,Summer
11941,11942,2743,Deposit,544.16,2/3/2023,Winter
11942,11943,3292,Withdrawal,9879.62,7/28/2024,Summer
11943,11944,3433,Withdrawal,9541.63,12/8/2023,Winter
11944,11945,4150,Transfer,8375.77,2/1/2023,Winter
11945,11946,2522,Transfer,133.55,10/31/2024,Fall
11946,11947,1329,Deposit,3327.68,12/10/2023,Winter
11947,11948,1812,Payment,4862.04,9/13/2024,Fall
11948,11949,3569,Withdrawal,3155.98,2/18/2024,Winter
11949,11950,2006,Transfer,8037.35,3/7/2024,Spring
11950,11951,3069,Payment,8574.75,7/13/2023,Summer
11951,11952,4254,Transfer,1605.53,11/9/2024,Fall
11952,11953,2448,Payment,9697.69,7/24/2022,Summer
11953,11954,4273,Deposit,848.36,1/29/2023,Winter
11954,11955,3077,Withdrawal,2042.97,5/27/2023,Spring
11955,11956,597,Withdrawal,5664.39,11/12/2023,Fall
11956,11957,3511,Deposit,4646.17,12/13/2023,Winter
11957,11958,2173,Transfer,5898.4,4/8/2023,Spring
11958,11959,1695,Deposit,139.86,8/31/2023,Summer
11959,11960,4278,Transfer,7598.42,5/7/2025,Spring
11960,11961,597,Transfer,3710.19,8/25/2023,Summer
11961,11962,437,Transfer,4942.55,7/10/2024,Summer
11962,11963,4592,Deposit,6956.54,11/19/2022,Fall
11963,11964,2722,Payment,2898.24,8/29/2023,Summer
11964,11965,1474,Deposit,5343.51,10/26/2022,Fall
11965,11966,4441,Deposit,5461.96,10/2/2023,Fall
11966,11967,4989,Transfer,7864.97,8/12/2023,Summer
11967,11968,4562,Withdrawal,5921.52,3/21/2024,Spring
11968,11969,2168,Transfer,5901.4,9/27/2022,Fall
11969,11970,1365,Withdrawal,6843.28,8/9/2022,Summer
11970,11971,2066,Payment,1382.77,8/31/2022,Summer
11971,11972,250,Transfer,5801.92,6/29/2022,Summer
11972,11973,651,Withdrawal,8878.72,9/30/2022,Fall
11973,11974,4169,Withdrawal,2588.11,7/21/2022,Summer
11974,11975,691,Payment,3198.75,7/17/2022,Summer
11975,11976,2071,Transfer,5580.09,2/15/2023,Winter
11976,11977,1903,Payment,5811.23,12/12/2022,Winter
11977,11978,31,Transfer,5338.71,9/4/2022,Fall
11978,11979,4658,Deposit,1276.1,1/17/2024,Winter
11979,11980,3640,Deposit,5042.83,5/26/2023,Spring
11980,11981,1335,Withdrawal,978.64,5/21/2024,Spring
11981,11982,4934,Transfer,1746.37,2/5/2025,Winter
11982,11983,4547,Payment,1085.83,9/5/2022,Fall
11983,11984,375,Deposit,2732.52,10/26/2022,Fall
11984,11985,1787,Deposit,9939.04,1/29/2024,Winter
11985,11986,1884,Withdrawal,7057.04,3/15/2024,Spring
11986,11987,2652,Deposit,1269.26,5/21/2023,Spring
11987,11988,4004,Transfer,6301.23,1/14/2023,Winter
11988,11989,2118,Payment,6039.6,10/29/2022,Fall
11989,11990,2158,Transfer,4131.03,8/19/2022,Summer
11990,11991,2507,Payment,8856.91,3/26/2023,Spring
11991,11992,3319,Withdrawal,7846.99,5/28/2022,Spring
11992,11993,2506,Withdrawal,3518.91,1/28/2023,Winter
11993,11994,3256,Payment,7264.14,4/25/2024,Spring
11994,11995,344,Withdrawal,4703.51,6/4/2024,Summer
11995,11996,1468,Withdrawal,6235.44,2/26/2023,Winter
11996,11997,419,Payment,698.56,12/6/2022,Winter
11997,11998,773,Transfer,6773.3,3/22/2024,Spring
11998,11999,3785,Payment,7149.64,3/17/2024,Spring
11999,12000,1784,Withdrawal,9690.74,7/19/2023,Summer
12000,12001,2553,Payment,3614.21,8/2/2024,Summer
12001,12002,4093,Payment,3882.64,8/23/2024,Summer
12002,12003,2728,Deposit,4691.45,4/24/2025,Spring
12003,12004,1426,Withdrawal,3340.96,12/31/2024,Winter
12004,12005,4015,Deposit,5440.74,9/2/2023,Fall
12005,12006,2379,Payment,3732.82,11/13/2022,Fall
12006,12007,4189,Transfer,6880.14,3/24/2023,Spring
12007,12008,1717,Payment,2346.64,9/10/2022,Fall
12008,12009,833,Payment,855.9,12/24/2024,Winter
12009,12010,2231,Payment,4464.25,4/17/2023,Spring
12010,12011,2348,Deposit,8752.49,7/20/2022,Summer
12011,12012,4448,Transfer,4036.07,9/7/2024,Fall
12012,12013,2444,Deposit,1613.73,10/28/2022,Fall
12013,12014,1778,Deposit,9472.65,7/11/2022,Summer
12014,12015,3345,Withdrawal,2717.4,1/15/2025,Winter
12015,12016,2529,Withdrawal,5268.31,10/19/2023,Fall
12016,12017,4395,Withdrawal,8472.83,2/15/2024,Winter
12017,12018,4027,Withdrawal,7635.81,10/12/2022,Fall
12018,12019,521,Withdrawal,9367.31,6/7/2023,Summer
12019,12020,2869,Transfer,89.26,10/2/2023,Fall
12020,12021,3503,Withdrawal,6389.3,12/5/2023,Winter
12021,12022,2919,Withdrawal,2205.15,10/13/2022,Fall
12022,12023,4333,Withdrawal,8223.98,7/8/2022,Summer
12023,12024,240,Deposit,1383.26,3/11/2024,Spring
12024,12025,1746,Payment,990.86,11/1/2022,Fall
12025,12026,4355,Deposit,4443.94,12/9/2023,Winter
12026,12027,4847,Withdrawal,8201.58,10/22/2023,Fall
12027,12028,3518,Transfer,1959.78,10/27/2024,Fall
12028,12029,45,Payment,2658.04,8/27/2023,Summer
12029,12030,1140,Deposit,4024.6,10/20/2022,Fall
12030,12031,5,Transfer,1093.66,8/28/2024,Summer
12031,12032,2282,Transfer,3954.23,1/23/2025,Winter
12032,12033,3522,Transfer,8108.81,4/17/2023,Spring
12033,12034,4037,Payment,3104.72,1/17/2024,Winter
12034,12035,4033,Deposit,3140.35,4/14/2025,Spring
12035,12036,3465,Transfer,1451.35,6/2/2024,Summer
12036,12037,4574,Deposit,9157.85,2/8/2024,Winter
12037,12038,4462,Withdrawal,7694.84,5/4/2025,Spring
12038,12039,4213,Deposit,4058.7,9/24/2024,Fall
12039,12040,1957,Transfer,7448.35,9/27/2023,Fall
12040,12041,2827,Deposit,3742.77,2/15/2024,Winter
12041,12042,1277,Payment,4095.04,12/28/2022,Winter
12042,12043,1413,Payment,4595.48,9/23/2024,Fall
12043,12044,2194,Deposit,7537.44,8/9/2024,Summer
12044,12045,4111,Transfer,5496.33,2/21/2025,Winter
12045,12046,3204,Transfer,4994.52,9/3/2023,Fall
12046,12047,4851,Deposit,5034.78,4/20/2024,Spring
12047,12048,529,Payment,8005.74,8/7/2024,Summer
12048,12049,3955,Transfer,928.65,10/22/2022,Fall
12049,12050,1254,Payment,1016.18,4/25/2023,Spring
12050,12051,951,Payment,8326.88,3/24/2023,Spring
12051,12052,2815,Deposit,383.18,5/2/2024,Spring
12052,12053,1094,Withdrawal,2295.39,2/25/2024,Winter
12053,12054,398,Transfer,8885.82,7/27/2022,Summer
12054,12055,4945,Withdrawal,863.28,1/12/2023,Winter
12055,12056,775,Payment,5805.76,1/22/2024,Winter
12056,12057,2486,Payment,1476.17,7/13/2022,Summer
12057,12058,730,Transfer,9112.76,2/17/2023,Winter
12058,12059,4608,Withdrawal,9245.44,1/13/2024,Winter
12059,12060,2303,Payment,6360.08,6/23/2022,Summer
12060,12061,3742,Transfer,5196.31,12/16/2022,Winter
12061,12062,3327,Withdrawal,1182.5,5/9/2024,Spring
12062,12063,1591,Deposit,7537.33,12/24/2022,Winter
12063,12064,768,Deposit,2470.5,12/11/2024,Winter
12064,12065,1580,Transfer,8015.53,12/21/2023,Winter
12065,12066,3263,Withdrawal,4341.11,6/27/2022,Summer
12066,12067,3519,Transfer,682.47,7/31/2022,Summer
12067,12068,356,Transfer,2206.02,11/3/2022,Fall
12068,12069,1548,Deposit,3453.49,2/6/2024,Winter
12069,12070,556,Deposit,2909.91,1/25/2024,Winter
12070,12071,939,Deposit,349.8,5/7/2023,Spring
12071,12072,1769,Deposit,6751.46,8/4/2024,Summer
12072,12073,3319,Withdrawal,5658.1,3/20/2023,Spring
12073,12074,3,Deposit,4604.8,11/6/2024,Fall
12074,12075,560,Deposit,2725.79,6/30/2022,Summer
12075,12076,2533,Withdrawal,9099.74,10/24/2024,Fall
12076,12077,2957,Withdrawal,5314.21,3/13/2024,Spring
12077,12078,4064,Withdrawal,4343.25,7/17/2024,Summer
12078,12079,3987,Deposit,9796.7,12/26/2023,Winter
12079,12080,2844,Payment,3335.63,8/1/2024,Summer
12080,12081,3569,Withdrawal,8128.45,2/16/2023,Winter
12081,12082,4560,Deposit,7322.28,9/6/2022,Fall
12082,12083,870,Transfer,8079.43,12/2/2024,Winter
12083,12084,4562,Transfer,6715.67,11/3/2023,Fall
12084,12085,1047,Transfer,6675.79,3/9/2023,Spring
12085,12086,4974,Transfer,5112.54,6/11/2024,Summer
12086,12087,892,Withdrawal,7161.86,9/18/2022,Fall
12087,12088,3962,Transfer,943.27,3/11/2023,Spring
12088,12089,3397,Withdrawal,1739.3,1/4/2024,Winter
12089,12090,4155,Payment,283.5,10/21/2023,Fall
12090,12091,4053,Transfer,8621.89,5/14/2023,Spring
12091,12092,897,Withdrawal,7896.26,3/19/2025,Spring
12092,12093,2224,Transfer,5315.34,9/25/2024,Fall
12093,12094,2372,Transfer,6857.9,6/24/2024,Summer
12094,12095,4746,Deposit,9914.74,10/30/2023,Fall
12095,12096,1611,Transfer,2919.98,3/19/2023,Spring
12096,12097,2335,Transfer,3411.84,1/29/2023,Winter
12097,12098,1932,Transfer,111.4,7/10/2023,Summer
12098,12099,1913,Deposit,6887.84,6/18/2024,Summer
12099,12100,1187,Withdrawal,9894.85,5/22/2022,Spring
12100,12101,2594,Transfer,507.12,5/2/2023,Spring
12101,12102,4768,Deposit,7742.57,6/7/2024,Summer
12102,12103,4679,Deposit,2042.3,4/7/2023,Spring
12103,12104,4877,Withdrawal,6399.53,8/13/2024,Summer
12104,12105,3209,Deposit,3928.66,11/24/2022,Fall
12105,12106,3533,Deposit,1242.87,2/1/2025,Winter
12106,12107,4396,Withdrawal,3232.19,9/24/2024,Fall
12107,12108,870,Withdrawal,8269.57,11/27/2023,Fall
12108,12109,4647,Withdrawal,3611.75,10/8/2023,Fall
12109,12110,2779,Transfer,5510.16,7/15/2024,Summer
12110,12111,3102,Payment,7737.06,10/10/2022,Fall
12111,12112,2138,Withdrawal,1510.01,8/13/2022,Summer
12112,12113,777,Withdrawal,7365.83,4/11/2023,Spring
12113,12114,4527,Withdrawal,3678.85,3/15/2023,Spring
12114,12115,2125,Withdrawal,672.18,4/13/2024,Spring
12115,12116,4555,Transfer,7913.96,11/17/2023,Fall
12116,12117,2730,Payment,168.59,2/18/2025,Winter
12117,12118,3268,Payment,5987.12,4/14/2024,Spring
12118,12119,2799,Deposit,4007.89,7/8/2023,Summer
12119,12120,4794,Transfer,4424.8,3/22/2023,Spring
12120,12121,3062,Withdrawal,5004.42,9/14/2023,Fall
12121,12122,1540,Payment,8934.58,10/2/2024,Fall
12122,12123,4429,Payment,6414.47,3/17/2025,Spring
12123,12124,3241,Deposit,9252.63,1/23/2025,Winter
12124,12125,1139,Payment,4376.59,9/25/2023,Fall
12125,12126,3353,Payment,801.37,2/16/2024,Winter
12126,12127,3246,Transfer,453.24,12/13/2024,Winter
12127,12128,522,Withdrawal,2358.31,5/16/2022,Spring
12128,12129,959,Deposit,2084.07,8/21/2024,Summer
12129,12130,1409,Deposit,5588.84,10/31/2024,Fall
12130,12131,1437,Deposit,6369.7,9/21/2023,Fall
12131,12132,2823,Deposit,3141.25,8/13/2022,Summer
12132,12133,3925,Withdrawal,8681.23,4/20/2025,Spring
12133,12134,565,Payment,1412.59,3/27/2024,Spring
12134,12135,1048,Payment,2413.08,11/13/2023,Fall
12135,12136,4705,Payment,9964.05,12/23/2022,Winter
12136,12137,3273,Transfer,8690.99,9/12/2024,Fall
12137,12138,2313,Withdrawal,6735.76,12/2/2024,Winter
12138,12139,4186,Payment,5922.74,2/15/2024,Winter
12139,12140,1711,Deposit,2859.32,11/26/2022,Fall
12140,12141,524,Deposit,7407.48,4/22/2025,Spring
12141,12142,2856,Withdrawal,5710.15,12/18/2024,Winter
12142,12143,4314,Transfer,2210.9,9/28/2024,Fall
12143,12144,3193,Payment,6546.8,9/1/2024,Fall
12144,12145,3012,Payment,2047.89,12/2/2023,Winter
12145,12146,2172,Payment,8711.45,4/24/2023,Spring
12146,12147,3279,Deposit,3391.6,10/24/2024,Fall
12147,12148,4382,Withdrawal,5402.79,4/16/2023,Spring
12148,12149,2449,Transfer,4381.38,6/15/2022,Summer
12149,12150,2156,Transfer,2426.28,7/31/2022,Summer
12150,12151,733,Transfer,6734.22,3/30/2024,Spring
12151,12152,4254,Withdrawal,1055.11,3/2/2024,Spring
12152,12153,960,Transfer,4303.41,2/11/2025,Winter
12153,12154,514,Withdrawal,6080.38,10/26/2023,Fall
12154,12155,2099,Deposit,4607.09,3/21/2024,Spring
12155,12156,4022,Payment,5461.88,12/14/2022,Winter
12156,12157,997,Payment,2771.04,9/1/2023,Fall
12157,12158,3781,Withdrawal,1166.06,12/25/2024,Winter
12158,12159,3879,Deposit,6266.81,6/7/2024,Summer
12159,12160,3280,Withdrawal,766.84,4/19/2025,Spring
12160,12161,100,Payment,4568.63,5/26/2022,Spring
12161,12162,2751,Transfer,6229.1,2/11/2024,Winter
12162,12163,1225,Withdrawal,5940.56,6/9/2023,Summer
12163,12164,2521,Transfer,8561.39,11/25/2023,Fall
12164,12165,3001,Deposit,2167.53,3/15/2023,Spring
12165,12166,4405,Deposit,6720.78,8/26/2024,Summer
12166,12167,2135,Transfer,7861.18,5/13/2023,Spring
12167,12168,3055,Transfer,2109.87,7/28/2023,Summer
12168,12169,1584,Transfer,284.1,9/17/2024,Fall
12169,12170,1088,Transfer,4386.05,1/11/2024,Winter
12170,12171,4294,Payment,3142.03,1/18/2024,Winter
12171,12172,74,Withdrawal,4958.89,6/22/2024,Summer
12172,12173,3862,Deposit,7797.02,9/16/2022,Fall
12173,12174,842,Payment,9383.72,12/12/2022,Winter
12174,12175,1328,Transfer,6304.85,1/26/2024,Winter
12175,12176,1006,Withdrawal,9299.65,7/6/2024,Summer
12176,12177,2697,Payment,813.04,12/13/2022,Winter
12177,12178,127,Transfer,8600.54,4/16/2023,Spring
12178,12179,2233,Withdrawal,5099.61,6/7/2022,Summer
12179,12180,2497,Deposit,5690.72,3/5/2025,Spring
12180,12181,878,Deposit,652.33,2/26/2025,Winter
12181,12182,3947,Deposit,1548.35,6/27/2024,Summer
12182,12183,1065,Withdrawal,7649.87,4/16/2024,Spring
12183,12184,68,Transfer,4185.01,12/10/2023,Winter
12184,12185,4869,Deposit,9358.17,3/19/2024,Spring
12185,12186,4251,Deposit,2644.98,8/9/2023,Summer
12186,12187,1543,Payment,8071.68,9/29/2023,Fall
12187,12188,4025,Payment,3957.93,1/23/2025,Winter
12188,12189,4705,Withdrawal,4913.16,7/26/2023,Summer
12189,12190,2641,Transfer,8126.79,12/18/2023,Winter
12190,12191,94,Deposit,2992.01,2/6/2025,Winter
12191,12192,1291,Deposit,4537.54,2/3/2023,Winter
12192,12193,4670,Deposit,1549.37,5/24/2024,Spring
12193,12194,3953,Payment,179.08,8/19/2023,Summer
12194,12195,706,Payment,4729.7,3/1/2025,Spring
12195,12196,119,Withdrawal,1258.18,5/12/2023,Spring
12196,12197,2368,Transfer,5639.18,5/6/2023,Spring
12197,12198,4757,Payment,6207.11,5/9/2025,Spring
12198,12199,4662,Withdrawal,4091.5,9/1/2022,Fall
12199,12200,70,Deposit,4470.2,9/21/2023,Fall
12200,12201,2304,Payment,612.26,9/29/2023,Fall
12201,12202,2911,Withdrawal,73.53,12/19/2024,Winter
12202,12203,3059,Deposit,2608.25,8/7/2023,Summer
12203,12204,1209,Payment,9772.65,2/8/2023,Winter
12204,12205,37,Withdrawal,3260.48,7/1/2022,Summer
12205,12206,2911,Withdrawal,797.77,12/27/2022,Winter
12206,12207,3552,Transfer,8364.44,8/17/2022,Summer
12207,12208,2231,Payment,3542.61,4/15/2023,Spring
12208,12209,2553,Withdrawal,5064.17,2/10/2023,Winter
12209,12210,4404,Payment,8804.86,7/15/2023,Summer
12210,12211,2693,Withdrawal,6019.82,10/26/2023,Fall
12211,12212,4908,Withdrawal,9322.01,4/14/2025,Spring
12212,12213,1156,Withdrawal,2591.74,3/15/2024,Spring
12213,12214,4316,Withdrawal,1269.91,4/22/2025,Spring
12214,12215,4423,Payment,572.54,7/15/2022,Summer
12215,12216,1341,Payment,5675.1,6/9/2023,Summer
12216,12217,1058,Deposit,5100.5,8/17/2024,Summer
12217,12218,2869,Payment,4280.71,4/30/2025,Spring
12218,12219,3213,Transfer,7952.42,5/29/2024,Spring
12219,12220,109,Payment,483.04,4/4/2024,Spring
12220,12221,1824,Withdrawal,4924.81,10/4/2022,Fall
12221,12222,1140,Withdrawal,1446.26,7/29/2024,Summer
12222,12223,1540,Deposit,1057.84,8/27/2023,Summer
12223,12224,2832,Payment,2694.15,10/10/2024,Fall
12224,12225,1782,Transfer,1675.04,5/25/2024,Spring
12225,12226,2526,Deposit,4490.7,9/28/2024,Fall
12226,12227,1372,Payment,1850.71,11/16/2023,Fall
12227,12228,2430,Payment,942.59,12/11/2022,Winter
12228,12229,778,Deposit,5973.01,2/28/2024,Winter
12229,12230,2418,Transfer,2322.17,2/8/2024,Winter
12230,12231,3620,Deposit,1025.09,7/19/2023,Summer
12231,12232,3361,Withdrawal,6245.65,5/2/2023,Spring
12232,12233,2456,Transfer,517.04,7/21/2022,Summer
12233,12234,3942,Withdrawal,520.87,10/4/2024,Fall
12234,12235,3222,Payment,1291.48,4/3/2025,Spring
12235,12236,241,Payment,2655.57,2/28/2025,Winter
12236,12237,606,Transfer,857.89,12/3/2023,Winter
12237,12238,4945,Transfer,9500.36,2/23/2023,Winter
12238,12239,2162,Withdrawal,219.7,1/24/2023,Winter
12239,12240,3730,Withdrawal,2044.35,5/3/2024,Spring
12240,12241,3906,Deposit,7508.69,1/22/2024,Winter
12241,12242,279,Deposit,2773.45,4/18/2024,Spring
12242,12243,3098,Deposit,8203.6,10/11/2024,Fall
12243,12244,1559,Payment,9950.98,4/12/2023,Spring
12244,12245,3533,Payment,6997.17,1/24/2024,Winter
12245,12246,3634,Deposit,2019.54,12/24/2022,Winter
12246,12247,4334,Withdrawal,6408.72,6/15/2023,Summer
12247,12248,424,Withdrawal,3549.57,8/26/2022,Summer
12248,12249,14,Transfer,4105.77,10/2/2022,Fall
12249,12250,480,Withdrawal,377.52,10/5/2022,Fall
12250,12251,2853,Withdrawal,5770.28,7/19/2024,Summer
12251,12252,3868,Withdrawal,9166.31,3/3/2023,Spring
12252,12253,3999,Transfer,8360.74,12/14/2022,Winter
12253,12254,376,Deposit,2581.37,12/7/2024,Winter
12254,12255,2940,Transfer,2134.12,3/3/2025,Spring
12255,12256,3188,Deposit,2841.15,3/22/2025,Spring
12256,12257,2144,Deposit,2401.19,7/22/2024,Summer
12257,12258,3104,Payment,3960.79,10/19/2024,Fall
12258,12259,3161,Deposit,4198.37,11/2/2023,Fall
12259,12260,375,Withdrawal,2356.3,11/7/2022,Fall
12260,12261,925,Deposit,6780.74,3/30/2023,Spring
12261,12262,1754,Payment,1229.14,3/23/2024,Spring
12262,12263,451,Payment,886.72,10/26/2023,Fall
12263,12264,1358,Withdrawal,9969.37,11/8/2022,Fall
12264,12265,3726,Transfer,9335.46,6/28/2022,Summer
12265,12266,2704,Deposit,3577.29,5/15/2023,Spring
12266,12267,1751,Payment,8497.21,12/4/2024,Winter
12267,12268,1881,Deposit,4371.91,8/1/2022,Summer
12268,12269,3862,Payment,6206,3/24/2023,Spring
12269,12270,2393,Deposit,7165.13,10/13/2024,Fall
12270,12271,3397,Withdrawal,9670.7,12/24/2023,Winter
12271,12272,4279,Transfer,5404.26,4/19/2024,Spring
12272,12273,2735,Payment,1571.54,11/7/2023,Fall
12273,12274,4217,Transfer,543.1,3/2/2023,Spring
12274,12275,2646,Transfer,6596.55,4/2/2024,Spring
12275,12276,240,Withdrawal,3047.18,2/23/2024,Winter
12276,12277,4478,Deposit,9521.36,6/3/2023,Summer
12277,12278,3760,Deposit,3248.73,12/27/2022,Winter
12278,12279,4635,Transfer,7200.07,11/3/2023,Fall
12279,12280,2726,Transfer,5694.21,6/19/2023,Summer
12280,12281,4777,Transfer,7399.03,8/8/2023,Summer
12281,12282,4803,Deposit,1994.95,6/5/2024,Summer
12282,12283,2672,Payment,6376.98,3/7/2024,Spring
12283,12284,3257,Withdrawal,8374.1,12/30/2022,Winter
12284,12285,2853,Deposit,2405.04,1/1/2023,Winter
12285,12286,4125,Deposit,6144.03,5/15/2024,Spring
12286,12287,1543,Deposit,5868.68,11/6/2023,Fall
12287,12288,2552,Transfer,1018.98,6/6/2023,Summer
12288,12289,2160,Transfer,8818.58,11/14/2023,Fall
12289,12290,562,Withdrawal,9797.2,6/29/2022,Summer
12290,12291,183,Payment,4794.93,3/3/2023,Spring
12291,12292,2004,Deposit,6988.95,1/10/2023,Winter
12292,12293,506,Withdrawal,7394.5,12/11/2022,Winter
12293,12294,2436,Withdrawal,3107.78,2/9/2024,Winter
12294,12295,4558,Withdrawal,4470.33,11/30/2022,Fall
12295,12296,1331,Deposit,5066.96,12/20/2022,Winter
12296,12297,3531,Transfer,9514.55,3/4/2024,Spring
12297,12298,860,Withdrawal,8126.07,10/17/2023,Fall
12298,12299,2779,Transfer,4568.83,4/22/2024,Spring
12299,12300,1848,Transfer,6797.53,8/15/2022,Summer
12300,12301,239,Payment,7084.4,1/15/2023,Winter
12301,12302,2454,Deposit,5888.76,3/11/2025,Spring
12302,12303,4652,Deposit,6484.76,7/10/2023,Summer
12303,12304,590,Deposit,578.47,8/6/2024,Summer
12304,12305,3632,Transfer,8124.42,10/20/2022,Fall
12305,12306,4334,Payment,7796.61,5/30/2023,Spring
12306,12307,2178,Transfer,9507.5,11/4/2024,Fall
12307,12308,699,Deposit,9569.29,1/25/2024,Winter
12308,12309,1903,Deposit,3605.08,6/12/2024,Summer
12309,12310,4196,Payment,5086.52,12/30/2022,Winter
12310,12311,643,Withdrawal,87.03,4/29/2023,Spring
12311,12312,1665,Withdrawal,7545.09,12/20/2022,Winter
12312,12313,2082,Withdrawal,7640.93,8/5/2023,Summer
12313,12314,1322,Transfer,2200.04,6/12/2024,Summer
12314,12315,230,Transfer,2920.01,10/23/2022,Fall
12315,12316,182,Payment,6843.41,1/13/2024,Winter
12316,12317,1871,Deposit,216.4,10/12/2023,Fall
12317,12318,3787,Transfer,8775.09,2/11/2024,Winter
12318,12319,224,Withdrawal,2991.35,7/4/2023,Summer
12319,12320,4218,Transfer,4669.53,9/22/2023,Fall
12320,12321,245,Withdrawal,4489.05,11/25/2023,Fall
12321,12322,2499,Deposit,7321.85,8/3/2022,Summer
12322,12323,2348,Transfer,7712.14,1/27/2025,Winter
12323,12324,1913,Withdrawal,8362,10/9/2022,Fall
12324,12325,3415,Transfer,3765.72,6/27/2023,Summer
12325,12326,4081,Deposit,6987.75,1/12/2023,Winter
12326,12327,3064,Transfer,3195.59,9/22/2023,Fall
12327,12328,3073,Withdrawal,73.14,4/3/2024,Spring
12328,12329,1800,Payment,3055.75,6/14/2024,Summer
12329,12330,3415,Withdrawal,4637.14,10/17/2024,Fall
12330,12331,151,Payment,1595.55,4/16/2024,Spring
12331,12332,475,Withdrawal,701.35,8/24/2024,Summer
12332,12333,819,Transfer,2231.37,10/12/2022,Fall
12333,12334,936,Deposit,3279.66,1/6/2023,Winter
12334,12335,4094,Payment,3417.15,8/6/2022,Summer
12335,12336,2617,Withdrawal,8917.06,9/29/2024,Fall
12336,12337,2636,Deposit,6667.84,2/25/2023,Winter
12337,12338,4925,Deposit,5337.61,4/26/2023,Spring
12338,12339,52,Transfer,3850.42,1/14/2025,Winter
12339,12340,1057,Withdrawal,2163.54,5/8/2024,Spring
12340,12341,4846,Withdrawal,834.86,8/22/2023,Summer
12341,12342,2199,Payment,993.84,1/3/2024,Winter
12342,12343,733,Transfer,783.01,5/26/2022,Spring
12343,12344,4214,Payment,5273.83,6/30/2022,Summer
12344,12345,2394,Deposit,7113.5,1/19/2024,Winter
12345,12346,4949,Transfer,7177.94,3/6/2025,Spring
12346,12347,2715,Deposit,7519.33,9/20/2022,Fall
12347,12348,71,Payment,6920.99,7/18/2022,Summer
12348,12349,207,Withdrawal,6960.06,7/21/2024,Summer
12349,12350,4880,Transfer,9567.95,2/18/2024,Winter
12350,12351,4135,Transfer,1193.25,11/10/2023,Fall
12351,12352,2168,Transfer,3615.44,4/22/2023,Spring
12352,12353,1643,Deposit,4274.63,10/10/2024,Fall
12353,12354,3674,Transfer,232.45,2/26/2024,Winter
12354,12355,2324,Withdrawal,2634.29,11/5/2024,Fall
12355,12356,4090,Payment,5370.03,9/10/2022,Fall
12356,12357,1055,Withdrawal,2039.39,12/24/2024,Winter
12357,12358,2709,Withdrawal,3607.03,3/1/2024,Spring
12358,12359,4898,Deposit,3460.13,7/27/2024,Summer
12359,12360,1531,Transfer,4855.95,8/21/2022,Summer
12360,12361,214,Deposit,5610.37,12/29/2023,Winter
12361,12362,1094,Payment,8476.54,8/22/2022,Summer
12362,12363,1296,Payment,5814.46,8/29/2022,Summer
12363,12364,4754,Transfer,8095.97,1/11/2025,Winter
12364,12365,328,Withdrawal,9475.21,5/21/2023,Spring
12365,12366,1112,Transfer,7030.79,11/18/2024,Fall
12366,12367,3541,Transfer,6536.94,11/30/2023,Fall
12367,12368,891,Payment,2186.71,4/18/2025,Spring
12368,12369,818,Payment,2008.06,11/7/2024,Fall
12369,12370,270,Deposit,9591.47,9/19/2024,Fall
12370,12371,2834,Transfer,620.83,2/2/2024,Winter
12371,12372,1749,Transfer,6182.43,3/23/2024,Spring
12372,12373,4178,Withdrawal,2337.34,3/1/2025,Spring
12373,12374,3815,Deposit,2214.51,4/8/2023,Spring
12374,12375,2841,Transfer,627.22,2/8/2023,Winter
12375,12376,970,Transfer,909.76,3/30/2023,Spring
12376,12377,878,Transfer,4691.92,12/10/2024,Winter
12377,12378,4249,Withdrawal,8970.96,3/8/2024,Spring
12378,12379,2457,Withdrawal,1777.02,2/15/2023,Winter
12379,12380,3857,Payment,5431.29,9/8/2022,Fall
12380,12381,4465,Transfer,8671.74,7/15/2024,Summer
12381,12382,3962,Transfer,2851.23,8/30/2022,Summer
12382,12383,4687,Withdrawal,5888.97,2/3/2024,Winter
12383,12384,196,Transfer,1732.26,9/26/2022,Fall
12384,12385,1165,Deposit,4936.54,2/17/2025,Winter
12385,12386,449,Payment,6147.22,9/1/2024,Fall
12386,12387,813,Payment,7842.28,1/21/2023,Winter
12387,12388,2376,Payment,3209.59,12/15/2023,Winter
12388,12389,586,Transfer,331.26,8/25/2023,Summer
12389,12390,812,Withdrawal,1781.55,10/14/2022,Fall
12390,12391,1933,Payment,5345.61,9/11/2023,Fall
12391,12392,1684,Transfer,1955.47,1/3/2023,Winter
12392,12393,3901,Payment,2484.83,7/22/2024,Summer
12393,12394,1125,Payment,4982.73,9/21/2022,Fall
12394,12395,949,Transfer,776.65,6/23/2023,Summer
12395,12396,1659,Deposit,1996.34,12/13/2023,Winter
12396,12397,4219,Deposit,8692.73,11/16/2023,Fall
12397,12398,2381,Withdrawal,8586.53,9/15/2024,Fall
12398,12399,2900,Withdrawal,8201.33,10/30/2022,Fall
12399,12400,4724,Payment,9340.32,4/8/2024,Spring
12400,12401,1669,Transfer,4031.75,7/28/2024,Summer
12401,12402,3201,Deposit,7457.63,4/21/2025,Spring
12402,12403,3395,Transfer,4651.32,7/6/2023,Summer
12403,12404,4915,Transfer,8743.93,12/18/2023,Winter
12404,12405,2540,Transfer,6182.57,4/16/2024,Spring
12405,12406,21,Deposit,4666.2,4/29/2024,Spring
12406,12407,86,Payment,2365.99,7/2/2022,Summer
12407,12408,862,Payment,6491.22,2/8/2025,Winter
12408,12409,2453,Deposit,2096.95,1/19/2023,Winter
12409,12410,1470,Payment,9391.45,7/17/2024,Summer
12410,12411,1395,Deposit,9622.71,7/25/2022,Summer
12411,12412,1419,Payment,1792.68,7/31/2023,Summer
12412,12413,3958,Transfer,3919.04,2/9/2023,Winter
12413,12414,4077,Transfer,5013.42,10/20/2023,Fall
12414,12415,1932,Payment,4306.35,9/29/2022,Fall
12415,12416,4174,Withdrawal,8284.96,8/28/2022,Summer
12416,12417,1891,Deposit,3200.56,4/7/2024,Spring
12417,12418,4553,Transfer,7344.5,11/23/2022,Fall
12418,12419,4515,Deposit,3455.07,10/9/2023,Fall
12419,12420,1231,Payment,8724.58,10/26/2024,Fall
12420,12421,4929,Withdrawal,9824.52,12/2/2023,Winter
12421,12422,785,Withdrawal,6231.68,7/4/2023,Summer
12422,12423,2832,Transfer,6793.8,7/4/2023,Summer
12423,12424,1684,Transfer,2589.99,8/9/2024,Summer
12424,12425,1910,Transfer,6043.32,6/24/2024,Summer
12425,12426,4004,Payment,8127.69,9/20/2023,Fall
12426,12427,571,Withdrawal,3934.06,2/18/2023,Winter
12427,12428,2825,Withdrawal,1576.32,8/1/2024,Summer
12428,12429,658,Deposit,139.71,1/10/2024,Winter
12429,12430,888,Payment,6679.55,1/8/2023,Winter
12430,12431,649,Payment,7286.03,7/14/2023,Summer
12431,12432,2316,Payment,8530.6,3/9/2025,Spring
12432,12433,4216,Transfer,9691,8/12/2023,Summer
12433,12434,2282,Withdrawal,1622.49,9/17/2023,Fall
12434,12435,2445,Withdrawal,2181.5,11/5/2023,Fall
12435,12436,597,Payment,7293.68,5/31/2023,Spring
12436,12437,374,Payment,1845.83,11/27/2022,Fall
12437,12438,103,Deposit,4359.78,1/7/2023,Winter
12438,12439,535,Deposit,9920.22,8/31/2024,Summer
12439,12440,186,Transfer,9793,2/24/2025,Winter
12440,12441,2372,Withdrawal,440.38,8/26/2024,Summer
12441,12442,2714,Transfer,9122.63,3/4/2023,Spring
12442,12443,538,Withdrawal,5385.59,11/25/2024,Fall
12443,12444,3427,Payment,7997.57,11/15/2022,Fall
12444,12445,1546,Deposit,7919,9/14/2024,Fall
12445,12446,528,Deposit,9280.04,5/23/2022,Spring
12446,12447,2079,Deposit,5034.65,6/2/2024,Summer
12447,12448,1197,Deposit,5845.26,5/16/2024,Spring
12448,12449,2978,Transfer,8164.3,9/24/2024,Fall
12449,12450,4102,Payment,8302.94,7/22/2022,Summer
12450,12451,1356,Payment,3774.59,8/24/2022,Summer
12451,12452,4190,Withdrawal,2024.71,12/10/2023,Winter
12452,12453,2142,Payment,9311.78,9/24/2022,Fall
12453,12454,2840,Deposit,5190.54,4/7/2025,Spring
12454,12455,2962,Withdrawal,2020.45,11/3/2023,Fall
12455,12456,3248,Transfer,7320.13,3/6/2024,Spring
12456,12457,476,Withdrawal,9589.62,8/15/2023,Summer
12457,12458,2385,Transfer,3620.92,10/26/2022,Fall
12458,12459,590,Transfer,6338.61,9/9/2022,Fall
12459,12460,1282,Withdrawal,7315.61,7/20/2022,Summer
12460,12461,4993,Payment,661.76,6/24/2024,Summer
12461,12462,3433,Payment,6980,11/21/2023,Fall
12462,12463,1293,Withdrawal,9638.9,3/13/2023,Spring
12463,12464,4791,Deposit,4859.29,3/25/2025,Spring
12464,12465,4785,Payment,6581.53,7/18/2024,Summer
12465,12466,4528,Deposit,6736.72,6/25/2024,Summer
12466,12467,550,Transfer,8981.07,2/10/2024,Winter
12467,12468,3107,Payment,8702.38,10/29/2023,Fall
12468,12469,3447,Deposit,1637.03,12/10/2024,Winter
12469,12470,155,Payment,1488.39,7/4/2022,Summer
12470,12471,193,Withdrawal,8689.94,5/22/2023,Spring
12471,12472,3834,Payment,7896.77,12/14/2024,Winter
12472,12473,3728,Transfer,9293.16,4/11/2025,Spring
12473,12474,626,Withdrawal,3736.88,8/31/2023,Summer
12474,12475,4475,Withdrawal,730.84,11/7/2022,Fall
12475,12476,3142,Payment,8845.47,12/21/2023,Winter
12476,12477,2548,Transfer,546.32,6/3/2022,Summer
12477,12478,3680,Deposit,1655.85,8/9/2024,Summer
12478,12479,2795,Deposit,2029.41,1/21/2023,Winter
12479,12480,3212,Payment,6102.24,7/10/2023,Summer
12480,12481,2833,Payment,9223.08,7/16/2024,Summer
12481,12482,4607,Withdrawal,309.19,12/19/2022,Winter
12482,12483,4675,Transfer,716.51,5/15/2024,Spring
12483,12484,2248,Withdrawal,6164.16,10/23/2022,Fall
12484,12485,476,Payment,9864.45,5/14/2022,Spring
12485,12486,2263,Transfer,216.29,6/24/2023,Summer
12486,12487,4817,Withdrawal,6231.52,5/11/2023,Spring
12487,12488,2425,Payment,4631.6,10/23/2022,Fall
12488,12489,4662,Payment,8578.37,12/18/2022,Winter
12489,12490,1156,Deposit,907.65,6/21/2023,Summer
12490,12491,1669,Withdrawal,6225.14,5/22/2023,Spring
12491,12492,2636,Payment,5065.93,12/5/2022,Winter
12492,12493,161,Deposit,1841.81,8/30/2022,Summer
12493,12494,4653,Deposit,2597.7,12/31/2024,Winter
12494,12495,3128,Withdrawal,8774.59,9/8/2023,Fall
12495,12496,3194,Payment,2153.4,10/28/2024,Fall
12496,12497,1888,Transfer,79.12,4/25/2023,Spring
12497,12498,1790,Transfer,4149.59,9/18/2023,Fall
12498,12499,4265,Withdrawal,7712.2,10/25/2024,Fall
12499,12500,3865,Withdrawal,4623.76,6/27/2023,Summer
12500,12501,315,Transfer,2854.75,6/21/2023,Summer
12501,12502,3886,Transfer,4388.25,6/10/2023,Summer
12502,12503,462,Transfer,9061.68,10/22/2024,Fall
12503,12504,1880,Payment,4922.51,3/17/2024,Spring
12504,12505,2463,Payment,3233.96,12/7/2022,Winter
12505,12506,73,Withdrawal,8783.01,8/10/2023,Summer
12506,12507,772,Transfer,7087.04,12/12/2024,Winter
12507,12508,980,Transfer,512.97,7/28/2024,Summer
12508,12509,2490,Payment,8597.31,3/19/2023,Spring
12509,12510,1057,Withdrawal,9616.67,12/11/2023,Winter
12510,12511,105,Payment,5130.84,4/6/2024,Spring
12511,12512,717,Withdrawal,5566.7,11/12/2022,Fall
12512,12513,1373,Transfer,5640.65,12/21/2024,Winter
12513,12514,513,Transfer,7011.72,10/10/2023,Fall
12514,12515,300,Withdrawal,1376.91,7/15/2023,Summer
12515,12516,2902,Payment,9194.68,8/13/2023,Summer
12516,12517,3503,Payment,2336.65,12/28/2024,Winter
12517,12518,4488,Withdrawal,711.88,3/16/2024,Spring
12518,12519,4101,Withdrawal,2336.58,10/4/2024,Fall
12519,12520,3278,Transfer,1968.77,5/6/2023,Spring
12520,12521,4394,Deposit,3454.94,6/27/2022,Summer
12521,12522,669,Withdrawal,3154.08,6/15/2022,Summer
12522,12523,4898,Payment,7186.8,3/23/2023,Spring
12523,12524,613,Deposit,1911.15,1/26/2024,Winter
12524,12525,1796,Deposit,4066.86,4/25/2025,Spring
12525,12526,1930,Transfer,7654.12,5/3/2023,Spring
12526,12527,3596,Withdrawal,9140.16,9/26/2023,Fall
12527,12528,2274,Deposit,8407.73,5/22/2022,Spring
12528,12529,2770,Deposit,2832.28,12/7/2022,Winter
12529,12530,3854,Deposit,7842.82,9/20/2022,Fall
12530,12531,188,Payment,5656.31,11/17/2024,Fall
12531,12532,2664,Transfer,6724.72,9/9/2022,Fall
12532,12533,824,Deposit,1556.26,9/10/2022,Fall
12533,12534,2974,Withdrawal,6083.52,4/28/2023,Spring
12534,12535,506,Transfer,5138.82,5/18/2022,Spring
12535,12536,924,Transfer,9891.34,2/29/2024,Winter
12536,12537,877,Deposit,5633.57,4/26/2025,Spring
12537,12538,4571,Withdrawal,8008.91,9/16/2024,Fall
12538,12539,2622,Payment,7929.51,2/11/2023,Winter
12539,12540,2969,Withdrawal,1325.2,4/5/2024,Spring
12540,12541,36,Transfer,9748.39,4/7/2024,Spring
12541,12542,4545,Withdrawal,8690.02,4/16/2024,Spring
12542,12543,604,Transfer,226.99,4/20/2024,Spring
12543,12544,1311,Transfer,7506.32,2/21/2023,Winter
12544,12545,2195,Payment,1839.21,4/30/2025,Spring
12545,12546,3053,Transfer,8163.56,5/26/2022,Spring
12546,12547,1103,Withdrawal,2700.45,7/10/2023,Summer
12547,12548,453,Deposit,1113.32,11/13/2022,Fall
12548,12549,2324,Payment,1821.47,12/21/2022,Winter
12549,12550,704,Withdrawal,4552.73,1/10/2024,Winter
12550,12551,1141,Payment,6845.9,3/6/2023,Spring
12551,12552,3869,Deposit,9612.63,11/15/2024,Fall
12552,12553,3850,Transfer,387.76,1/16/2025,Winter
12553,12554,3999,Payment,5719.82,7/1/2023,Summer
12554,12555,3866,Deposit,1276.09,9/2/2023,Fall
12555,12556,1367,Payment,9527.59,5/28/2023,Spring
12556,12557,3370,Payment,6771.36,5/14/2024,Spring
12557,12558,855,Withdrawal,2178.91,5/18/2022,Spring
12558,12559,4939,Withdrawal,8543.85,3/8/2025,Spring
12559,12560,682,Transfer,3414.33,10/6/2024,Fall
12560,12561,1683,Payment,7813.39,6/8/2022,Summer
12561,12562,2756,Deposit,738.82,8/12/2023,Summer
12562,12563,1040,Withdrawal,854.39,8/11/2022,Summer
12563,12564,4514,Deposit,5000.53,12/23/2024,Winter
12564,12565,69,Payment,9698.02,7/1/2024,Summer
12565,12566,3894,Deposit,8203.63,6/2/2024,Summer
12566,12567,4780,Payment,1717.32,8/20/2023,Summer
12567,12568,2282,Transfer,9291.74,2/10/2024,Winter
12568,12569,1731,Deposit,8848.83,5/11/2025,Spring
12569,12570,2746,Transfer,5506.69,9/16/2024,Fall
12570,12571,524,Transfer,2558.78,7/29/2023,Summer
12571,12572,1003,Payment,8008.71,5/20/2023,Spring
12572,12573,3994,Payment,1883.97,5/28/2023,Spring
12573,12574,4618,Transfer,1568.09,7/21/2022,Summer
12574,12575,316,Deposit,3948.54,2/12/2025,Winter
12575,12576,3776,Transfer,7213.83,11/3/2022,Fall
12576,12577,354,Deposit,7209.34,6/21/2022,Summer
12577,12578,4650,Payment,941.18,5/21/2022,Spring
12578,12579,2296,Payment,2499.26,8/29/2024,Summer
12579,12580,763,Payment,8017.47,5/23/2023,Spring
12580,12581,2924,Payment,9331.74,10/31/2023,Fall
12581,12582,4044,Withdrawal,194.82,3/14/2025,Spring
12582,12583,1235,Deposit,9049.03,2/23/2025,Winter
12583,12584,2745,Payment,4430.15,7/3/2023,Summer
12584,12585,209,Withdrawal,3651.99,9/3/2024,Fall
12585,12586,2832,Deposit,997.96,12/17/2024,Winter
12586,12587,4262,Deposit,489.02,12/14/2024,Winter
12587,12588,4012,Withdrawal,1370.03,5/10/2023,Spring
12588,12589,4179,Withdrawal,8880.3,2/20/2025,Winter
12589,12590,3975,Withdrawal,1491.16,10/26/2022,Fall
12590,12591,2465,Deposit,8691.17,9/14/2023,Fall
12591,12592,599,Payment,244.38,7/3/2024,Summer
12592,12593,4271,Deposit,9446.58,1/17/2023,Winter
12593,12594,3731,Deposit,1461.24,4/22/2025,Spring
12594,12595,3811,Withdrawal,2847.69,3/18/2024,Spring
12595,12596,1836,Withdrawal,5475.98,7/9/2024,Summer
12596,12597,2231,Withdrawal,2669.87,7/6/2022,Summer
12597,12598,2482,Deposit,5625.25,9/26/2023,Fall
12598,12599,35,Transfer,1660.38,8/2/2024,Summer
12599,12600,637,Withdrawal,1910.43,5/4/2023,Spring
12600,12601,4103,Deposit,1552.41,3/14/2025,Spring
12601,12602,1395,Withdrawal,6625.02,4/5/2025,Spring
12602,12603,1202,Deposit,3716.29,12/19/2024,Winter
12603,12604,481,Withdrawal,4520.04,2/15/2024,Winter
12604,12605,4102,Deposit,971.46,3/24/2025,Spring
12605,12606,2417,Payment,1869.87,12/21/2022,Winter
12606,12607,741,Withdrawal,7816.26,11/28/2022,Fall
12607,12608,2719,Deposit,3713.39,4/21/2025,Spring
12608,12609,2976,Payment,5240.55,9/21/2024,Fall
12609,12610,2142,Withdrawal,2293.27,12/22/2024,Winter
12610,12611,3940,Payment,7702.87,3/30/2023,Spring
12611,12612,1698,Withdrawal,4665.02,4/27/2023,Spring
12612,12613,1022,Transfer,4340.56,6/4/2024,Summer
12613,12614,254,Payment,9255.82,6/17/2022,Summer
12614,12615,4821,Payment,6850.54,5/24/2022,Spring
12615,12616,2670,Withdrawal,1566.48,12/18/2024,Winter
12616,12617,586,Transfer,7447.91,2/14/2023,Winter
12617,12618,1116,Deposit,8764.23,5/7/2023,Spring
12618,12619,2452,Payment,1541.2,2/23/2025,Winter
12619,12620,1146,Withdrawal,4399.08,5/19/2024,Spring
12620,12621,444,Payment,8771.39,8/23/2022,Summer
12621,12622,1084,Payment,189.76,4/24/2023,Spring
12622,12623,4504,Payment,9632.49,11/20/2024,Fall
12623,12624,3003,Payment,362.26,9/1/2023,Fall
12624,12625,3457,Payment,9223.72,9/18/2024,Fall
12625,12626,186,Deposit,6605.08,4/19/2023,Spring
12626,12627,2295,Deposit,6861.24,2/21/2023,Winter
12627,12628,1996,Payment,7089.46,8/6/2024,Summer
12628,12629,3021,Transfer,8619.24,6/5/2022,Summer
12629,12630,4261,Withdrawal,425.85,10/27/2022,Fall
12630,12631,1868,Withdrawal,7654.71,9/2/2024,Fall
12631,12632,22,Payment,868.32,1/24/2025,Winter
12632,12633,848,Transfer,2557.44,3/18/2023,Spring
12633,12634,1862,Transfer,8950.95,7/21/2024,Summer
12634,12635,3694,Deposit,44.96,6/19/2022,Summer
12635,12636,2952,Deposit,549.66,6/20/2022,Summer
12636,12637,483,Transfer,3320.32,11/13/2023,Fall
12637,12638,4963,Transfer,9570.25,1/24/2025,Winter
12638,12639,3144,Deposit,8463.45,3/2/2023,Spring
12639,12640,3713,Payment,5379.17,7/15/2024,Summer
12640,12641,387,Transfer,1782.06,10/9/2023,Fall
12641,12642,1723,Deposit,6099.49,12/31/2022,Winter
12642,12643,2810,Payment,2586.29,4/2/2023,Spring
12643,12644,4861,Deposit,1025.49,6/20/2024,Summer
12644,12645,1984,Transfer,8586.28,6/22/2023,Summer
12645,12646,4830,Deposit,6817.05,8/14/2024,Summer
12646,12647,4972,Withdrawal,6901.02,2/20/2025,Winter
12647,12648,114,Transfer,6660.36,8/15/2024,Summer
12648,12649,2149,Transfer,1115.59,9/27/2024,Fall
12649,12650,759,Deposit,5020.1,9/12/2022,Fall
12650,12651,435,Payment,2596.8,11/12/2023,Fall
12651,12652,4735,Payment,9813.42,2/14/2024,Winter
12652,12653,2290,Payment,9341.87,12/17/2023,Winter
12653,12654,3510,Deposit,6928.57,6/29/2024,Summer
12654,12655,2394,Transfer,80.22,11/13/2024,Fall
12655,12656,2331,Transfer,8164.43,10/29/2022,Fall
12656,12657,4945,Transfer,2907.96,3/12/2023,Spring
12657,12658,3795,Transfer,8141.63,9/10/2023,Fall
12658,12659,3460,Deposit,2952.38,5/10/2024,Spring
12659,12660,3916,Transfer,1344.81,5/8/2023,Spring
12660,12661,1647,Deposit,3628.29,7/17/2023,Summer
12661,12662,4770,Withdrawal,9093.46,4/3/2025,Spring
12662,12663,3503,Deposit,2833.75,2/5/2025,Winter
12663,12664,923,Deposit,4609.45,6/29/2023,Summer
12664,12665,4215,Deposit,1781.31,7/30/2024,Summer
12665,12666,3198,Withdrawal,2579.77,6/23/2023,Summer
12666,12667,3275,Transfer,8206.61,12/12/2022,Winter
12667,12668,1498,Payment,401.38,7/27/2023,Summer
12668,12669,4479,Payment,4130.17,4/16/2024,Spring
12669,12670,4706,Withdrawal,4545.1,8/25/2024,Summer
12670,12671,4388,Withdrawal,8334.63,7/30/2024,Summer
12671,12672,1712,Deposit,5318.26,10/12/2023,Fall
12672,12673,833,Deposit,6349.15,2/3/2025,Winter
12673,12674,4933,Transfer,7717.16,5/3/2025,Spring
12674,12675,1475,Transfer,9959.87,8/1/2023,Summer
12675,12676,2375,Transfer,5912.5,2/7/2023,Winter
12676,12677,984,Deposit,9336.8,9/9/2023,Fall
12677,12678,1051,Deposit,3258.27,1/28/2023,Winter
12678,12679,3721,Deposit,4680.44,7/5/2024,Summer
12679,12680,4707,Transfer,7313.58,12/29/2022,Winter
12680,12681,4797,Transfer,7784.98,2/19/2023,Winter
12681,12682,2920,Payment,7170.15,10/8/2022,Fall
12682,12683,655,Deposit,4225.77,6/23/2024,Summer
12683,12684,1270,Deposit,1133.59,1/16/2025,Winter
12684,12685,1123,Payment,2018.87,1/6/2023,Winter
12685,12686,757,Withdrawal,438.41,4/8/2025,Spring
12686,12687,4554,Payment,3460,5/5/2025,Spring
12687,12688,2718,Transfer,567.85,1/12/2024,Winter
12688,12689,709,Withdrawal,1260.97,9/7/2022,Fall
12689,12690,3121,Deposit,3113.18,1/26/2024,Winter
12690,12691,3616,Withdrawal,8633.1,8/26/2023,Summer
12691,12692,3074,Deposit,1452.66,2/11/2023,Winter
12692,12693,1926,Payment,2105.12,9/20/2022,Fall
12693,12694,4503,Deposit,4875.78,11/24/2022,Fall
12694,12695,4534,Transfer,1658.93,5/9/2023,Spring
12695,12696,2396,Withdrawal,1005.08,1/17/2024,Winter
12696,12697,2140,Transfer,5380.79,3/8/2023,Spring
12697,12698,509,Transfer,2295.08,7/20/2023,Summer
12698,12699,2163,Transfer,5198,5/31/2022,Spring
12699,12700,994,Deposit,3538.44,8/26/2023,Summer
12700,12701,575,Deposit,7412.43,3/18/2023,Spring
12701,12702,3907,Deposit,2143.91,12/26/2024,Winter
12702,12703,683,Payment,2104.02,5/30/2024,Spring
12703,12704,1431,Transfer,1493.58,12/15/2023,Winter
12704,12705,542,Transfer,4246.77,7/14/2024,Summer
12705,12706,1232,Deposit,1736.83,8/30/2023,Summer
12706,12707,3731,Transfer,3566.84,10/9/2022,Fall
12707,12708,3563,Withdrawal,2836.08,2/20/2023,Winter
12708,12709,658,Payment,148.69,12/31/2023,Winter
12709,12710,505,Withdrawal,1416.19,2/6/2025,Winter
12710,12711,1246,Deposit,5796.76,9/4/2023,Fall
12711,12712,1205,Deposit,5702.71,11/19/2022,Fall
12712,12713,2998,Deposit,9970.73,3/3/2024,Spring
12713,12714,3949,Deposit,6290.97,4/6/2025,Spring
12714,12715,1230,Payment,1213.06,6/6/2024,Summer
12715,12716,4666,Payment,1179.1,11/27/2022,Fall
12716,12717,1320,Payment,3403.05,4/9/2024,Spring
12717,12718,2873,Deposit,7310.03,12/1/2024,Winter
12718,12719,4856,Payment,4587.55,6/14/2022,Summer
12719,12720,3939,Transfer,7437.33,9/26/2022,Fall
12720,12721,4396,Deposit,6307.64,1/15/2024,Winter
12721,12722,2759,Transfer,6837.12,6/12/2023,Summer
12722,12723,1365,Deposit,8514.66,12/13/2024,Winter
12723,12724,4348,Payment,7995.11,2/17/2023,Winter
12724,12725,4517,Payment,3363.32,5/10/2025,Spring
12725,12726,4754,Payment,7305.2,8/24/2022,Summer
12726,12727,1649,Withdrawal,1637.95,10/25/2024,Fall
12727,12728,4745,Withdrawal,3313.51,9/24/2024,Fall
12728,12729,3885,Withdrawal,3728.41,2/10/2024,Winter
12729,12730,1881,Payment,3432.8,8/27/2024,Summer
12730,12731,2996,Deposit,6558.73,8/8/2023,Summer
12731,12732,3773,Transfer,5213.74,4/29/2024,Spring
12732,12733,1812,Payment,4104.28,1/28/2023,Winter
12733,12734,4873,Deposit,7298.63,7/24/2022,Summer
12734,12735,2447,Transfer,2743.36,7/27/2024,Summer
12735,12736,1206,Withdrawal,7207.66,11/7/2022,Fall
12736,12737,559,Withdrawal,6997.31,6/21/2023,Summer
12737,12738,1993,Withdrawal,6717.19,5/20/2022,Spring
12738,12739,3875,Transfer,1540.13,12/28/2024,Winter
12739,12740,1318,Transfer,2877.48,10/24/2022,Fall
12740,12741,1887,Transfer,3186.71,10/18/2023,Fall
12741,12742,4766,Transfer,8634.52,8/6/2024,Summer
12742,12743,464,Withdrawal,1266.44,3/5/2025,Spring
12743,12744,4729,Payment,4520.09,7/2/2023,Summer
12744,12745,656,Deposit,9994.23,3/4/2023,Spring
12745,12746,2978,Deposit,6782.23,11/17/2022,Fall
12746,12747,3196,Withdrawal,6711,1/4/2024,Winter
12747,12748,1269,Withdrawal,1755.49,7/14/2023,Summer
12748,12749,2952,Payment,5197.86,8/3/2022,Summer
12749,12750,3735,Transfer,153.39,4/8/2023,Spring
12750,12751,1865,Deposit,619.53,3/4/2024,Spring
12751,12752,3283,Withdrawal,1986.31,8/21/2023,Summer
12752,12753,2339,Withdrawal,984.52,4/1/2024,Spring
12753,12754,566,Deposit,315.79,7/22/2024,Summer
12754,12755,983,Withdrawal,2231.74,7/23/2022,Summer
12755,12756,2378,Deposit,354.8,5/16/2022,Spring
12756,12757,2457,Withdrawal,929.97,11/1/2024,Fall
12757,12758,2608,Payment,7910.16,5/6/2024,Spring
12758,12759,3614,Transfer,876.73,3/16/2025,Spring
12759,12760,2544,Deposit,9704.87,3/2/2025,Spring
12760,12761,4841,Deposit,5791.8,8/14/2022,Summer
12761,12762,981,Withdrawal,3771.94,1/10/2024,Winter
12762,12763,1877,Transfer,1071.06,5/22/2022,Spring
12763,12764,4258,Payment,2267.89,8/8/2023,Summer
12764,12765,71,Withdrawal,1633.01,4/1/2025,Spring
12765,12766,1264,Payment,3383.18,4/23/2025,Spring
12766,12767,441,Withdrawal,1707.1,9/7/2023,Fall
12767,12768,4544,Payment,7926.24,6/30/2022,Summer
12768,12769,2758,Deposit,8423.92,2/25/2024,Winter
12769,12770,4319,Payment,1922.3,4/24/2024,Spring
12770,12771,1159,Withdrawal,7380.69,12/27/2023,Winter
12771,12772,3304,Withdrawal,2446.46,5/7/2023,Spring
12772,12773,3710,Transfer,959.8,11/1/2024,Fall
12773,12774,506,Deposit,1833,1/22/2024,Winter
12774,12775,9,Transfer,227.97,3/6/2023,Spring
12775,12776,4514,Deposit,2679.41,9/19/2024,Fall
12776,12777,2009,Deposit,6474.57,8/19/2023,Summer
12777,12778,893,Withdrawal,6557.55,10/3/2023,Fall
12778,12779,2593,Deposit,1703.85,2/10/2023,Winter
12779,12780,1885,Payment,2430.5,4/24/2023,Spring
12780,12781,2135,Payment,6978.79,4/26/2023,Spring
12781,12782,323,Withdrawal,2143.1,3/6/2023,Spring
12782,12783,2897,Payment,1367.93,6/27/2023,Summer
12783,12784,3763,Withdrawal,1080.84,1/30/2023,Winter
12784,12785,3073,Deposit,4662.13,8/23/2022,Summer
12785,12786,257,Payment,3649.9,4/7/2025,Spring
12786,12787,1540,Withdrawal,5799.28,5/25/2024,Spring
12787,12788,1175,Payment,4582.31,6/12/2024,Summer
12788,12789,3560,Transfer,947.21,12/28/2024,Winter
12789,12790,1336,Transfer,829.61,2/19/2023,Winter
12790,12791,1988,Payment,330.44,4/5/2025,Spring
12791,12792,2955,Withdrawal,7535.45,11/9/2022,Fall
12792,12793,277,Transfer,5335.32,1/19/2023,Winter
12793,12794,2795,Payment,5581.25,5/29/2022,Spring
12794,12795,223,Transfer,2526.67,2/16/2023,Winter
12795,12796,3756,Transfer,2847.32,3/18/2023,Spring
12796,12797,2800,Withdrawal,4874.68,5/20/2023,Spring
12797,12798,3111,Payment,3130.37,5/9/2025,Spring
12798,12799,3105,Withdrawal,1820,9/5/2023,Fall
12799,12800,3159,Transfer,7940.9,1/3/2023,Winter
12800,12801,4358,Transfer,8453.57,11/15/2022,Fall
12801,12802,3632,Deposit,2797.55,11/13/2023,Fall
12802,12803,4067,Deposit,9822.43,5/20/2023,Spring
12803,12804,847,Withdrawal,1007.93,1/29/2024,Winter
12804,12805,1534,Withdrawal,9518.55,12/21/2024,Winter
12805,12806,223,Transfer,6168.03,8/26/2022,Summer
12806,12807,776,Transfer,4424.11,5/20/2022,Spring
12807,12808,2901,Deposit,3661.15,12/31/2023,Winter
12808,12809,2145,Deposit,7284.01,4/8/2025,Spring
12809,12810,523,Withdrawal,8800.68,8/29/2024,Summer
12810,12811,2947,Deposit,6388.79,4/2/2024,Spring
12811,12812,2764,Withdrawal,146.38,8/22/2022,Summer
12812,12813,3016,Withdrawal,2620.64,4/12/2025,Spring
12813,12814,41,Payment,5646.88,11/4/2024,Fall
12814,12815,4626,Deposit,1603.08,1/24/2024,Winter
12815,12816,1960,Withdrawal,8723.05,6/26/2022,Summer
12816,12817,3689,Deposit,5306.84,1/5/2023,Winter
12817,12818,4268,Deposit,5337.55,12/12/2023,Winter
12818,12819,2224,Payment,9184.39,2/19/2023,Winter
12819,12820,4616,Withdrawal,4142.57,8/30/2023,Summer
12820,12821,4350,Payment,8436.73,3/16/2024,Spring
12821,12822,1421,Payment,4074.34,2/23/2025,Winter
12822,12823,226,Payment,5199.06,11/13/2024,Fall
12823,12824,303,Withdrawal,8642.02,12/23/2023,Winter
12824,12825,2627,Deposit,6727.21,9/24/2022,Fall
12825,12826,3523,Withdrawal,6624.68,4/12/2024,Spring
12826,12827,3122,Deposit,6607.84,9/21/2023,Fall
12827,12828,3215,Payment,8476.66,7/13/2024,Summer
12828,12829,2681,Withdrawal,1950.58,6/19/2023,Summer
12829,12830,4053,Deposit,5984.77,5/5/2023,Spring
12830,12831,1187,Transfer,3886.73,4/14/2024,Spring
12831,12832,4305,Deposit,9991.46,7/16/2023,Summer
12832,12833,4075,Deposit,2724.52,7/15/2022,Summer
12833,12834,2435,Transfer,7540.96,3/3/2025,Spring
12834,12835,4482,Deposit,7257.6,1/27/2024,Winter
12835,12836,3150,Payment,7301.37,6/10/2024,Summer
12836,12837,3822,Withdrawal,2675.6,5/16/2022,Spring
12837,12838,1682,Payment,1961.95,9/6/2024,Fall
12838,12839,3,Transfer,2812.26,5/6/2025,Spring
12839,12840,2606,Payment,973.81,5/4/2024,Spring
12840,12841,1429,Deposit,4679.49,3/9/2025,Spring
12841,12842,102,Transfer,2686.19,1/23/2024,Winter
12842,12843,151,Payment,7585.95,4/27/2023,Spring
12843,12844,4151,Transfer,6709.76,8/6/2023,Summer
12844,12845,2933,Transfer,8761.52,4/24/2023,Spring
12845,12846,3450,Withdrawal,2058.69,11/2/2022,Fall
12846,12847,566,Transfer,2963.29,12/20/2024,Winter
12847,12848,403,Transfer,3080.24,1/29/2024,Winter
12848,12849,4704,Payment,4620.75,11/20/2022,Fall
12849,12850,1951,Withdrawal,58.96,9/27/2022,Fall
12850,12851,2893,Withdrawal,2371.99,5/4/2023,Spring
12851,12852,3040,Withdrawal,8603.03,9/16/2023,Fall
12852,12853,1738,Payment,4097.52,6/10/2024,Summer
12853,12854,50,Transfer,4985.09,10/26/2024,Fall
12854,12855,27,Payment,6653,5/23/2022,Spring
12855,12856,3680,Withdrawal,2634.91,6/11/2022,Summer
12856,12857,862,Deposit,4394.63,3/29/2024,Spring
12857,12858,1404,Transfer,1751.57,3/14/2024,Spring
12858,12859,4365,Withdrawal,8841.62,4/3/2025,Spring
12859,12860,2393,Transfer,9885.71,5/13/2023,Spring
12860,12861,154,Deposit,1731.63,2/10/2025,Winter
12861,12862,4942,Payment,2645.99,1/20/2025,Winter
12862,12863,3849,Deposit,489.31,1/31/2023,Winter
12863,12864,2733,Transfer,6219.79,7/29/2024,Summer
12864,12865,884,Payment,6605.87,3/18/2025,Spring
12865,12866,3205,Withdrawal,8049.07,8/20/2022,Summer
12866,12867,4657,Withdrawal,5499.76,10/19/2023,Fall
12867,12868,4662,Deposit,9630.62,5/8/2025,Spring
12868,12869,3171,Withdrawal,9100.29,3/19/2023,Spring
12869,12870,2214,Payment,3127.68,6/13/2023,Summer
12870,12871,3129,Transfer,548.79,6/13/2022,Summer
12871,12872,1509,Transfer,8627.97,9/2/2023,Fall
12872,12873,4021,Transfer,2173.98,3/15/2023,Spring
12873,12874,1844,Transfer,668.45,11/9/2023,Fall
12874,12875,804,Deposit,5751.94,10/7/2022,Fall
12875,12876,4579,Transfer,3166.6,11/12/2023,Fall
12876,12877,2084,Withdrawal,3293.95,1/5/2025,Winter
12877,12878,526,Transfer,2919.56,9/26/2022,Fall
12878,12879,3311,Transfer,3761.27,6/12/2023,Summer
12879,12880,4301,Payment,7212.45,2/24/2023,Winter
12880,12881,2675,Deposit,2071.79,8/3/2024,Summer
12881,12882,4592,Transfer,1915.32,5/9/2024,Spring
12882,12883,2096,Deposit,8691.7,11/4/2024,Fall
12883,12884,1923,Transfer,8414.75,8/15/2024,Summer
12884,12885,2655,Withdrawal,2198.15,10/10/2024,Fall
12885,12886,1069,Withdrawal,6668.79,2/11/2024,Winter
12886,12887,4874,Payment,1417.22,5/3/2024,Spring
12887,12888,2432,Withdrawal,5453.98,6/17/2024,Summer
12888,12889,1660,Payment,8586.19,5/28/2024,Spring
12889,12890,2023,Deposit,6190.22,8/31/2024,Summer
12890,12891,3914,Payment,9616.35,7/27/2024,Summer
12891,12892,2746,Deposit,3118.45,12/24/2023,Winter
12892,12893,1618,Payment,6343.81,8/21/2022,Summer
12893,12894,2114,Transfer,8388.1,1/17/2023,Winter
12894,12895,2235,Transfer,9212.04,1/23/2023,Winter
12895,12896,509,Deposit,3645.28,1/18/2025,Winter
12896,12897,3861,Withdrawal,5872.31,10/3/2024,Fall
12897,12898,1596,Payment,5796.19,12/6/2022,Winter
12898,12899,4824,Deposit,9996.12,3/9/2024,Spring
12899,12900,1596,Withdrawal,6690.38,1/31/2024,Winter
12900,12901,2135,Payment,5863.72,8/16/2024,Summer
12901,12902,4360,Withdrawal,626.4,3/4/2024,Spring
12902,12903,3925,Transfer,4925.62,6/17/2022,Summer
12903,12904,4323,Payment,1763.87,2/26/2023,Winter
12904,12905,1795,Transfer,9868.22,11/28/2022,Fall
12905,12906,3688,Withdrawal,615.07,9/13/2022,Fall
12906,12907,2279,Transfer,5212.47,1/13/2025,Winter
12907,12908,71,Withdrawal,3652.56,7/16/2023,Summer
12908,12909,3737,Deposit,8509.75,6/22/2023,Summer
12909,12910,3686,Transfer,1644.7,10/1/2023,Fall
12910,12911,2129,Withdrawal,4889.14,12/24/2022,Winter
12911,12912,501,Payment,2541.98,7/20/2022,Summer
12912,12913,2328,Deposit,8334.86,12/31/2023,Winter
12913,12914,4742,Payment,2892.39,9/3/2023,Fall
12914,12915,2838,Withdrawal,1888.93,1/10/2025,Winter
12915,12916,3366,Withdrawal,252.33,6/6/2023,Summer
12916,12917,1705,Withdrawal,4839.25,12/2/2022,Winter
12917,12918,1837,Transfer,3107.69,11/9/2022,Fall
12918,12919,1826,Deposit,6616.31,10/26/2024,Fall
12919,12920,4410,Withdrawal,9035.18,4/12/2025,Spring
12920,12921,69,Transfer,9858.29,7/31/2024,Summer
12921,12922,4740,Payment,1628.17,6/14/2024,Summer
12922,12923,4757,Withdrawal,5305.25,6/10/2024,Summer
12923,12924,229,Withdrawal,5170.85,9/14/2024,Fall
12924,12925,3197,Deposit,9126.99,3/14/2023,Spring
12925,12926,4746,Payment,119.47,5/2/2023,Spring
12926,12927,4158,Deposit,7632.99,12/6/2024,Winter
12927,12928,2292,Transfer,3206.42,5/16/2023,Spring
12928,12929,897,Withdrawal,3912.46,4/28/2023,Spring
12929,12930,1612,Payment,2367.16,1/19/2025,Winter
12930,12931,3573,Transfer,3227.74,7/3/2023,Summer
12931,12932,102,Deposit,1872.1,3/17/2025,Spring
12932,12933,1917,Withdrawal,1935.67,1/26/2023,Winter
12933,12934,661,Withdrawal,1911.43,11/1/2023,Fall
12934,12935,4543,Withdrawal,7651.61,4/8/2023,Spring
12935,12936,1178,Deposit,1269.43,8/26/2022,Summer
12936,12937,2262,Withdrawal,906.86,7/4/2022,Summer
12937,12938,4587,Withdrawal,3821.44,1/26/2024,Winter
12938,12939,3252,Withdrawal,5577.07,7/14/2022,Summer
12939,12940,1481,Transfer,2863.52,12/17/2023,Winter
12940,12941,3024,Deposit,584.5,11/25/2022,Fall
12941,12942,542,Deposit,3107.13,6/14/2022,Summer
12942,12943,1100,Withdrawal,8291.49,6/20/2023,Summer
12943,12944,2808,Transfer,8516.7,9/24/2022,Fall
12944,12945,1527,Payment,3577.96,10/20/2024,Fall
12945,12946,1409,Payment,1112.4,5/17/2022,Spring
12946,12947,2560,Deposit,3131.72,9/30/2022,Fall
12947,12948,3459,Transfer,2666.15,3/7/2025,Spring
12948,12949,860,Transfer,1034.91,12/27/2023,Winter
12949,12950,843,Withdrawal,5076.85,8/26/2024,Summer
12950,12951,1057,Deposit,826.62,9/27/2024,Fall
12951,12952,97,Deposit,6604.44,9/10/2023,Fall
12952,12953,1354,Deposit,2851.09,5/4/2024,Spring
12953,12954,3975,Transfer,8755.86,12/15/2023,Winter
12954,12955,4670,Transfer,5689.09,8/5/2023,Summer
12955,12956,35,Deposit,6150.26,3/23/2023,Spring
12956,12957,1163,Deposit,7598.55,9/17/2024,Fall
12957,12958,307,Transfer,5426.2,10/21/2024,Fall
12958,12959,3535,Payment,2417.92,3/29/2023,Spring
12959,12960,3712,Withdrawal,1327.1,6/29/2024,Summer
12960,12961,1629,Transfer,3238.1,9/28/2022,Fall
12961,12962,974,Transfer,3929.74,6/10/2023,Summer
12962,12963,1659,Payment,2285.18,7/30/2022,Summer
12963,12964,2516,Payment,9660.01,11/29/2024,Fall
12964,12965,191,Withdrawal,509.42,3/28/2025,Spring
12965,12966,4483,Transfer,474.47,9/11/2022,Fall
12966,12967,650,Transfer,3696.63,8/27/2023,Summer
12967,12968,702,Payment,3112.63,2/2/2025,Winter
12968,12969,3073,Deposit,8751.48,4/26/2023,Spring
12969,12970,818,Deposit,4057.87,2/21/2024,Winter
12970,12971,3487,Payment,2354.97,7/5/2024,Summer
12971,12972,3288,Deposit,95.38,6/7/2024,Summer
12972,12973,4585,Withdrawal,221.8,8/26/2022,Summer
12973,12974,2120,Withdrawal,1755.59,2/22/2025,Winter
12974,12975,3446,Transfer,1324.18,4/1/2023,Spring
12975,12976,3853,Withdrawal,5320.93,6/4/2024,Summer
12976,12977,1780,Withdrawal,1308.59,6/22/2023,Summer
12977,12978,126,Transfer,8656.75,12/6/2023,Winter
12978,12979,3812,Withdrawal,4721.44,8/6/2024,Summer
12979,12980,3812,Deposit,6463.26,10/24/2022,Fall
12980,12981,3667,Deposit,2206.5,12/28/2024,Winter
12981,12982,1008,Deposit,4466.63,6/24/2023,Summer
12982,12983,3890,Deposit,6176.05,7/8/2023,Summer
12983,12984,551,Deposit,9666.4,12/22/2022,Winter
12984,12985,328,Deposit,8612.83,12/20/2023,Winter
12985,12986,2344,Payment,1117.62,10/16/2022,Fall
12986,12987,1236,Deposit,2184.24,4/30/2023,Spring
12987,12988,1820,Payment,2939.1,4/6/2024,Spring
12988,12989,4918,Payment,2334.06,5/28/2023,Spring
12989,12990,4746,Deposit,3292.66,8/9/2022,Summer
12990,12991,4450,Withdrawal,8078.43,5/26/2024,Spring
12991,12992,4758,Transfer,702.53,11/5/2024,Fall
12992,12993,2621,Deposit,1004.9,10/14/2024,Fall
12993,12994,1759,Withdrawal,5722.98,8/5/2022,Summer
12994,12995,800,Payment,161.28,1/15/2023,Winter
12995,12996,1562,Deposit,9876.45,10/5/2022,Fall
12996,12997,4094,Withdrawal,7560.66,6/27/2023,Summer
12997,12998,2153,Withdrawal,2961.16,5/12/2023,Spring
12998,12999,3364,Deposit,2149.8,1/3/2025,Winter
12999,13000,4597,Withdrawal,6892.44,3/25/2025,Spring
13000,13001,72,Deposit,8793.79,11/9/2023,Fall
13001,13002,1463,Transfer,5016.96,1/13/2023,Winter
13002,13003,1264,Withdrawal,974.57,7/2/2022,Summer
13003,13004,3607,Deposit,1641.8,10/2/2023,Fall
13004,13005,1678,Withdrawal,7842.78,10/6/2024,Fall
13005,13006,3539,Deposit,7666.82,5/17/2022,Spring
13006,13007,4307,Transfer,3875.5,2/12/2023,Winter
13007,13008,2215,Deposit,5359.68,9/21/2024,Fall
13008,13009,2153,Withdrawal,3452.9,4/23/2024,Spring
13009,13010,4557,Withdrawal,3481.39,10/3/2023,Fall
13010,13011,2789,Deposit,9663.99,12/11/2022,Winter
13011,13012,3060,Transfer,6166.7,12/2/2023,Winter
13012,13013,2367,Transfer,9881.91,1/1/2023,Winter
13013,13014,2963,Withdrawal,9394.46,5/29/2024,Spring
13014,13015,479,Deposit,276.79,8/11/2022,Summer
13015,13016,410,Payment,1361.3,4/30/2025,Spring
13016,13017,1601,Payment,1801.02,5/23/2022,Spring
13017,13018,287,Payment,950.17,2/13/2025,Winter
13018,13019,1216,Withdrawal,8451.6,8/7/2023,Summer
13019,13020,715,Deposit,7093.77,7/28/2024,Summer
13020,13021,1883,Deposit,4177.76,1/19/2025,Winter
13021,13022,3096,Transfer,3349.24,1/28/2025,Winter
13022,13023,1899,Withdrawal,1214.97,11/8/2024,Fall
13023,13024,4292,Deposit,9396.35,3/6/2025,Spring
13024,13025,3809,Withdrawal,8305.89,10/13/2023,Fall
13025,13026,4845,Withdrawal,99.16,7/27/2023,Summer
13026,13027,1097,Withdrawal,9419.99,11/10/2023,Fall
13027,13028,2200,Withdrawal,9650.31,2/16/2024,Winter
13028,13029,412,Withdrawal,656.44,11/30/2024,Fall
13029,13030,4293,Deposit,7376.69,1/11/2023,Winter
13030,13031,3935,Transfer,9163.37,6/13/2023,Summer
13031,13032,4532,Payment,9042.91,12/26/2023,Winter
13032,13033,501,Payment,2281.85,1/2/2025,Winter
13033,13034,1665,Transfer,5747.52,9/30/2023,Fall
13034,13035,2668,Deposit,1300.73,4/8/2023,Spring
13035,13036,3091,Deposit,9193.54,3/14/2025,Spring
13036,13037,4630,Deposit,1101.2,5/15/2023,Spring
13037,13038,4564,Deposit,8734.39,12/21/2022,Winter
13038,13039,1344,Payment,1540.02,6/1/2022,Summer
13039,13040,1647,Transfer,1072.68,2/7/2024,Winter
13040,13041,3577,Transfer,3531.47,10/31/2024,Fall
13041,13042,4715,Payment,1313.68,7/3/2022,Summer
13042,13043,751,Withdrawal,9388.73,3/6/2023,Spring
13043,13044,4083,Transfer,8260.85,11/3/2022,Fall
13044,13045,1850,Payment,8403.74,7/30/2023,Summer
13045,13046,1333,Deposit,6122.81,9/29/2022,Fall
13046,13047,3408,Withdrawal,8562.83,5/27/2024,Spring
13047,13048,3102,Withdrawal,3931.77,10/18/2022,Fall
13048,13049,4748,Transfer,9365.96,11/24/2023,Fall
13049,13050,4984,Deposit,7339.63,1/14/2023,Winter
13050,13051,4944,Deposit,3222.69,7/16/2024,Summer
13051,13052,2992,Payment,1457.38,10/14/2024,Fall
13052,13053,57,Deposit,1919.1,5/12/2022,Spring
13053,13054,1138,Transfer,27.29,6/30/2024,Summer
13054,13055,1737,Withdrawal,3990.79,8/30/2023,Summer
13055,13056,623,Withdrawal,868.99,3/31/2025,Spring
13056,13057,3997,Deposit,9801.34,1/2/2025,Winter
13057,13058,1369,Payment,8593.68,10/25/2024,Fall
13058,13059,2866,Transfer,8299.99,10/7/2022,Fall
13059,13060,1030,Payment,6030.37,7/22/2023,Summer
13060,13061,2581,Transfer,8614.45,4/12/2024,Spring
13061,13062,310,Transfer,2579.67,7/29/2024,Summer
13062,13063,3037,Transfer,3104.59,1/3/2024,Winter
13063,13064,2174,Withdrawal,5573.82,8/4/2023,Summer
13064,13065,3779,Deposit,1757.1,2/15/2023,Winter
13065,13066,2346,Transfer,5491.86,3/10/2024,Spring
13066,13067,1481,Withdrawal,1426.58,7/22/2022,Summer
13067,13068,2774,Transfer,2040.72,3/24/2025,Spring
13068,13069,4053,Deposit,7669.85,3/22/2025,Spring
13069,13070,3767,Withdrawal,476.72,11/11/2022,Fall
13070,13071,678,Payment,6427.78,8/4/2024,Summer
13071,13072,3837,Payment,6836.99,4/28/2025,Spring
13072,13073,2394,Withdrawal,4273.41,2/8/2024,Winter
13073,13074,4908,Payment,3652.69,2/25/2025,Winter
13074,13075,4860,Payment,1159.65,8/7/2022,Summer
13075,13076,4897,Withdrawal,3626.34,11/11/2022,Fall
13076,13077,1345,Payment,453.08,11/21/2022,Fall
13077,13078,1487,Transfer,6956.98,5/11/2023,Spring
13078,13079,3236,Withdrawal,2731.65,10/6/2023,Fall
13079,13080,3781,Payment,3718.94,1/19/2025,Winter
13080,13081,3791,Transfer,8293.99,4/17/2024,Spring
13081,13082,2230,Deposit,1821.04,2/19/2024,Winter
13082,13083,663,Withdrawal,2770.71,12/16/2023,Winter
13083,13084,1356,Transfer,4844.47,10/2/2024,Fall
13084,13085,1701,Payment,1222.18,10/21/2024,Fall
13085,13086,2685,Transfer,2133.79,12/6/2022,Winter
13086,13087,3152,Deposit,5597.25,1/2/2025,Winter
13087,13088,3867,Payment,7741.22,1/5/2023,Winter
13088,13089,1848,Payment,4399.78,11/25/2023,Fall
13089,13090,2776,Withdrawal,4464.12,7/25/2023,Summer
13090,13091,1692,Withdrawal,1379.98,9/26/2022,Fall
13091,13092,3297,Withdrawal,7034.53,3/5/2023,Spring
13092,13093,1013,Payment,9001.39,5/7/2023,Spring
13093,13094,1254,Withdrawal,4153.49,4/24/2025,Spring
13094,13095,1829,Transfer,9109.85,11/24/2022,Fall
13095,13096,1584,Deposit,5692.35,4/7/2024,Spring
13096,13097,2007,Payment,6983.86,12/25/2023,Winter
13097,13098,3994,Transfer,7431.66,7/25/2022,Summer
13098,13099,2510,Payment,9530.19,10/1/2022,Fall
13099,13100,2341,Withdrawal,5095.65,11/22/2022,Fall
13100,13101,1894,Transfer,3337.4,5/23/2023,Spring
13101,13102,4782,Deposit,1035.37,6/6/2023,Summer
13102,13103,2958,Deposit,2370.74,11/2/2023,Fall
13103,13104,3541,Deposit,6601,9/23/2022,Fall
13104,13105,2701,Payment,1296.48,10/17/2023,Fall
13105,13106,1826,Payment,5197.36,4/12/2023,Spring
13106,13107,506,Payment,4965.9,1/17/2025,Winter
13107,13108,3421,Deposit,8366.42,3/19/2023,Spring
13108,13109,1885,Transfer,7314.67,5/1/2023,Spring
13109,13110,141,Transfer,4833.35,11/6/2024,Fall
13110,13111,710,Payment,4318.63,7/14/2023,Summer
13111,13112,3596,Payment,6368.28,10/8/2023,Fall
13112,13113,4547,Payment,3881.77,10/15/2023,Fall
13113,13114,3822,Deposit,235.16,6/4/2023,Summer
13114,13115,3528,Transfer,6349.19,8/24/2022,Summer
13115,13116,3740,Transfer,46.27,2/9/2023,Winter
13116,13117,3081,Payment,1642.73,12/29/2024,Winter
13117,13118,589,Payment,4776.77,1/24/2024,Winter
13118,13119,2936,Deposit,5264.06,1/25/2025,Winter
13119,13120,721,Deposit,1314.2,8/5/2024,Summer
13120,13121,2608,Transfer,1185.24,11/10/2023,Fall
13121,13122,2124,Transfer,4903.18,8/20/2023,Summer
13122,13123,510,Deposit,6449.28,12/21/2024,Winter
13123,13124,2346,Withdrawal,2231.02,9/13/2024,Fall
13124,13125,2513,Transfer,5110.14,4/10/2023,Spring
13125,13126,4542,Payment,9339.55,10/29/2024,Fall
13126,13127,1683,Deposit,1214.98,8/3/2024,Summer
13127,13128,1789,Transfer,2379.05,1/9/2025,Winter
13128,13129,2801,Transfer,5805.33,12/26/2023,Winter
13129,13130,2375,Withdrawal,7012.67,10/22/2022,Fall
13130,13131,189,Payment,9406.29,8/29/2022,Summer
13131,13132,3672,Deposit,5840.1,2/4/2023,Winter
13132,13133,2776,Withdrawal,7208.67,4/26/2023,Spring
13133,13134,1596,Withdrawal,1641.08,7/9/2022,Summer
13134,13135,931,Payment,1547.16,5/28/2024,Spring
13135,13136,4841,Withdrawal,2741.13,1/26/2023,Winter
13136,13137,3818,Payment,2990.31,6/6/2022,Summer
13137,13138,517,Withdrawal,6170.79,6/12/2024,Summer
13138,13139,2001,Transfer,1639.96,11/15/2023,Fall
13139,13140,4613,Deposit,8382.92,8/19/2022,Summer
13140,13141,3252,Deposit,1150.13,9/21/2023,Fall
13141,13142,299,Transfer,7212.05,10/20/2024,Fall
13142,13143,1535,Withdrawal,2088.61,7/7/2024,Summer
13143,13144,368,Withdrawal,2207.45,6/13/2023,Summer
13144,13145,2446,Payment,357.59,10/31/2024,Fall
13145,13146,157,Deposit,2059.22,6/29/2023,Summer
13146,13147,2657,Payment,3286.06,2/1/2023,Winter
13147,13148,1946,Payment,7627.56,8/30/2023,Summer
13148,13149,969,Transfer,9341.13,8/21/2024,Summer
13149,13150,4796,Payment,894.01,8/24/2023,Summer
13150,13151,210,Withdrawal,2536.84,8/7/2024,Summer
13151,13152,4971,Transfer,2429.53,6/28/2022,Summer
13152,13153,1914,Transfer,9286.78,2/11/2023,Winter
13153,13154,386,Transfer,6621.64,11/19/2022,Fall
13154,13155,1771,Transfer,1729.06,12/17/2023,Winter
13155,13156,2610,Withdrawal,3770.64,7/26/2024,Summer
13156,13157,765,Withdrawal,7642.65,6/9/2022,Summer
13157,13158,4012,Payment,6550.02,2/10/2023,Winter
13158,13159,1911,Payment,9022.86,4/14/2023,Spring
13159,13160,3230,Transfer,7216.65,10/24/2022,Fall
13160,13161,3301,Withdrawal,9556.08,8/15/2024,Summer
13161,13162,3429,Transfer,6065.29,1/18/2023,Winter
13162,13163,1513,Deposit,7790.23,11/1/2024,Fall
13163,13164,1294,Withdrawal,4203.74,11/11/2024,Fall
13164,13165,3797,Deposit,1828.39,11/11/2023,Fall
13165,13166,4804,Deposit,8582.36,8/6/2023,Summer
13166,13167,379,Deposit,7182.12,11/17/2023,Fall
13167,13168,4483,Withdrawal,5111.52,8/29/2023,Summer
13168,13169,2084,Transfer,8156.71,12/15/2024,Winter
13169,13170,3186,Withdrawal,3719.62,4/15/2025,Spring
13170,13171,61,Withdrawal,7852.28,11/26/2024,Fall
13171,13172,2594,Withdrawal,1888.43,6/4/2023,Summer
13172,13173,321,Payment,9922.45,4/1/2025,Spring
13173,13174,1089,Deposit,7120.13,11/21/2022,Fall
13174,13175,246,Payment,1712.34,10/7/2024,Fall
13175,13176,1358,Withdrawal,8727.26,11/15/2022,Fall
13176,13177,4291,Transfer,2212.04,3/26/2023,Spring
13177,13178,2004,Payment,1404.9,1/16/2023,Winter
13178,13179,4666,Payment,3837.24,5/23/2023,Spring
13179,13180,1054,Payment,303.71,7/1/2023,Summer
13180,13181,887,Transfer,1822.19,2/24/2025,Winter
13181,13182,3665,Payment,4479.19,4/26/2025,Spring
13182,13183,2973,Withdrawal,2756.36,12/28/2022,Winter
13183,13184,495,Transfer,9427.55,7/21/2022,Summer
13184,13185,4319,Payment,8668.77,9/14/2024,Fall
13185,13186,1174,Deposit,6381.75,3/13/2023,Spring
13186,13187,2819,Payment,3373.65,9/7/2024,Fall
13187,13188,2921,Transfer,5860.63,12/27/2024,Winter
13188,13189,376,Transfer,4825.55,4/20/2025,Spring
13189,13190,683,Transfer,6464.03,1/1/2023,Winter
13190,13191,4704,Withdrawal,9942.97,4/20/2023,Spring
13191,13192,3689,Payment,8323.52,5/29/2024,Spring
13192,13193,4744,Withdrawal,9461.75,10/30/2022,Fall
13193,13194,3794,Transfer,6991.47,8/2/2022,Summer
13194,13195,2692,Withdrawal,9521.95,11/18/2024,Fall
13195,13196,2529,Payment,183.93,5/13/2024,Spring
13196,13197,2750,Withdrawal,3318.83,5/28/2024,Spring
13197,13198,1016,Deposit,9699.33,11/27/2023,Fall
13198,13199,4812,Withdrawal,7129.3,8/16/2022,Summer
13199,13200,1440,Withdrawal,9196.21,3/12/2025,Spring
13200,13201,93,Withdrawal,712.52,6/12/2024,Summer
13201,13202,1357,Transfer,8098.74,12/15/2023,Winter
13202,13203,2577,Withdrawal,9803.22,6/29/2024,Summer
13203,13204,4406,Payment,3814.69,2/20/2024,Winter
13204,13205,4148,Deposit,9921.39,2/9/2025,Winter
13205,13206,3307,Payment,8529.02,5/25/2024,Spring
13206,13207,3079,Payment,4906.68,7/4/2022,Summer
13207,13208,3361,Deposit,1056.2,6/5/2024,Summer
13208,13209,182,Withdrawal,38.87,11/3/2022,Fall
13209,13210,1906,Payment,3678.49,3/2/2024,Spring
13210,13211,297,Payment,2477.77,5/18/2024,Spring
13211,13212,3243,Withdrawal,2759.28,12/14/2022,Winter
13212,13213,964,Withdrawal,5292.94,7/23/2024,Summer
13213,13214,4131,Transfer,8704.7,11/17/2022,Fall
13214,13215,3511,Withdrawal,5327.89,4/3/2024,Spring
13215,13216,1071,Transfer,7181.71,5/28/2023,Spring
13216,13217,3682,Transfer,6847.55,10/22/2022,Fall
13217,13218,4205,Transfer,5317.34,2/6/2025,Winter
13218,13219,4279,Deposit,1801.26,12/18/2024,Winter
13219,13220,1047,Deposit,1838.79,10/3/2023,Fall
13220,13221,2485,Payment,2949.76,9/18/2024,Fall
13221,13222,2885,Deposit,2255.61,8/29/2022,Summer
13222,13223,2077,Transfer,6363.6,1/6/2025,Winter
13223,13224,4598,Transfer,3904.25,12/7/2023,Winter
13224,13225,1088,Deposit,4193.51,10/30/2024,Fall
13225,13226,3663,Transfer,7894.41,6/21/2023,Summer
13226,13227,273,Payment,6661.97,3/29/2025,Spring
13227,13228,1404,Withdrawal,6568.19,5/22/2022,Spring
13228,13229,213,Deposit,8571.94,5/13/2024,Spring
13229,13230,649,Transfer,6146.34,12/1/2023,Winter
13230,13231,710,Payment,8735.77,6/5/2023,Summer
13231,13232,335,Transfer,7447.7,4/17/2023,Spring
13232,13233,2042,Withdrawal,2385.05,12/29/2023,Winter
13233,13234,4356,Transfer,3163.22,10/6/2022,Fall
13234,13235,3728,Withdrawal,5866.81,10/31/2023,Fall
13235,13236,1366,Payment,6302.46,2/24/2024,Winter
13236,13237,956,Withdrawal,1496.61,12/11/2023,Winter
13237,13238,4949,Deposit,2184.21,5/27/2024,Spring
13238,13239,2090,Deposit,8120.3,1/7/2025,Winter
13239,13240,4121,Deposit,3193.84,11/3/2024,Fall
13240,13241,1014,Payment,2895.97,2/5/2025,Winter
13241,13242,2055,Withdrawal,628.6,12/31/2022,Winter
13242,13243,4329,Withdrawal,5976.65,3/17/2024,Spring
13243,13244,4509,Deposit,7547.59,10/18/2022,Fall
13244,13245,3300,Transfer,9488.13,9/5/2022,Fall
13245,13246,3495,Deposit,972.39,8/8/2024,Summer
13246,13247,4955,Deposit,7787.64,10/17/2024,Fall
13247,13248,4668,Withdrawal,15.06,7/28/2023,Summer
13248,13249,734,Transfer,9663.57,2/13/2025,Winter
13249,13250,4231,Deposit,2402.87,5/16/2023,Spring
13250,13251,526,Transfer,7216.44,1/11/2023,Winter
13251,13252,4858,Transfer,8778.88,1/30/2025,Winter
13252,13253,1543,Deposit,6057.61,12/13/2024,Winter
13253,13254,2451,Transfer,6847.09,10/3/2022,Fall
13254,13255,4704,Payment,2473.35,2/21/2025,Winter
13255,13256,3242,Transfer,769.76,8/9/2024,Summer
13256,13257,1807,Deposit,5727.07,11/20/2023,Fall
13257,13258,2817,Transfer,5906.89,5/23/2023,Spring
13258,13259,4058,Deposit,1586.4,10/21/2023,Fall
13259,13260,2410,Transfer,2423.37,2/26/2025,Winter
13260,13261,3932,Transfer,1654.44,9/10/2022,Fall
13261,13262,3488,Deposit,1529.91,4/25/2025,Spring
13262,13263,1990,Withdrawal,7838.08,12/6/2023,Winter
13263,13264,3882,Deposit,8828.31,5/15/2022,Spring
13264,13265,4656,Transfer,6115.13,2/20/2025,Winter
13265,13266,4387,Withdrawal,4732.87,11/25/2022,Fall
13266,13267,2334,Payment,6527.49,5/8/2024,Spring
13267,13268,3314,Transfer,4051.26,2/19/2023,Winter
13268,13269,2861,Payment,7459.08,1/24/2024,Winter
13269,13270,1805,Transfer,8653.6,10/11/2023,Fall
13270,13271,928,Transfer,51.93,1/3/2023,Winter
13271,13272,1535,Deposit,6675.06,3/12/2023,Spring
13272,13273,2933,Payment,1030.05,11/18/2022,Fall
13273,13274,4376,Transfer,7063.22,3/23/2025,Spring
13274,13275,1166,Transfer,1991.98,10/6/2024,Fall
13275,13276,3074,Deposit,4111.67,11/5/2024,Fall
13276,13277,2637,Withdrawal,7284.7,9/12/2023,Fall
13277,13278,2280,Transfer,347.41,2/21/2023,Winter
13278,13279,1853,Transfer,5532.99,8/9/2022,Summer
13279,13280,2764,Deposit,5612.74,11/13/2022,Fall
13280,13281,534,Payment,232.19,10/25/2023,Fall
13281,13282,4840,Withdrawal,1813.12,10/26/2024,Fall
13282,13283,933,Payment,666.17,9/15/2022,Fall
13283,13284,1888,Payment,4904.61,2/11/2025,Winter
13284,13285,4272,Deposit,6205.88,2/7/2024,Winter
13285,13286,1477,Transfer,8127.52,9/10/2022,Fall
13286,13287,1795,Withdrawal,9838.35,12/31/2023,Winter
13287,13288,1219,Withdrawal,342.83,5/24/2024,Spring
13288,13289,2023,Deposit,2396.64,7/1/2024,Summer
13289,13290,2112,Transfer,1181.96,7/29/2024,Summer
13290,13291,176,Payment,9213.83,12/9/2024,Winter
13291,13292,3561,Transfer,4272.62,1/20/2025,Winter
13292,13293,2009,Withdrawal,5424.58,11/22/2022,Fall
13293,13294,4596,Withdrawal,4829.11,1/20/2025,Winter
13294,13295,3935,Withdrawal,6592.83,10/10/2023,Fall
13295,13296,4749,Transfer,4618.47,2/5/2023,Winter
13296,13297,2831,Payment,4141.4,12/10/2022,Winter
13297,13298,2165,Withdrawal,480.74,4/29/2023,Spring
13298,13299,1992,Withdrawal,6991.81,12/15/2023,Winter
13299,13300,1800,Withdrawal,8068.07,5/8/2024,Spring
13300,13301,1530,Transfer,7046.36,12/12/2022,Winter
13301,13302,1999,Deposit,91.27,12/12/2023,Winter
13302,13303,4806,Deposit,9050.03,5/1/2023,Spring
13303,13304,2089,Transfer,9377.23,2/7/2023,Winter
13304,13305,2860,Payment,2623.63,5/3/2025,Spring
13305,13306,1704,Deposit,9729.35,1/23/2023,Winter
13306,13307,3612,Payment,6849.19,5/15/2023,Spring
13307,13308,2794,Transfer,3029.61,3/13/2024,Spring
13308,13309,1317,Payment,4210.85,8/27/2022,Summer
13309,13310,1328,Deposit,4981.3,4/11/2025,Spring
13310,13311,3720,Deposit,8164.36,8/16/2022,Summer
13311,13312,1641,Withdrawal,6090.16,8/16/2022,Summer
13312,13313,3125,Withdrawal,526.32,11/26/2024,Fall
13313,13314,4530,Deposit,5013.65,3/4/2023,Spring
13314,13315,4099,Transfer,2659.24,3/13/2024,Spring
13315,13316,232,Transfer,9179.29,2/7/2024,Winter
13316,13317,1677,Payment,9633.97,7/25/2022,Summer
13317,13318,2096,Withdrawal,8762.53,11/28/2023,Fall
13318,13319,2967,Withdrawal,2733.01,11/11/2022,Fall
13319,13320,1133,Transfer,7099.15,11/20/2023,Fall
13320,13321,1891,Deposit,3087.47,11/4/2022,Fall
13321,13322,3236,Payment,1966.82,7/1/2023,Summer
13322,13323,1441,Payment,2336.79,4/6/2023,Spring
13323,13324,3616,Payment,4746.03,8/19/2023,Summer
13324,13325,3136,Deposit,6391.27,10/24/2022,Fall
13325,13326,2227,Deposit,6234.12,12/2/2023,Winter
13326,13327,3400,Transfer,3249.46,10/11/2024,Fall
13327,13328,1625,Deposit,629.6,3/30/2024,Spring
13328,13329,3745,Deposit,618.15,1/6/2024,Winter
13329,13330,1620,Payment,3875.28,12/18/2024,Winter
13330,13331,3598,Deposit,1167.9,3/4/2023,Spring
13331,13332,3240,Deposit,9536.53,11/25/2022,Fall
13332,13333,793,Deposit,1966.03,1/30/2023,Winter
13333,13334,2154,Withdrawal,437.85,3/3/2023,Spring
13334,13335,3029,Withdrawal,8244.19,4/11/2024,Spring
13335,13336,795,Transfer,802.11,12/8/2023,Winter
13336,13337,4925,Deposit,8896.71,5/19/2022,Spring
13337,13338,3102,Payment,6601.91,12/29/2024,Winter
13338,13339,3339,Transfer,9460.26,4/3/2023,Spring
13339,13340,3818,Deposit,5887.6,4/7/2024,Spring
13340,13341,4418,Deposit,5961.6,10/27/2023,Fall
13341,13342,2914,Transfer,2133.72,2/16/2023,Winter
13342,13343,4356,Payment,985.78,4/10/2024,Spring
13343,13344,303,Withdrawal,8758.68,9/29/2024,Fall
13344,13345,3060,Deposit,7626.52,10/7/2024,Fall
13345,13346,1639,Deposit,3377.35,8/19/2023,Summer
13346,13347,3503,Withdrawal,3476.66,4/20/2024,Spring
13347,13348,2578,Withdrawal,3092.52,1/12/2024,Winter
13348,13349,2448,Transfer,8346.96,1/31/2024,Winter
13349,13350,937,Transfer,7824.83,5/23/2022,Spring
13350,13351,1154,Transfer,6855.69,9/13/2022,Fall
13351,13352,3226,Deposit,4264.36,4/30/2025,Spring
13352,13353,3682,Payment,3746.1,9/2/2023,Fall
13353,13354,4139,Deposit,4900.49,12/5/2022,Winter
13354,13355,4379,Withdrawal,709.46,2/8/2024,Winter
13355,13356,292,Withdrawal,7298.62,1/26/2023,Winter
13356,13357,2582,Transfer,5846.02,4/22/2024,Spring
13357,13358,75,Transfer,1614.35,2/4/2024,Winter
13358,13359,2322,Withdrawal,5175.33,1/26/2023,Winter
13359,13360,3391,Transfer,1383.58,5/20/2023,Spring
13360,13361,4848,Transfer,6499.56,12/26/2023,Winter
13361,13362,4112,Deposit,149.38,4/12/2023,Spring
13362,13363,2575,Deposit,3866.31,10/9/2023,Fall
13363,13364,2873,Withdrawal,9280.86,1/19/2023,Winter
13364,13365,3464,Withdrawal,8550.81,7/25/2024,Summer
13365,13366,1233,Payment,1047.03,7/6/2022,Summer
13366,13367,4384,Withdrawal,3838.55,3/12/2023,Spring
13367,13368,3540,Withdrawal,543.48,3/14/2025,Spring
13368,13369,4529,Withdrawal,2547.53,4/29/2025,Spring
13369,13370,3942,Deposit,9398.54,1/1/2023,Winter
13370,13371,2690,Transfer,4392.63,10/5/2022,Fall
13371,13372,3072,Deposit,6452.12,3/3/2024,Spring
13372,13373,4699,Transfer,3303.37,7/13/2024,Summer
13373,13374,2035,Transfer,9519.7,3/9/2025,Spring
13374,13375,4821,Deposit,8414.76,5/29/2022,Spring
13375,13376,390,Withdrawal,544.48,6/20/2022,Summer
13376,13377,2290,Withdrawal,6458.84,11/15/2022,Fall
13377,13378,3375,Transfer,8586.99,4/21/2025,Spring
13378,13379,4911,Deposit,237.6,3/8/2025,Spring
13379,13380,4207,Withdrawal,4149,2/9/2024,Winter
13380,13381,1310,Withdrawal,9486.28,12/23/2024,Winter
13381,13382,2166,Withdrawal,2210.44,3/20/2024,Spring
13382,13383,1016,Transfer,7345.72,11/8/2024,Fall
13383,13384,2759,Withdrawal,4885.1,11/30/2024,Fall
13384,13385,3443,Withdrawal,639.26,7/19/2022,Summer
13385,13386,750,Transfer,7559.95,2/7/2024,Winter
13386,13387,4880,Deposit,835.15,1/28/2023,Winter
13387,13388,395,Payment,4227.81,12/22/2023,Winter
13388,13389,2210,Payment,8685.07,8/2/2022,Summer
13389,13390,2848,Deposit,5350.85,11/23/2023,Fall
13390,13391,4094,Payment,4110.91,11/30/2024,Fall
13391,13392,4717,Transfer,4387.81,6/14/2022,Summer
13392,13393,4837,Deposit,2568.08,12/12/2022,Winter
13393,13394,3648,Withdrawal,2493.99,6/2/2024,Summer
13394,13395,4239,Payment,7914.87,2/21/2024,Winter
13395,13396,2715,Deposit,4832.4,5/24/2023,Spring
13396,13397,2609,Transfer,3417.1,4/8/2025,Spring
13397,13398,429,Withdrawal,4934.98,2/2/2025,Winter
13398,13399,3786,Payment,8202.22,10/4/2024,Fall
13399,13400,1654,Payment,4204.76,2/8/2025,Winter
13400,13401,4440,Payment,8913.85,12/1/2024,Winter
13401,13402,4412,Deposit,3295.63,10/23/2024,Fall
13402,13403,2335,Payment,7776.35,7/9/2024,Summer
13403,13404,3579,Payment,5210.84,10/18/2023,Fall
13404,13405,4954,Payment,2954.15,2/15/2025,Winter
13405,13406,3750,Transfer,4475.71,5/29/2024,Spring
13406,13407,1771,Payment,8672,9/23/2022,Fall
13407,13408,4243,Payment,3469.58,10/10/2024,Fall
13408,13409,4430,Withdrawal,5036.51,6/24/2023,Summer
13409,13410,1900,Deposit,4407.22,9/27/2024,Fall
13410,13411,3124,Withdrawal,5855.93,7/18/2024,Summer
13411,13412,2658,Payment,1912.36,3/15/2023,Spring
13412,13413,4238,Deposit,8672.98,5/17/2023,Spring
13413,13414,3702,Deposit,6680.11,5/21/2023,Spring
13414,13415,4233,Payment,4895.78,12/9/2022,Winter
13415,13416,1486,Withdrawal,5586.66,1/12/2024,Winter
13416,13417,577,Deposit,6265.79,8/30/2024,Summer
13417,13418,2117,Transfer,691.11,8/15/2022,Summer
13418,13419,752,Transfer,6391.27,7/6/2022,Summer
13419,13420,3361,Payment,4789.37,7/29/2024,Summer
13420,13421,3735,Transfer,4387.56,5/5/2024,Spring
13421,13422,2314,Payment,763.59,7/30/2022,Summer
13422,13423,1905,Payment,3325.91,2/9/2024,Winter
13423,13424,2811,Transfer,6154.21,3/27/2025,Spring
13424,13425,2253,Withdrawal,7201.01,11/10/2024,Fall
13425,13426,14,Payment,7483.28,2/14/2023,Winter
13426,13427,4329,Deposit,199.62,1/17/2024,Winter
13427,13428,4616,Deposit,6874.72,3/15/2023,Spring
13428,13429,4319,Withdrawal,1124.48,12/17/2022,Winter
13429,13430,1219,Withdrawal,6393.32,7/1/2024,Summer
13430,13431,513,Deposit,7570.5,1/21/2025,Winter
13431,13432,1902,Payment,5173.75,4/3/2024,Spring
13432,13433,2043,Payment,2614.94,2/23/2023,Winter
13433,13434,2761,Withdrawal,783.96,4/29/2025,Spring
13434,13435,4639,Deposit,8169.75,9/27/2022,Fall
13435,13436,1202,Deposit,3379.65,11/18/2022,Fall
13436,13437,1961,Payment,1929.85,11/9/2023,Fall
13437,13438,1848,Transfer,4687.8,7/11/2023,Summer
13438,13439,2228,Withdrawal,8412.95,4/16/2023,Spring
13439,13440,4687,Transfer,1140.21,6/3/2023,Summer
13440,13441,2096,Payment,7211.07,8/17/2024,Summer
13441,13442,4510,Payment,4034.87,5/31/2023,Spring
13442,13443,3963,Deposit,2488.02,1/23/2023,Winter
13443,13444,4904,Deposit,480.98,6/20/2023,Summer
13444,13445,717,Deposit,565.07,12/1/2023,Winter
13445,13446,4743,Deposit,3508.38,10/24/2024,Fall
13446,13447,3911,Withdrawal,6773.27,7/26/2023,Summer
13447,13448,3346,Withdrawal,3449.94,11/18/2022,Fall
13448,13449,579,Deposit,7345.91,2/28/2023,Winter
13449,13450,2430,Withdrawal,7572.87,7/4/2023,Summer
13450,13451,1444,Payment,3338.79,1/30/2023,Winter
13451,13452,2917,Deposit,9584.48,11/23/2022,Fall
13452,13453,3892,Payment,5591.74,10/18/2023,Fall
13453,13454,1443,Payment,2269.94,5/26/2023,Spring
13454,13455,4808,Withdrawal,1543.43,8/20/2024,Summer
13455,13456,1169,Withdrawal,8257.98,11/23/2022,Fall
13456,13457,3275,Transfer,5525.43,11/10/2024,Fall
13457,13458,3159,Transfer,5258.53,6/15/2023,Summer
13458,13459,277,Deposit,3325.75,6/3/2023,Summer
13459,13460,2144,Withdrawal,9974.87,11/6/2024,Fall
13460,13461,2705,Withdrawal,8301.41,8/14/2023,Summer
13461,13462,2897,Deposit,1492.45,7/15/2024,Summer
13462,13463,763,Payment,8813.55,12/31/2022,Winter
13463,13464,44,Transfer,579.61,11/15/2024,Fall
13464,13465,1992,Deposit,4206.05,5/24/2023,Spring
13465,13466,4205,Payment,7673.44,6/4/2024,Summer
13466,13467,3105,Payment,2974.99,9/3/2024,Fall
13467,13468,311,Withdrawal,6360.35,12/7/2022,Winter
13468,13469,1026,Transfer,3915.5,5/23/2024,Spring
13469,13470,4962,Deposit,5716.75,7/12/2022,Summer
13470,13471,2954,Deposit,7989.51,2/16/2023,Winter
13471,13472,3767,Payment,9418.35,11/12/2024,Fall
13472,13473,323,Transfer,2338.22,2/26/2023,Winter
13473,13474,514,Payment,5658.07,2/2/2024,Winter
13474,13475,536,Withdrawal,6662.95,10/7/2023,Fall
13475,13476,2834,Deposit,2307.81,1/15/2024,Winter
13476,13477,2240,Transfer,3258.59,8/4/2024,Summer
13477,13478,621,Payment,3889.99,6/17/2023,Summer
13478,13479,4711,Deposit,9816.72,10/20/2022,Fall
13479,13480,3110,Withdrawal,4746.79,6/18/2023,Summer
13480,13481,1376,Transfer,9290.07,1/31/2025,Winter
13481,13482,811,Deposit,9613.95,6/13/2023,Summer
13482,13483,2031,Deposit,4426.19,2/2/2024,Winter
13483,13484,3345,Withdrawal,5247.2,12/7/2022,Winter
13484,13485,2673,Deposit,1148.65,3/28/2025,Spring
13485,13486,2365,Payment,2322.67,5/7/2024,Spring
13486,13487,1478,Payment,3908.52,3/10/2024,Spring
13487,13488,2440,Payment,4339.81,2/13/2025,Winter
13488,13489,2105,Payment,6143.9,8/29/2023,Summer
13489,13490,4617,Withdrawal,703.92,9/23/2023,Fall
13490,13491,4531,Payment,2910.28,3/7/2023,Spring
13491,13492,14,Deposit,4855.03,7/6/2023,Summer
13492,13493,2579,Withdrawal,602.57,12/24/2023,Winter
13493,13494,3118,Transfer,8913.21,1/24/2023,Winter
13494,13495,2701,Deposit,787.7,4/10/2023,Spring
13495,13496,3426,Withdrawal,4542.56,10/19/2022,Fall
13496,13497,78,Deposit,9489.65,3/13/2023,Spring
13497,13498,385,Payment,9314.19,5/11/2024,Spring
13498,13499,712,Withdrawal,7309.57,4/5/2024,Spring
13499,13500,1844,Withdrawal,4094.26,3/10/2025,Spring
13500,13501,1622,Deposit,1399.97,3/19/2024,Spring
13501,13502,427,Payment,1929.5,10/12/2023,Fall
13502,13503,3327,Deposit,6148.45,3/16/2024,Spring
13503,13504,1078,Withdrawal,5389.76,11/21/2024,Fall
13504,13505,3733,Withdrawal,9391.98,9/17/2023,Fall
13505,13506,1971,Withdrawal,9712.61,9/22/2024,Fall
13506,13507,3474,Deposit,143.16,8/8/2022,Summer
13507,13508,542,Withdrawal,3919.2,11/28/2022,Fall
13508,13509,1970,Payment,9727.23,5/26/2024,Spring
13509,13510,4355,Payment,3157.21,4/9/2025,Spring
13510,13511,3443,Payment,8237.47,7/27/2022,Summer
13511,13512,3196,Transfer,3679.12,5/23/2022,Spring
13512,13513,1058,Payment,3062.45,11/18/2024,Fall
13513,13514,1183,Withdrawal,8208.73,7/6/2023,Summer
13514,13515,4005,Deposit,3118.56,12/3/2024,Winter
13515,13516,1997,Transfer,6351.53,10/29/2022,Fall
13516,13517,455,Deposit,843.75,5/27/2022,Spring
13517,13518,2281,Withdrawal,736.21,12/29/2024,Winter
13518,13519,2487,Deposit,990.08,11/18/2022,Fall
13519,13520,4541,Transfer,3058.78,12/11/2022,Winter
13520,13521,853,Deposit,8695.75,7/8/2023,Summer
13521,13522,4497,Deposit,484.74,7/2/2022,Summer
13522,13523,4848,Payment,904.08,1/19/2024,Winter
13523,13524,373,Withdrawal,6085.72,11/14/2023,Fall
13524,13525,3529,Deposit,3298.57,10/20/2022,Fall
13525,13526,2475,Transfer,4708.92,7/20/2022,Summer
13526,13527,2000,Withdrawal,3829.36,2/7/2023,Winter
13527,13528,3659,Deposit,8445.19,3/14/2024,Spring
13528,13529,736,Transfer,3198.3,3/16/2025,Spring
13529,13530,4770,Withdrawal,1966.85,3/14/2023,Spring
13530,13531,4429,Deposit,472.8,7/22/2024,Summer
13531,13532,3481,Withdrawal,6830.34,8/24/2022,Summer
13532,13533,4481,Payment,8159.72,12/24/2022,Winter
13533,13534,2066,Deposit,2548.23,9/12/2022,Fall
13534,13535,869,Withdrawal,6321.58,7/13/2022,Summer
13535,13536,2095,Deposit,2489.69,4/25/2023,Spring
13536,13537,3028,Deposit,8723.82,1/19/2025,Winter
13537,13538,4907,Payment,8814.73,11/27/2024,Fall
13538,13539,2926,Deposit,8949.44,6/8/2024,Summer
13539,13540,2248,Withdrawal,1887.59,3/22/2024,Spring
13540,13541,4786,Payment,4377.22,5/22/2022,Spring
13541,13542,2449,Deposit,2159.14,7/21/2022,Summer
13542,13543,1125,Transfer,8083.27,1/29/2025,Winter
13543,13544,4806,Payment,9726.05,9/30/2022,Fall
13544,13545,2555,Deposit,7651.39,11/20/2024,Fall
13545,13546,1290,Withdrawal,6376.48,11/26/2022,Fall
13546,13547,2253,Transfer,1174.46,5/21/2023,Spring
13547,13548,3899,Transfer,8809.5,2/26/2025,Winter
13548,13549,2580,Transfer,4838.59,7/30/2023,Summer
13549,13550,1013,Transfer,1545.86,10/22/2023,Fall
13550,13551,2811,Transfer,8850.28,2/14/2024,Winter
13551,13552,3214,Payment,8841.92,2/25/2023,Winter
13552,13553,4739,Deposit,4127.24,1/23/2023,Winter
13553,13554,3157,Withdrawal,7685.03,1/17/2024,Winter
13554,13555,1543,Withdrawal,4292.11,9/17/2022,Fall
13555,13556,2836,Payment,3866.8,3/25/2025,Spring
13556,13557,4337,Deposit,2269.42,8/30/2023,Summer
13557,13558,1241,Transfer,5601.56,9/19/2022,Fall
13558,13559,2094,Payment,9988.74,6/27/2024,Summer
13559,13560,221,Transfer,8300.52,7/14/2022,Summer
13560,13561,3567,Deposit,2715.57,10/13/2024,Fall
13561,13562,50,Withdrawal,1637.85,8/13/2022,Summer
13562,13563,3366,Payment,6126.02,1/4/2025,Winter
13563,13564,3560,Deposit,1766.59,11/26/2023,Fall
13564,13565,518,Deposit,41.74,11/15/2022,Fall
13565,13566,3824,Withdrawal,8283.58,9/6/2023,Fall
13566,13567,1791,Payment,342.89,10/13/2023,Fall
13567,13568,663,Withdrawal,3108.25,9/30/2024,Fall
13568,13569,3825,Deposit,5399.41,10/23/2022,Fall
13569,13570,572,Withdrawal,8503.78,4/14/2024,Spring
13570,13571,678,Deposit,6168.2,12/9/2022,Winter
13571,13572,2609,Payment,7776.49,9/4/2024,Fall
13572,13573,2768,Transfer,2178.17,8/14/2024,Summer
13573,13574,928,Payment,3661.78,12/21/2022,Winter
13574,13575,1037,Withdrawal,7190.12,3/12/2024,Spring
13575,13576,4679,Payment,360.53,9/7/2023,Fall
13576,13577,4908,Payment,2998.91,6/28/2023,Summer
13577,13578,1318,Withdrawal,990.78,10/23/2024,Fall
13578,13579,3474,Payment,2795.09,12/22/2022,Winter
13579,13580,1814,Transfer,5787.77,8/24/2022,Summer
13580,13581,1041,Withdrawal,6677.42,1/18/2023,Winter
13581,13582,320,Payment,8581.67,2/25/2024,Winter
13582,13583,3523,Withdrawal,6283.86,9/1/2022,Fall
13583,13584,4662,Deposit,7148.37,11/4/2022,Fall
13584,13585,4857,Deposit,7239.96,11/17/2022,Fall
13585,13586,4994,Payment,1867.25,11/16/2022,Fall
13586,13587,3663,Payment,5260.81,4/12/2024,Spring
13587,13588,4649,Payment,3167.22,7/30/2023,Summer
13588,13589,4157,Deposit,2029.04,4/28/2025,Spring
13589,13590,1672,Deposit,72.01,4/22/2023,Spring
13590,13591,678,Transfer,314.01,12/22/2024,Winter
13591,13592,2295,Deposit,2608.53,3/27/2025,Spring
13592,13593,1762,Transfer,460.17,5/4/2024,Spring
13593,13594,4402,Payment,1082.41,12/23/2024,Winter
13594,13595,565,Deposit,4627.79,2/12/2024,Winter
13595,13596,3639,Transfer,856.21,9/1/2022,Fall
13596,13597,1267,Payment,8646.96,8/22/2022,Summer
13597,13598,2495,Withdrawal,4215.92,9/23/2023,Fall
13598,13599,1677,Deposit,8712.67,5/31/2023,Spring
13599,13600,874,Transfer,3675.6,7/14/2024,Summer
13600,13601,573,Deposit,5232.53,3/17/2024,Spring
13601,13602,4704,Payment,1210.55,12/23/2022,Winter
13602,13603,2252,Withdrawal,6045.93,4/9/2023,Spring
13603,13604,1985,Transfer,817.91,6/8/2023,Summer
13604,13605,3305,Transfer,6273.98,8/6/2023,Summer
13605,13606,1239,Withdrawal,2712.26,6/18/2024,Summer
13606,13607,4431,Deposit,5008.66,12/30/2023,Winter
13607,13608,570,Withdrawal,5286.91,7/19/2023,Summer
13608,13609,574,Transfer,8502.78,3/15/2023,Spring
13609,13610,3519,Payment,7371.59,12/4/2023,Winter
13610,13611,3666,Transfer,7407.35,10/15/2024,Fall
13611,13612,2326,Deposit,9584.11,11/17/2022,Fall
13612,13613,3822,Deposit,7951.92,9/21/2023,Fall
13613,13614,5000,Withdrawal,8628.4,6/8/2024,Summer
13614,13615,4725,Deposit,221.57,3/26/2024,Spring
13615,13616,3566,Transfer,2130.24,11/6/2023,Fall
13616,13617,2836,Withdrawal,1687.42,11/7/2024,Fall
13617,13618,1368,Payment,8995.62,2/28/2023,Winter
13618,13619,233,Transfer,9043.22,3/6/2024,Spring
13619,13620,2040,Transfer,787.12,9/8/2022,Fall
13620,13621,3470,Deposit,8553.51,4/26/2024,Spring
13621,13622,3014,Transfer,3688.42,12/11/2023,Winter
13622,13623,3065,Payment,3475.62,10/4/2022,Fall
13623,13624,3458,Transfer,6029.83,3/29/2025,Spring
13624,13625,3422,Payment,9340.2,12/2/2024,Winter
13625,13626,897,Transfer,8142.14,12/26/2024,Winter
13626,13627,3375,Withdrawal,3851.63,6/9/2022,Summer
13627,13628,2882,Transfer,6527.9,7/13/2023,Summer
13628,13629,3343,Transfer,1526.2,6/24/2024,Summer
13629,13630,2370,Payment,310.81,9/13/2022,Fall
13630,13631,4588,Transfer,5772.19,3/28/2023,Spring
13631,13632,3458,Payment,3308.73,9/23/2023,Fall
13632,13633,3469,Withdrawal,9116.23,4/25/2025,Spring
13633,13634,366,Deposit,2995.65,1/10/2025,Winter
13634,13635,1329,Withdrawal,6350.87,3/26/2023,Spring
13635,13636,1907,Deposit,5576.47,1/3/2025,Winter
13636,13637,2299,Transfer,5977.91,1/5/2024,Winter
13637,13638,583,Withdrawal,8584.63,4/18/2025,Spring
13638,13639,1108,Payment,9385.38,4/15/2023,Spring
13639,13640,1944,Withdrawal,8925.61,4/18/2025,Spring
13640,13641,3304,Payment,9042.02,10/29/2024,Fall
13641,13642,4600,Transfer,4640.52,3/18/2023,Spring
13642,13643,2635,Transfer,491.02,3/23/2025,Spring
13643,13644,1294,Payment,5817.7,5/11/2025,Spring
13644,13645,960,Transfer,3315.37,6/8/2022,Summer
13645,13646,4775,Deposit,7857.11,9/22/2022,Fall
13646,13647,919,Deposit,5227.28,1/16/2025,Winter
13647,13648,1884,Payment,2152.88,7/26/2022,Summer
13648,13649,4113,Payment,4016.16,2/16/2024,Winter
13649,13650,1145,Deposit,2747.81,8/27/2022,Summer
13650,13651,4634,Payment,3243.47,5/6/2023,Spring
13651,13652,2624,Transfer,9961.06,11/19/2024,Fall
13652,13653,2740,Payment,148.93,1/4/2024,Winter
13653,13654,2645,Deposit,7822.76,3/8/2024,Spring
13654,13655,4586,Transfer,2517.45,10/2/2024,Fall
13655,13656,104,Deposit,2753.54,8/20/2024,Summer
13656,13657,555,Transfer,7608.03,9/6/2024,Fall
13657,13658,1837,Deposit,8590.02,12/23/2022,Winter
13658,13659,3833,Transfer,7556.92,3/18/2024,Spring
13659,13660,3357,Deposit,7841.58,3/2/2023,Spring
13660,13661,2331,Deposit,7407.34,1/1/2024,Winter
13661,13662,3234,Payment,5826.21,4/10/2023,Spring
13662,13663,53,Payment,8480,1/10/2025,Winter
13663,13664,1996,Withdrawal,302.33,7/25/2022,Summer
13664,13665,2069,Withdrawal,7980.37,11/19/2022,Fall
13665,13666,3247,Deposit,9081.2,7/1/2023,Summer
13666,13667,723,Payment,1547.95,3/10/2025,Spring
13667,13668,1291,Deposit,7933.58,9/18/2022,Fall
13668,13669,1576,Payment,1612.69,3/4/2023,Spring
13669,13670,1167,Payment,3446.29,8/16/2022,Summer
13670,13671,3797,Payment,5775.37,5/21/2023,Spring
13671,13672,35,Deposit,5892.37,7/28/2022,Summer
13672,13673,3042,Payment,5320.45,8/6/2023,Summer
13673,13674,2755,Withdrawal,137.03,5/30/2023,Spring
13674,13675,983,Payment,1357.38,11/2/2022,Fall
13675,13676,3233,Deposit,6355.8,3/20/2024,Spring
13676,13677,3184,Withdrawal,5244.04,6/17/2022,Summer
13677,13678,1271,Withdrawal,1132.86,7/20/2023,Summer
13678,13679,3311,Withdrawal,7839.23,8/5/2022,Summer
13679,13680,2731,Transfer,9944.79,5/11/2024,Spring
13680,13681,1567,Payment,9816.43,5/11/2023,Spring
13681,13682,3298,Deposit,9692.67,4/5/2024,Spring
13682,13683,2746,Deposit,5067.75,2/21/2024,Winter
13683,13684,4360,Deposit,3333.52,1/12/2023,Winter
13684,13685,2606,Transfer,3639.64,9/30/2024,Fall
13685,13686,4876,Withdrawal,6432.73,1/14/2024,Winter
13686,13687,123,Transfer,8929.04,3/13/2025,Spring
13687,13688,3324,Deposit,245.97,1/26/2023,Winter
13688,13689,2497,Transfer,42.05,1/9/2025,Winter
13689,13690,1304,Transfer,1941.92,11/3/2024,Fall
13690,13691,2483,Payment,8068.88,3/18/2025,Spring
13691,13692,2482,Withdrawal,4322.98,8/20/2024,Summer
13692,13693,1249,Transfer,7181.05,10/13/2023,Fall
13693,13694,2473,Payment,2997.5,2/24/2024,Winter
13694,13695,2671,Deposit,2137.12,10/17/2022,Fall
13695,13696,273,Deposit,979.07,6/10/2022,Summer
13696,13697,3854,Deposit,3557.09,4/26/2023,Spring
13697,13698,4739,Deposit,5548.93,4/9/2023,Spring
13698,13699,1044,Deposit,6153.51,7/20/2024,Summer
13699,13700,981,Payment,9758.38,7/4/2023,Summer
13700,13701,2913,Deposit,4227.05,11/23/2023,Fall
13701,13702,882,Payment,8448.73,4/12/2023,Spring
13702,13703,2089,Deposit,1762.88,1/21/2025,Winter
13703,13704,3987,Deposit,9937.03,11/20/2023,Fall
13704,13705,4904,Transfer,7042.68,8/28/2022,Summer
13705,13706,4318,Deposit,8065.3,5/17/2022,Spring
13706,13707,4880,Withdrawal,3091.13,10/13/2022,Fall
13707,13708,3753,Deposit,3084.91,12/28/2022,Winter
13708,13709,15,Deposit,8766.56,4/28/2023,Spring
13709,13710,2478,Payment,7123.79,3/30/2025,Spring
13710,13711,4119,Transfer,2909.6,4/20/2024,Spring
13711,13712,1534,Transfer,6470.42,6/8/2023,Summer
13712,13713,3924,Payment,2045.94,3/27/2025,Spring
13713,13714,2611,Transfer,731.31,6/2/2024,Summer
13714,13715,1391,Payment,451.03,10/22/2023,Fall
13715,13716,2250,Transfer,3758.29,7/8/2024,Summer
13716,13717,2938,Withdrawal,4546.34,9/24/2024,Fall
13717,13718,2501,Deposit,2957.83,12/11/2023,Winter
13718,13719,457,Payment,9722.7,4/20/2025,Spring
13719,13720,745,Withdrawal,8986.28,7/17/2022,Summer
13720,13721,3192,Payment,4230.57,7/30/2022,Summer
13721,13722,2274,Payment,1336.22,12/11/2023,Winter
13722,13723,1260,Payment,3850.45,5/29/2022,Spring
13723,13724,484,Withdrawal,994.73,1/17/2024,Winter
13724,13725,3999,Withdrawal,3659.21,4/23/2024,Spring
13725,13726,2674,Transfer,4359.1,8/9/2022,Summer
13726,13727,4719,Transfer,432.38,2/27/2024,Winter
13727,13728,1738,Payment,2113.84,6/18/2023,Summer
13728,13729,3634,Payment,3743.38,9/13/2022,Fall
13729,13730,645,Withdrawal,8836.01,11/21/2022,Fall
13730,13731,3501,Withdrawal,9340.77,9/20/2022,Fall
13731,13732,4978,Deposit,2607.84,4/1/2025,Spring
13732,13733,388,Deposit,6627.41,5/31/2023,Spring
13733,13734,95,Transfer,8463.67,10/30/2022,Fall
13734,13735,4323,Deposit,8129.86,8/19/2023,Summer
13735,13736,1830,Transfer,9580.67,1/10/2025,Winter
13736,13737,1819,Deposit,8456.33,6/30/2022,Summer
13737,13738,562,Transfer,5035.45,12/31/2024,Winter
13738,13739,731,Withdrawal,915.23,7/4/2022,Summer
13739,13740,3019,Withdrawal,5485.37,11/30/2023,Fall
13740,13741,2117,Transfer,6274.82,10/10/2022,Fall
13741,13742,2395,Withdrawal,2284.09,9/20/2023,Fall
13742,13743,1793,Transfer,1737.85,3/25/2023,Spring
13743,13744,2590,Withdrawal,5183.55,4/15/2023,Spring
13744,13745,957,Deposit,8569.5,8/25/2022,Summer
13745,13746,2026,Deposit,648.13,2/5/2024,Winter
13746,13747,3283,Transfer,7620.66,4/23/2023,Spring
13747,13748,4116,Transfer,1362.58,8/4/2023,Summer
13748,13749,749,Transfer,7267.64,9/19/2024,Fall
13749,13750,4690,Payment,3152.55,4/9/2024,Spring
13750,13751,2557,Deposit,4864.58,8/2/2022,Summer
13751,13752,1489,Payment,5999.03,4/2/2023,Spring
13752,13753,4542,Transfer,9144.06,7/31/2024,Summer
13753,13754,1402,Transfer,4282.15,4/12/2023,Spring
13754,13755,2323,Deposit,2846.3,8/2/2024,Summer
13755,13756,2771,Deposit,3018.59,7/1/2024,Summer
13756,13757,1463,Transfer,8474.93,6/9/2023,Summer
13757,13758,1294,Deposit,8853.58,8/9/2024,Summer
13758,13759,4262,Payment,2971.48,11/12/2024,Fall
13759,13760,2127,Deposit,7682.64,3/12/2025,Spring
13760,13761,2886,Withdrawal,751.76,5/23/2024,Spring
13761,13762,205,Payment,8008.94,7/2/2023,Summer
13762,13763,2999,Deposit,4787.26,9/7/2023,Fall
13763,13764,3500,Payment,662.41,12/7/2023,Winter
13764,13765,4600,Deposit,7794.04,4/30/2024,Spring
13765,13766,4769,Deposit,7611.32,3/15/2025,Spring
13766,13767,3701,Transfer,364.22,9/19/2022,Fall
13767,13768,2001,Transfer,5804.29,11/22/2022,Fall
13768,13769,4740,Transfer,1223.18,2/8/2025,Winter
13769,13770,845,Transfer,9211.44,9/11/2022,Fall
13770,13771,1007,Transfer,9041.19,3/18/2023,Spring
13771,13772,3764,Payment,815.35,10/30/2022,Fall
13772,13773,3600,Transfer,7223.6,6/23/2023,Summer
13773,13774,871,Payment,7940.33,1/23/2025,Winter
13774,13775,1297,Transfer,1217.64,3/26/2023,Spring
13775,13776,4765,Transfer,7356.91,10/20/2023,Fall
13776,13777,2618,Deposit,21.47,8/14/2022,Summer
13777,13778,1592,Payment,9569.23,6/26/2024,Summer
13778,13779,392,Deposit,5645.92,6/29/2024,Summer
13779,13780,970,Deposit,420.21,8/15/2024,Summer
13780,13781,323,Transfer,5717.11,6/18/2023,Summer
13781,13782,1068,Deposit,2391.64,11/10/2023,Fall
13782,13783,2071,Withdrawal,1424.6,12/24/2022,Winter
13783,13784,3917,Withdrawal,8647.54,5/4/2024,Spring
13784,13785,3803,Transfer,1070.65,10/1/2023,Fall
13785,13786,4061,Withdrawal,6003.59,7/23/2022,Summer
13786,13787,352,Withdrawal,2505.55,1/4/2025,Winter
13787,13788,306,Payment,8589.12,12/5/2023,Winter
13788,13789,1596,Transfer,3855.7,7/6/2022,Summer
13789,13790,2597,Withdrawal,5847.59,1/17/2024,Winter
13790,13791,2226,Transfer,4990.93,8/16/2022,Summer
13791,13792,2653,Payment,4908.43,1/8/2025,Winter
13792,13793,1512,Transfer,5762.64,5/19/2024,Spring
13793,13794,180,Payment,4785.74,6/9/2022,Summer
13794,13795,574,Deposit,6775.2,5/27/2022,Spring
13795,13796,2415,Payment,1132.04,6/29/2022,Summer
13796,13797,2651,Payment,7752.86,9/28/2023,Fall
13797,13798,732,Withdrawal,5134.22,8/20/2022,Summer
13798,13799,4552,Withdrawal,590.47,9/25/2022,Fall
13799,13800,2819,Withdrawal,9917.38,4/28/2024,Spring
13800,13801,1054,Transfer,6621.21,8/13/2022,Summer
13801,13802,457,Withdrawal,468.21,9/30/2022,Fall
13802,13803,4658,Deposit,3117,10/21/2023,Fall
13803,13804,3242,Withdrawal,6684.86,9/26/2023,Fall
13804,13805,3825,Payment,9478.49,7/21/2022,Summer
13805,13806,2285,Withdrawal,6433.13,10/27/2024,Fall
13806,13807,979,Deposit,562.4,11/19/2022,Fall
13807,13808,1439,Withdrawal,1828.79,10/23/2024,Fall
13808,13809,828,Withdrawal,776.09,10/7/2022,Fall
13809,13810,272,Transfer,3003.64,4/18/2023,Spring
13810,13811,3690,Transfer,4115.15,2/11/2025,Winter
13811,13812,4997,Deposit,161.9,10/27/2024,Fall
13812,13813,362,Deposit,6756.85,11/9/2023,Fall
13813,13814,2294,Transfer,6567.62,10/8/2023,Fall
13814,13815,3664,Withdrawal,9345.66,5/3/2024,Spring
13815,13816,3119,Payment,8471.5,4/24/2025,Spring
13816,13817,610,Transfer,5365.78,11/18/2022,Fall
13817,13818,4882,Payment,116.5,9/29/2024,Fall
13818,13819,4162,Deposit,2795.08,12/6/2022,Winter
13819,13820,4123,Deposit,6261.3,10/18/2024,Fall
13820,13821,1664,Deposit,6088.66,4/16/2024,Spring
13821,13822,267,Withdrawal,1212.72,9/1/2024,Fall
13822,13823,4357,Transfer,6984.8,2/19/2024,Winter
13823,13824,3814,Withdrawal,894.39,6/29/2024,Summer
13824,13825,1373,Deposit,5390.39,6/2/2023,Summer
13825,13826,320,Deposit,608.81,2/8/2024,Winter
13826,13827,67,Deposit,5080.09,8/6/2024,Summer
13827,13828,1980,Deposit,2906.77,10/23/2024,Fall
13828,13829,2764,Payment,2018.54,4/10/2025,Spring
13829,13830,3590,Deposit,5335.67,8/21/2024,Summer
13830,13831,4104,Transfer,3870.97,7/1/2022,Summer
13831,13832,1278,Withdrawal,3507.07,5/1/2024,Spring
13832,13833,3475,Withdrawal,1951.1,10/27/2023,Fall
13833,13834,4494,Payment,8298.89,11/28/2023,Fall
13834,13835,3770,Payment,6191.29,10/18/2024,Fall
13835,13836,4916,Deposit,7947.3,12/19/2024,Winter
13836,13837,1164,Deposit,2396.79,1/18/2025,Winter
13837,13838,1314,Transfer,7715.38,1/18/2024,Winter
13838,13839,2893,Payment,6066.72,10/2/2022,Fall
13839,13840,3162,Withdrawal,1636.81,5/28/2023,Spring
13840,13841,4930,Withdrawal,949.19,4/28/2025,Spring
13841,13842,4221,Deposit,1886.83,12/10/2023,Winter
13842,13843,2714,Transfer,4885.76,4/5/2024,Spring
13843,13844,4535,Payment,3056.76,10/4/2023,Fall
13844,13845,1140,Withdrawal,2859.79,5/25/2024,Spring
13845,13846,3719,Deposit,8387.72,12/10/2024,Winter
13846,13847,1618,Payment,856.77,5/26/2023,Spring
13847,13848,4675,Payment,6497.85,5/18/2023,Spring
13848,13849,2584,Withdrawal,9443.73,4/21/2025,Spring
13849,13850,1280,Payment,8753.08,4/27/2023,Spring
13850,13851,315,Deposit,8511.07,9/20/2023,Fall
13851,13852,2335,Deposit,7558.44,8/11/2023,Summer
13852,13853,4522,Transfer,5761.45,3/30/2024,Spring
13853,13854,3600,Deposit,4342.35,11/3/2022,Fall
13854,13855,3979,Withdrawal,7716.41,5/27/2023,Spring
13855,13856,3939,Transfer,3907.88,7/13/2022,Summer
13856,13857,2936,Payment,3311.06,5/9/2024,Spring
13857,13858,3482,Transfer,7175.98,11/7/2023,Fall
13858,13859,4117,Deposit,8305.9,8/29/2023,Summer
13859,13860,4611,Payment,8537.32,11/20/2022,Fall
13860,13861,1605,Deposit,1514.01,1/6/2024,Winter
13861,13862,2599,Withdrawal,2819.63,9/21/2023,Fall
13862,13863,4365,Payment,706.28,5/8/2025,Spring
13863,13864,4358,Transfer,2017.32,2/14/2024,Winter
13864,13865,4542,Transfer,7612.06,11/4/2024,Fall
13865,13866,969,Deposit,9144.51,6/17/2023,Summer
13866,13867,1115,Withdrawal,1496.72,2/6/2025,Winter
13867,13868,463,Withdrawal,6528.91,4/19/2023,Spring
13868,13869,72,Withdrawal,3186.83,10/28/2023,Fall
13869,13870,2008,Deposit,7127.93,7/5/2023,Summer
13870,13871,3094,Withdrawal,3900.31,1/12/2025,Winter
13871,13872,4098,Transfer,7234.08,8/12/2022,Summer
13872,13873,1144,Deposit,5868.16,8/2/2024,Summer
13873,13874,76,Withdrawal,7831.83,9/2/2024,Fall
13874,13875,4015,Transfer,3747.02,9/26/2024,Fall
13875,13876,851,Transfer,7090.08,11/26/2023,Fall
13876,13877,542,Deposit,2449.53,8/8/2023,Summer
13877,13878,1409,Payment,6178.3,1/30/2023,Winter
13878,13879,4912,Deposit,4816.43,12/25/2022,Winter
13879,13880,4732,Transfer,9900.34,6/26/2023,Summer
13880,13881,1146,Transfer,1449.52,11/2/2024,Fall
13881,13882,2153,Transfer,1703.3,1/1/2023,Winter
13882,13883,2777,Withdrawal,968.29,12/17/2023,Winter
13883,13884,1313,Payment,97.97,9/5/2023,Fall
13884,13885,3534,Withdrawal,5416,9/1/2024,Fall
13885,13886,3194,Withdrawal,9120.2,6/27/2023,Summer
13886,13887,1247,Deposit,3064.99,9/13/2022,Fall
13887,13888,3342,Payment,5459.91,5/3/2025,Spring
13888,13889,4927,Withdrawal,2063.05,10/1/2022,Fall
13889,13890,3901,Withdrawal,1203.84,10/6/2023,Fall
13890,13891,1788,Deposit,1328.38,9/15/2022,Fall
13891,13892,4180,Transfer,6550.95,7/20/2023,Summer
13892,13893,2425,Deposit,1012.72,6/28/2022,Summer
13893,13894,2015,Withdrawal,5907.5,10/9/2024,Fall
13894,13895,4872,Payment,8121.51,8/26/2023,Summer
13895,13896,1139,Deposit,5197.65,2/16/2025,Winter
13896,13897,1642,Transfer,761.67,10/13/2022,Fall
13897,13898,4252,Payment,3854.87,7/21/2022,Summer
13898,13899,2114,Transfer,8622.97,6/12/2024,Summer
13899,13900,3972,Transfer,6807.11,10/31/2024,Fall
13900,13901,3501,Transfer,383.86,6/21/2024,Summer
13901,13902,3562,Payment,1288.65,9/10/2022,Fall
13902,13903,1115,Payment,450.46,4/20/2024,Spring
13903,13904,2174,Transfer,9009.8,10/28/2024,Fall
13904,13905,776,Payment,2108.92,3/2/2025,Spring
13905,13906,2933,Transfer,7188.98,10/4/2024,Fall
13906,13907,3472,Transfer,9826.2,7/23/2023,Summer
13907,13908,110,Payment,2179.14,7/26/2024,Summer
13908,13909,3627,Transfer,1507.82,1/12/2024,Winter
13909,13910,4092,Payment,9377.01,8/9/2023,Summer
13910,13911,2406,Deposit,9455.15,4/17/2023,Spring
13911,13912,3687,Withdrawal,1313.88,10/22/2024,Fall
13912,13913,2275,Payment,3379.12,1/13/2025,Winter
13913,13914,1584,Payment,5415.84,1/10/2024,Winter
13914,13915,4085,Transfer,1437.42,7/31/2024,Summer
13915,13916,1761,Transfer,440.56,1/31/2025,Winter
13916,13917,63,Deposit,885.97,3/9/2023,Spring
13917,13918,4782,Deposit,3392.53,8/8/2024,Summer
13918,13919,884,Withdrawal,5723.37,1/9/2023,Winter
13919,13920,3043,Payment,2048.66,11/29/2022,Fall
13920,13921,3956,Withdrawal,5469.07,1/26/2024,Winter
13921,13922,1567,Payment,7303.53,12/15/2022,Winter
13922,13923,1657,Payment,2945.03,9/29/2024,Fall
13923,13924,3134,Transfer,8996.09,2/16/2023,Winter
13924,13925,173,Deposit,2282.94,12/12/2022,Winter
13925,13926,1291,Deposit,6706.28,7/28/2024,Summer
13926,13927,2464,Transfer,1599.93,10/31/2024,Fall
13927,13928,4080,Withdrawal,201.17,3/18/2025,Spring
13928,13929,1560,Withdrawal,7494.24,9/14/2024,Fall
13929,13930,1840,Withdrawal,8443.73,2/20/2023,Winter
13930,13931,2659,Payment,7909.5,5/2/2023,Spring
13931,13932,3802,Deposit,5598.47,4/30/2023,Spring
13932,13933,5000,Transfer,2350.84,5/17/2022,Spring
13933,13934,4877,Payment,31.85,9/11/2024,Fall
13934,13935,2984,Transfer,9322.88,1/4/2024,Winter
13935,13936,2517,Transfer,7141.74,5/28/2024,Spring
13936,13937,4334,Deposit,3761.93,2/20/2023,Winter
13937,13938,2788,Payment,4201.57,3/31/2025,Spring
13938,13939,2726,Deposit,5508.9,8/4/2023,Summer
13939,13940,1354,Transfer,3104.89,12/31/2022,Winter
13940,13941,3574,Withdrawal,526.39,7/14/2022,Summer
13941,13942,3571,Payment,1615.14,10/14/2024,Fall
13942,13943,3763,Deposit,4879.12,4/25/2024,Spring
13943,13944,1452,Payment,7371.26,4/13/2024,Spring
13944,13945,1610,Withdrawal,4557.99,7/9/2022,Summer
13945,13946,4269,Transfer,3346.72,12/29/2024,Winter
13946,13947,2395,Payment,5601.6,12/19/2022,Winter
13947,13948,2741,Transfer,539.61,10/8/2024,Fall
13948,13949,387,Payment,7317.65,1/4/2023,Winter
13949,13950,692,Withdrawal,8725.37,9/11/2024,Fall
13950,13951,1078,Deposit,8220.89,5/16/2022,Spring
13951,13952,4584,Payment,5207.85,9/12/2024,Fall
13952,13953,368,Transfer,4966.43,11/18/2023,Fall
13953,13954,1528,Deposit,5918.78,1/21/2024,Winter
13954,13955,2792,Transfer,4873.74,6/22/2023,Summer
13955,13956,815,Withdrawal,5873.85,3/12/2023,Spring
13956,13957,4746,Transfer,1419.96,4/28/2024,Spring
13957,13958,3559,Payment,8161.58,10/19/2023,Fall
13958,13959,4816,Deposit,5799.37,5/21/2022,Spring
13959,13960,4088,Withdrawal,1132.49,4/29/2023,Spring
13960,13961,3198,Payment,3171,1/24/2023,Winter
13961,13962,3228,Payment,1397.35,1/4/2024,Winter
13962,13963,1507,Transfer,6420.31,8/30/2022,Summer
13963,13964,4786,Deposit,8560.83,7/5/2023,Summer
13964,13965,1359,Payment,5957.86,7/27/2024,Summer
13965,13966,913,Transfer,4419.42,4/8/2023,Spring
13966,13967,1059,Payment,6876.64,2/11/2024,Winter
13967,13968,569,Withdrawal,2133.37,7/30/2022,Summer
13968,13969,2860,Withdrawal,7382.81,10/18/2024,Fall
13969,13970,2687,Transfer,2263.68,11/6/2022,Fall
13970,13971,2058,Payment,3950.99,1/22/2023,Winter
13971,13972,2664,Withdrawal,2399.9,9/17/2023,Fall
13972,13973,3895,Transfer,4972.94,5/31/2023,Spring
13973,13974,2317,Transfer,2033.83,4/27/2025,Spring
13974,13975,2194,Deposit,9992.19,10/14/2023,Fall
13975,13976,1110,Deposit,3643.94,10/4/2024,Fall
13976,13977,1981,Deposit,6462.56,8/26/2024,Summer
13977,13978,2306,Deposit,997.09,6/18/2022,Summer
13978,13979,3038,Transfer,4108.37,5/15/2024,Spring
13979,13980,969,Withdrawal,8565.35,11/23/2024,Fall
13980,13981,727,Payment,900.49,3/17/2024,Spring
13981,13982,936,Deposit,1531.31,11/1/2023,Fall
13982,13983,2820,Withdrawal,6921.81,2/10/2023,Winter
13983,13984,332,Payment,1126.67,12/5/2023,Winter
13984,13985,4123,Payment,9757.82,10/3/2024,Fall
13985,13986,434,Withdrawal,41.54,3/29/2023,Spring
13986,13987,83,Transfer,694.18,2/10/2024,Winter
13987,13988,1365,Deposit,1134.37,3/1/2024,Spring
13988,13989,1702,Payment,74.73,12/11/2022,Winter
13989,13990,2292,Transfer,7507.69,10/28/2024,Fall
13990,13991,3984,Payment,3775.01,11/29/2023,Fall
13991,13992,4503,Deposit,7593.38,12/22/2022,Winter
13992,13993,1678,Deposit,739.84,5/16/2023,Spring
13993,13994,2940,Withdrawal,1001.6,12/3/2023,Winter
13994,13995,2765,Payment,7089.17,4/12/2025,Spring
13995,13996,4771,Deposit,4514.22,2/10/2025,Winter
13996,13997,969,Withdrawal,4803,4/30/2025,Spring
13997,13998,3552,Payment,4911.49,9/22/2024,Fall
13998,13999,221,Transfer,95.13,1/15/2025,Winter
13999,14000,753,Deposit,1217.05,11/21/2023,Fall
14000,14001,504,Payment,3653.21,12/16/2023,Winter
14001,14002,1292,Payment,437.79,8/27/2024,Summer
14002,14003,1371,Withdrawal,4726.15,7/11/2023,Summer
14003,14004,2862,Deposit,8600.54,4/1/2025,Spring
14004,14005,4630,Withdrawal,171.8,4/26/2024,Spring
14005,14006,3179,Deposit,1442.73,2/14/2025,Winter
14006,14007,4630,Transfer,7103.25,5/14/2022,Spring
14007,14008,871,Deposit,8817.88,3/23/2025,Spring
14008,14009,628,Withdrawal,9191.13,1/19/2025,Winter
14009,14010,564,Withdrawal,4258.15,6/18/2024,Summer
14010,14011,1076,Transfer,3606.3,12/13/2023,Winter
14011,14012,2280,Withdrawal,218.33,5/25/2023,Spring
14012,14013,2127,Transfer,5539.87,10/25/2022,Fall
14013,14014,3995,Deposit,714.87,5/6/2025,Spring
14014,14015,367,Deposit,7082.72,6/17/2022,Summer
14015,14016,718,Payment,8148.07,6/2/2023,Summer
14016,14017,2102,Deposit,234.76,3/31/2023,Spring
14017,14018,7,Payment,3718.4,10/16/2024,Fall
14018,14019,3853,Payment,1533.85,3/2/2025,Spring
14019,14020,3525,Withdrawal,5379.38,1/19/2023,Winter
14020,14021,4698,Deposit,8574.68,5/25/2024,Spring
14021,14022,180,Payment,8487.81,12/3/2022,Winter
14022,14023,2338,Deposit,8710.65,4/30/2024,Spring
14023,14024,2153,Transfer,3341.27,1/8/2025,Winter
14024,14025,2365,Transfer,7306.95,11/26/2024,Fall
14025,14026,4272,Deposit,6213.08,7/8/2024,Summer
14026,14027,3069,Deposit,2652.75,3/12/2024,Spring
14027,14028,3194,Deposit,548.58,2/6/2023,Winter
14028,14029,3254,Payment,86.03,1/14/2024,Winter
14029,14030,4274,Withdrawal,9165.82,1/18/2023,Winter
14030,14031,1745,Withdrawal,2254.95,5/14/2022,Spring
14031,14032,2041,Withdrawal,5599.76,1/18/2024,Winter
14032,14033,3952,Payment,8148.61,7/9/2023,Summer
14033,14034,3132,Transfer,9293.33,5/18/2023,Spring
14034,14035,3953,Transfer,1930.22,9/19/2024,Fall
14035,14036,3061,Payment,7990.2,3/28/2023,Spring
14036,14037,4292,Transfer,7889.8,8/8/2023,Summer
14037,14038,1299,Deposit,1950.5,2/10/2023,Winter
14038,14039,4415,Deposit,6779.52,4/24/2025,Spring
14039,14040,4645,Payment,8032.59,4/22/2025,Spring
14040,14041,3674,Transfer,8155.74,9/11/2023,Fall
14041,14042,897,Deposit,3764.84,5/29/2022,Spring
14042,14043,1859,Payment,149.92,8/19/2023,Summer
14043,14044,623,Withdrawal,2092.14,9/23/2023,Fall
14044,14045,4124,Deposit,2716.23,10/25/2023,Fall
14045,14046,472,Payment,8836.74,9/26/2024,Fall
14046,14047,3741,Deposit,6492.09,12/31/2022,Winter
14047,14048,16,Deposit,3702.22,3/1/2025,Spring
14048,14049,1138,Transfer,5416.81,5/11/2024,Spring
14049,14050,2745,Transfer,5794.86,11/4/2023,Fall
14050,14051,1392,Deposit,7869.65,4/20/2024,Spring
14051,14052,1800,Payment,7985.56,2/11/2025,Winter
14052,14053,2528,Transfer,3185.32,1/28/2024,Winter
14053,14054,3799,Transfer,8744.29,1/4/2025,Winter
14054,14055,4576,Transfer,5555.41,9/3/2024,Fall
14055,14056,2161,Withdrawal,1168.41,7/15/2022,Summer
14056,14057,2024,Transfer,3716.11,10/6/2023,Fall
14057,14058,2420,Transfer,6291.31,8/7/2024,Summer
14058,14059,4723,Transfer,9795.01,11/15/2023,Fall
14059,14060,2742,Payment,5531.73,3/20/2025,Spring
14060,14061,4753,Withdrawal,4884.74,8/15/2023,Summer
14061,14062,2918,Deposit,7667.6,6/5/2023,Summer
14062,14063,1361,Withdrawal,3924.74,8/5/2022,Summer
14063,14064,3989,Payment,9906.45,6/23/2023,Summer
14064,14065,4048,Transfer,1528.2,11/17/2022,Fall
14065,14066,3088,Transfer,6929.66,3/8/2024,Spring
14066,14067,818,Payment,3671.78,4/27/2025,Spring
14067,14068,3759,Payment,9159.52,11/24/2024,Fall
14068,14069,351,Withdrawal,2652.42,10/24/2023,Fall
14069,14070,2239,Withdrawal,2798.17,3/2/2025,Spring
14070,14071,1722,Deposit,6105.46,10/16/2024,Fall
14071,14072,2808,Payment,6416.48,9/23/2022,Fall
14072,14073,2493,Transfer,1062.14,10/22/2024,Fall
14073,14074,2741,Transfer,6220.14,4/29/2023,Spring
14074,14075,79,Payment,6925.43,3/20/2023,Spring
14075,14076,3607,Withdrawal,3684.03,6/5/2022,Summer
14076,14077,517,Withdrawal,5266.63,11/21/2024,Fall
14077,14078,1162,Transfer,6402.73,6/16/2023,Summer
14078,14079,3107,Payment,3447.12,4/18/2023,Spring
14079,14080,738,Transfer,226.28,6/5/2022,Summer
14080,14081,3111,Deposit,8993.78,5/28/2022,Spring
14081,14082,3372,Transfer,5323.32,11/5/2022,Fall
14082,14083,3947,Withdrawal,1399.1,12/28/2024,Winter
14083,14084,4979,Transfer,8753.85,4/11/2023,Spring
14084,14085,291,Transfer,4417.89,9/22/2024,Fall
14085,14086,3187,Payment,5334.69,10/15/2022,Fall
14086,14087,2486,Deposit,3199.1,6/7/2023,Summer
14087,14088,2484,Payment,4943.32,11/24/2023,Fall
14088,14089,2920,Transfer,6321.25,6/25/2024,Summer
14089,14090,4676,Payment,9465.97,6/14/2022,Summer
14090,14091,3975,Payment,7297.55,5/19/2024,Spring
14091,14092,3543,Withdrawal,2682.03,4/25/2025,Spring
14092,14093,229,Payment,7926.8,9/14/2022,Fall
14093,14094,4655,Transfer,7327.22,5/19/2023,Spring
14094,14095,3800,Deposit,4584.72,10/27/2023,Fall
14095,14096,2039,Transfer,6746.81,12/14/2023,Winter
14096,14097,2479,Transfer,1362.81,5/11/2024,Spring
14097,14098,4552,Transfer,3672.62,11/5/2022,Fall
14098,14099,2307,Deposit,4540.16,3/11/2025,Spring
14099,14100,2169,Payment,1144.04,3/29/2025,Spring
14100,14101,522,Withdrawal,9996.83,4/14/2024,Spring
14101,14102,2552,Withdrawal,7055.32,2/23/2024,Winter
14102,14103,1450,Payment,1855.16,2/9/2025,Winter
14103,14104,2165,Payment,4841.64,3/5/2025,Spring
14104,14105,3344,Withdrawal,7783.37,12/15/2023,Winter
14105,14106,4027,Payment,4595.64,2/18/2024,Winter
14106,14107,700,Transfer,3854.68,1/26/2025,Winter
14107,14108,4896,Deposit,6643.75,7/24/2022,Summer
14108,14109,4692,Withdrawal,3805.6,5/20/2022,Spring
14109,14110,4927,Transfer,6444.69,1/22/2024,Winter
14110,14111,4506,Deposit,3920.16,6/13/2024,Summer
14111,14112,2127,Deposit,6714.71,5/29/2024,Spring
14112,14113,215,Withdrawal,143.71,8/23/2023,Summer
14113,14114,1391,Transfer,5868.07,11/16/2022,Fall
14114,14115,235,Deposit,2537.52,12/20/2024,Winter
14115,14116,1853,Deposit,4342.3,8/31/2022,Summer
14116,14117,115,Transfer,3024.98,2/27/2024,Winter
14117,14118,4434,Transfer,9356.05,1/29/2024,Winter
14118,14119,1991,Deposit,8821.05,3/12/2025,Spring
14119,14120,1632,Deposit,8600.58,10/31/2024,Fall
14120,14121,1295,Transfer,6015.25,8/1/2022,Summer
14121,14122,2326,Transfer,5071.73,11/9/2024,Fall
14122,14123,4917,Transfer,168.67,2/8/2023,Winter
14123,14124,2440,Transfer,9128.56,8/3/2022,Summer
14124,14125,4903,Deposit,1570.85,12/19/2022,Winter
14125,14126,3226,Deposit,2482.97,4/1/2024,Spring
14126,14127,683,Payment,3583.06,4/11/2024,Spring
14127,14128,1126,Payment,7071.59,7/28/2022,Summer
14128,14129,1992,Transfer,4104.95,11/13/2023,Fall
14129,14130,139,Transfer,3429.02,4/28/2024,Spring
14130,14131,4205,Transfer,1974.98,1/29/2024,Winter
14131,14132,1319,Transfer,4977.41,8/16/2023,Summer
14132,14133,734,Deposit,3738.37,6/15/2023,Summer
14133,14134,4438,Transfer,9790.63,11/7/2023,Fall
14134,14135,4262,Transfer,8202.95,1/14/2024,Winter
14135,14136,1166,Deposit,1943.01,3/13/2023,Spring
14136,14137,3952,Transfer,9401.2,10/7/2023,Fall
14137,14138,606,Transfer,8550.36,8/20/2022,Summer
14138,14139,1966,Withdrawal,7607.81,2/13/2024,Winter
14139,14140,4394,Transfer,6389.21,8/27/2022,Summer
14140,14141,1242,Payment,5973.07,7/13/2022,Summer
14141,14142,1546,Transfer,9923.97,7/20/2023,Summer
14142,14143,587,Transfer,5632.36,9/27/2022,Fall
14143,14144,3395,Transfer,3213.26,8/29/2022,Summer
14144,14145,3374,Withdrawal,959.12,2/27/2023,Winter
14145,14146,2163,Deposit,8380.7,10/12/2023,Fall
14146,14147,2251,Deposit,2062.4,9/23/2022,Fall
14147,14148,3707,Deposit,3368.73,9/18/2023,Fall
14148,14149,4419,Payment,6140.05,12/9/2022,Winter
14149,14150,2036,Payment,2880.65,7/6/2023,Summer
14150,14151,1961,Withdrawal,2929.71,5/17/2024,Spring
14151,14152,1206,Deposit,8593.22,9/24/2024,Fall
14152,14153,2220,Payment,4368.25,2/1/2024,Winter
14153,14154,774,Payment,3927.65,9/17/2023,Fall
14154,14155,3869,Withdrawal,3024.66,6/20/2022,Summer
14155,14156,4088,Transfer,4190.64,5/10/2025,Spring
14156,14157,2592,Withdrawal,4547.96,1/18/2024,Winter
14157,14158,4624,Transfer,487.11,5/1/2024,Spring
14158,14159,1983,Transfer,5606.91,1/14/2023,Winter
14159,14160,2223,Transfer,8736.31,11/26/2022,Fall
14160,14161,2301,Deposit,1748.2,6/12/2022,Summer
14161,14162,3771,Withdrawal,8396.77,9/20/2023,Fall
14162,14163,3466,Payment,891.39,12/14/2024,Winter
14163,14164,1112,Payment,6602.19,6/7/2024,Summer
14164,14165,24,Withdrawal,8692.15,11/3/2022,Fall
14165,14166,2212,Deposit,7215.55,9/17/2022,Fall
14166,14167,1119,Payment,9054.89,9/30/2023,Fall
14167,14168,1375,Transfer,3952.59,1/13/2023,Winter
14168,14169,2415,Payment,6687.52,6/17/2024,Summer
14169,14170,4359,Withdrawal,4976.67,10/12/2022,Fall
14170,14171,1096,Deposit,1139.96,5/17/2023,Spring
14171,14172,4864,Deposit,4361.66,11/8/2024,Fall
14172,14173,240,Withdrawal,3902.52,10/15/2024,Fall
14173,14174,2887,Deposit,927.51,12/25/2024,Winter
14174,14175,2290,Transfer,940.77,4/12/2024,Spring
14175,14176,1857,Withdrawal,6632.62,10/4/2022,Fall
14176,14177,530,Transfer,2177.12,5/9/2023,Spring
14177,14178,4172,Transfer,5831.84,4/20/2024,Spring
14178,14179,3473,Deposit,3997.07,1/5/2024,Winter
14179,14180,2221,Deposit,4135.39,6/9/2022,Summer
14180,14181,4192,Payment,4621.37,3/20/2024,Spring
14181,14182,3264,Deposit,6012.73,10/31/2022,Fall
14182,14183,4146,Transfer,4426.84,3/6/2024,Spring
14183,14184,4655,Transfer,2325.44,5/26/2023,Spring
14184,14185,1889,Deposit,1925.75,2/27/2023,Winter
14185,14186,602,Withdrawal,5338.17,12/11/2023,Winter
14186,14187,3722,Deposit,5864.54,11/15/2022,Fall
14187,14188,2371,Withdrawal,273.43,6/17/2022,Summer
14188,14189,4729,Transfer,9759.5,7/9/2024,Summer
14189,14190,3162,Withdrawal,4234.29,9/15/2022,Fall
14190,14191,840,Payment,6836.71,9/8/2024,Fall
14191,14192,3284,Withdrawal,1412.44,4/6/2025,Spring
14192,14193,644,Payment,6221,11/19/2024,Fall
14193,14194,2881,Withdrawal,623.7,2/7/2024,Winter
14194,14195,1545,Transfer,2572.51,5/26/2022,Spring
14195,14196,340,Transfer,8573.95,3/9/2025,Spring
14196,14197,3504,Payment,1098.06,2/3/2023,Winter
14197,14198,1445,Payment,9924.62,3/16/2024,Spring
14198,14199,4369,Withdrawal,7223.35,4/2/2025,Spring
14199,14200,4217,Withdrawal,3882.43,9/22/2024,Fall
14200,14201,1874,Deposit,2371.32,7/9/2024,Summer
14201,14202,328,Withdrawal,8350.95,12/8/2023,Winter
14202,14203,3786,Transfer,9228.07,5/25/2022,Spring
14203,14204,3255,Payment,9566.26,9/4/2024,Fall
14204,14205,3852,Withdrawal,9003.46,6/28/2024,Summer
14205,14206,2550,Transfer,840.17,6/29/2022,Summer
14206,14207,1877,Payment,7450.22,11/19/2022,Fall
14207,14208,1833,Deposit,9744.06,10/17/2023,Fall
14208,14209,4525,Payment,8332.36,9/1/2024,Fall
14209,14210,3597,Transfer,8344.78,1/24/2024,Winter
14210,14211,223,Payment,3487.34,6/6/2023,Summer
14211,14212,1442,Deposit,1270.67,8/14/2023,Summer
14212,14213,4198,Deposit,1881.76,12/8/2022,Winter
14213,14214,650,Withdrawal,4111.39,10/7/2023,Fall
14214,14215,834,Withdrawal,3181.22,5/23/2023,Spring
14215,14216,112,Deposit,5984.98,6/11/2022,Summer
14216,14217,3084,Payment,771.59,9/18/2024,Fall
14217,14218,423,Transfer,9450,7/10/2024,Summer
14218,14219,4546,Transfer,1250.45,3/14/2025,Spring
14219,14220,2199,Transfer,2160.31,4/17/2023,Spring
14220,14221,1901,Deposit,5796.79,11/5/2022,Fall
14221,14222,4031,Payment,4435.43,12/5/2022,Winter
14222,14223,2673,Transfer,9310.45,8/7/2024,Summer
14223,14224,439,Transfer,7646.25,1/11/2024,Winter
14224,14225,1213,Payment,4734.95,4/10/2024,Spring
14225,14226,1984,Payment,1334.14,5/10/2023,Spring
14226,14227,1536,Payment,7444.13,1/27/2023,Winter
14227,14228,3457,Transfer,7608.94,9/26/2023,Fall
14228,14229,2477,Withdrawal,1336.92,12/25/2022,Winter
14229,14230,3635,Payment,5579.39,2/12/2025,Winter
14230,14231,4944,Withdrawal,2996.85,7/31/2023,Summer
14231,14232,3591,Deposit,5089.08,6/22/2024,Summer
14232,14233,125,Deposit,9030.44,10/2/2022,Fall
14233,14234,4927,Deposit,9806.34,7/17/2022,Summer
14234,14235,3594,Withdrawal,9543.56,2/27/2025,Winter
14235,14236,317,Withdrawal,8718.65,2/26/2025,Winter
14236,14237,1760,Withdrawal,4189.6,6/7/2022,Summer
14237,14238,979,Deposit,2712.36,2/10/2023,Winter
14238,14239,152,Transfer,829.59,12/19/2022,Winter
14239,14240,966,Deposit,6339.57,7/20/2024,Summer
14240,14241,2781,Withdrawal,9601.71,5/17/2022,Spring
14241,14242,1145,Deposit,3152.62,8/15/2022,Summer
14242,14243,2307,Withdrawal,5060.69,12/5/2023,Winter
14243,14244,2580,Withdrawal,8259.53,7/23/2023,Summer
14244,14245,2595,Transfer,5726.1,7/14/2022,Summer
14245,14246,4448,Payment,694.84,10/3/2023,Fall
14246,14247,2777,Withdrawal,4411.53,1/12/2024,Winter
14247,14248,3513,Withdrawal,6006.81,10/23/2024,Fall
14248,14249,2082,Withdrawal,1429.69,8/27/2022,Summer
14249,14250,220,Payment,2332.19,7/13/2022,Summer
14250,14251,874,Transfer,2389.4,3/31/2024,Spring
14251,14252,3414,Deposit,8871.52,2/10/2023,Winter
14252,14253,4977,Payment,6671.41,6/15/2023,Summer
14253,14254,4416,Withdrawal,1844.14,7/5/2023,Summer
14254,14255,2461,Deposit,2849.48,12/24/2024,Winter
14255,14256,4996,Withdrawal,5335.54,12/30/2024,Winter
14256,14257,3127,Transfer,1499.82,10/7/2022,Fall
14257,14258,2503,Payment,345.2,12/13/2022,Winter
14258,14259,2731,Deposit,3492.84,12/12/2022,Winter
14259,14260,3622,Transfer,883.22,11/14/2024,Fall
14260,14261,3253,Transfer,7470.16,11/23/2022,Fall
14261,14262,2740,Deposit,4219.19,12/20/2023,Winter
14262,14263,758,Deposit,1403.26,5/21/2023,Spring
14263,14264,3971,Payment,4330.46,5/15/2024,Spring
14264,14265,225,Payment,8362,5/24/2023,Spring
14265,14266,3590,Payment,7512.6,12/27/2024,Winter
14266,14267,3787,Deposit,5331.19,4/4/2025,Spring
14267,14268,3237,Payment,6336.55,2/6/2025,Winter
14268,14269,3540,Deposit,2923.7,3/11/2023,Spring
14269,14270,228,Transfer,2813.96,3/13/2023,Spring
14270,14271,1373,Deposit,7892.19,9/17/2023,Fall
14271,14272,1227,Transfer,456.42,1/21/2025,Winter
14272,14273,3165,Transfer,3934.51,8/5/2024,Summer
14273,14274,4261,Deposit,3795.19,4/16/2023,Spring
14274,14275,1361,Payment,8296.77,11/28/2024,Fall
14275,14276,3854,Withdrawal,179.42,4/2/2025,Spring
14276,14277,1311,Payment,1161.29,8/4/2024,Summer
14277,14278,2234,Deposit,5014.65,8/6/2022,Summer
14278,14279,261,Payment,4113.72,12/29/2022,Winter
14279,14280,3214,Withdrawal,9646.63,11/30/2022,Fall
14280,14281,2582,Withdrawal,5124.07,5/20/2022,Spring
14281,14282,1395,Transfer,210.6,3/29/2025,Spring
14282,14283,10,Deposit,6917.07,10/6/2024,Fall
14283,14284,2699,Withdrawal,4776.85,10/6/2022,Fall
14284,14285,2096,Deposit,4097.94,9/2/2022,Fall
14285,14286,4737,Withdrawal,3187.09,4/18/2024,Spring
14286,14287,2869,Payment,1663.57,10/17/2022,Fall
14287,14288,3847,Transfer,730.21,3/6/2024,Spring
14288,14289,1002,Transfer,2414.1,7/5/2022,Summer
14289,14290,4874,Transfer,6967.02,8/22/2022,Summer
14290,14291,1866,Payment,5824.67,11/1/2024,Fall
14291,14292,4323,Withdrawal,8001.84,8/6/2023,Summer
14292,14293,3122,Transfer,9580.26,12/4/2024,Winter
14293,14294,1324,Payment,4051.01,6/21/2024,Summer
14294,14295,585,Deposit,9969.99,2/6/2024,Winter
14295,14296,863,Deposit,2961.3,5/11/2023,Spring
14296,14297,4573,Withdrawal,2638.64,3/23/2023,Spring
14297,14298,2669,Withdrawal,7351.78,11/25/2022,Fall
14298,14299,4785,Deposit,5282.71,1/7/2023,Winter
14299,14300,3588,Deposit,9601.62,10/9/2023,Fall
14300,14301,2825,Deposit,7347.41,6/13/2024,Summer
14301,14302,795,Withdrawal,3498.18,5/31/2022,Spring
14302,14303,777,Transfer,9449.89,8/16/2023,Summer
14303,14304,3243,Payment,9695.23,3/30/2024,Spring
14304,14305,3157,Payment,6971.78,6/14/2024,Summer
14305,14306,1561,Deposit,7258,1/19/2023,Winter
14306,14307,3483,Payment,4297.09,1/6/2024,Winter
14307,14308,597,Deposit,3832.49,11/23/2023,Fall
14308,14309,4592,Payment,1081.25,6/24/2023,Summer
14309,14310,2057,Transfer,3468.37,1/31/2025,Winter
14310,14311,1189,Payment,3464.22,11/30/2024,Fall
14311,14312,2039,Transfer,4127.8,7/2/2023,Summer
14312,14313,1402,Withdrawal,2028.72,4/24/2025,Spring
14313,14314,1122,Transfer,4249.94,1/13/2024,Winter
14314,14315,3926,Payment,138.6,3/2/2023,Spring
14315,14316,3921,Transfer,2689.38,1/9/2023,Winter
14316,14317,595,Payment,5207.61,7/28/2024,Summer
14317,14318,2758,Deposit,6920.75,7/29/2023,Summer
14318,14319,81,Deposit,3114.3,11/7/2023,Fall
14319,14320,1788,Deposit,8781.56,8/29/2024,Summer
14320,14321,318,Withdrawal,8103.1,10/24/2024,Fall
14321,14322,3604,Deposit,2789.99,10/13/2023,Fall
14322,14323,4848,Payment,5869.99,8/11/2023,Summer
14323,14324,511,Payment,5062.85,9/21/2022,Fall
14324,14325,504,Deposit,7660.23,10/26/2022,Fall
14325,14326,4047,Deposit,4630.32,1/1/2025,Winter
14326,14327,4382,Deposit,9411.69,4/24/2023,Spring
14327,14328,4018,Deposit,8848.98,6/27/2024,Summer
14328,14329,4637,Withdrawal,7358.93,3/9/2025,Spring
14329,14330,3702,Transfer,1098.99,1/18/2023,Winter
14330,14331,4272,Payment,7311.25,3/16/2023,Spring
14331,14332,373,Transfer,6081.01,5/13/2022,Spring
14332,14333,3883,Payment,5710.07,8/2/2024,Summer
14333,14334,2719,Transfer,288.4,11/1/2024,Fall
14334,14335,1636,Transfer,7745.77,4/26/2024,Spring
14335,14336,2567,Payment,3253.65,4/28/2023,Spring
14336,14337,960,Deposit,4765.42,2/3/2025,Winter
14337,14338,3792,Deposit,8531.92,11/25/2024,Fall
14338,14339,3777,Transfer,5806.35,8/17/2024,Summer
14339,14340,1275,Withdrawal,4743.95,2/9/2024,Winter
14340,14341,2295,Deposit,57.33,7/28/2023,Summer
14341,14342,1712,Deposit,2057.83,12/9/2022,Winter
14342,14343,2739,Withdrawal,8564.03,8/29/2023,Summer
14343,14344,4946,Withdrawal,4072.4,4/13/2024,Spring
14344,14345,1138,Payment,8378.82,6/11/2023,Summer
14345,14346,500,Deposit,2923.04,7/5/2022,Summer
14346,14347,446,Payment,9688.8,9/10/2024,Fall
14347,14348,3944,Payment,7765.37,4/19/2025,Spring
14348,14349,3179,Withdrawal,5446.97,5/25/2022,Spring
14349,14350,3001,Transfer,8832.08,7/10/2023,Summer
14350,14351,3252,Transfer,8002.53,10/5/2023,Fall
14351,14352,1248,Payment,863.11,7/5/2024,Summer
14352,14353,2488,Transfer,6035.22,11/9/2022,Fall
14353,14354,3784,Withdrawal,1629.07,3/20/2025,Spring
14354,14355,1830,Transfer,7578.51,7/28/2024,Summer
14355,14356,639,Payment,9533.5,4/21/2025,Spring
14356,14357,1843,Transfer,750.84,5/7/2024,Spring
14357,14358,3809,Transfer,851.93,12/10/2022,Winter
14358,14359,4323,Transfer,7610.62,6/6/2022,Summer
14359,14360,1173,Withdrawal,4932.29,2/2/2024,Winter
14360,14361,70,Deposit,4746.65,12/18/2022,Winter
14361,14362,3464,Transfer,107.52,10/23/2022,Fall
14362,14363,24,Deposit,9960.74,9/15/2022,Fall
14363,14364,4378,Deposit,9642.21,2/19/2025,Winter
14364,14365,68,Transfer,4855,11/19/2024,Fall
14365,14366,573,Deposit,535.45,4/30/2023,Spring
14366,14367,2272,Deposit,2024.37,11/10/2024,Fall
14367,14368,507,Withdrawal,1620.36,7/27/2022,Summer
14368,14369,4080,Transfer,9293.45,12/4/2023,Winter
14369,14370,3215,Transfer,107.48,12/26/2023,Winter
14370,14371,53,Transfer,3623.06,4/2/2023,Spring
14371,14372,430,Payment,4367.47,5/21/2023,Spring
14372,14373,4750,Withdrawal,7104.8,2/19/2025,Winter
14373,14374,4179,Payment,300.22,10/31/2023,Fall
14374,14375,2352,Payment,9941.67,8/21/2023,Summer
14375,14376,4701,Withdrawal,3799.89,8/28/2022,Summer
14376,14377,3663,Transfer,747.07,3/27/2025,Spring
14377,14378,4128,Deposit,7635.14,5/17/2022,Spring
14378,14379,2258,Withdrawal,6361.96,8/25/2024,Summer
14379,14380,1068,Payment,1693.85,12/21/2022,Winter
14380,14381,3674,Deposit,9219.54,10/17/2022,Fall
14381,14382,284,Payment,1326.17,5/3/2023,Spring
14382,14383,1932,Withdrawal,1501.28,10/2/2024,Fall
14383,14384,2710,Transfer,8047.2,5/25/2023,Spring
14384,14385,4008,Transfer,5607.85,11/7/2023,Fall
14385,14386,3883,Payment,7321.58,3/13/2023,Spring
14386,14387,3633,Payment,5314.42,12/17/2022,Winter
14387,14388,727,Transfer,8334.96,5/12/2023,Spring
14388,14389,3561,Withdrawal,1590.15,7/31/2023,Summer
14389,14390,2269,Payment,1016.63,11/20/2023,Fall
14390,14391,2673,Payment,2391.12,10/19/2022,Fall
14391,14392,413,Deposit,6705.15,12/9/2023,Winter
14392,14393,620,Withdrawal,2064.03,9/10/2024,Fall
14393,14394,2082,Transfer,3783.88,1/16/2024,Winter
14394,14395,3948,Deposit,6392.33,5/3/2023,Spring
14395,14396,4504,Deposit,2853.94,10/18/2024,Fall
14396,14397,384,Payment,9553.95,9/16/2022,Fall
14397,14398,1799,Transfer,1899.12,12/9/2024,Winter
14398,14399,720,Payment,2287.38,2/17/2025,Winter
14399,14400,1334,Deposit,895.58,8/27/2023,Summer
14400,14401,4211,Deposit,475.14,8/3/2024,Summer
14401,14402,226,Withdrawal,2868.97,6/17/2024,Summer
14402,14403,4371,Payment,975.46,11/20/2022,Fall
14403,14404,2942,Payment,4759.97,4/7/2025,Spring
14404,14405,2611,Deposit,2723.57,7/8/2022,Summer
14405,14406,2086,Payment,907.09,1/20/2023,Winter
14406,14407,1564,Payment,1371.18,11/23/2022,Fall
14407,14408,4159,Withdrawal,4678.38,5/30/2022,Spring
14408,14409,4964,Payment,6434.69,10/24/2022,Fall
14409,14410,4100,Deposit,9617.44,10/23/2022,Fall
14410,14411,4942,Withdrawal,856.09,7/26/2023,Summer
14411,14412,995,Transfer,9684.42,11/18/2023,Fall
14412,14413,948,Transfer,2839.61,2/7/2023,Winter
14413,14414,4205,Deposit,8935.71,11/17/2024,Fall
14414,14415,2473,Withdrawal,5490.31,10/18/2023,Fall
14415,14416,2685,Deposit,3599.58,11/4/2022,Fall
14416,14417,4440,Transfer,9555.22,10/7/2022,Fall
14417,14418,3144,Withdrawal,5292.61,10/23/2024,Fall
14418,14419,4044,Transfer,6887.82,8/6/2022,Summer
14419,14420,3520,Payment,455.85,12/15/2022,Winter
14420,14421,4722,Withdrawal,1882.14,6/14/2022,Summer
14421,14422,1228,Deposit,3295.03,7/29/2024,Summer
14422,14423,1286,Payment,9728.35,5/17/2022,Spring
14423,14424,783,Withdrawal,7355.94,11/25/2023,Fall
14424,14425,3943,Deposit,3023.74,7/6/2022,Summer
14425,14426,3986,Payment,1646.56,2/6/2023,Winter
14426,14427,245,Transfer,1775.68,1/6/2024,Winter
14427,14428,827,Transfer,9420.75,9/17/2022,Fall
14428,14429,3315,Transfer,4688.46,10/2/2024,Fall
14429,14430,4163,Deposit,4395.27,9/25/2024,Fall
14430,14431,914,Transfer,2042.32,5/8/2023,Spring
14431,14432,2451,Withdrawal,6946.29,10/20/2022,Fall
14432,14433,1260,Payment,3318.02,5/25/2023,Spring
14433,14434,3802,Payment,5156.73,11/24/2023,Fall
14434,14435,3387,Payment,1888.18,11/30/2022,Fall
14435,14436,3655,Transfer,7714.94,10/5/2024,Fall
14436,14437,3435,Payment,6764.31,2/19/2023,Winter
14437,14438,1476,Transfer,4767.03,12/3/2024,Winter
14438,14439,1966,Transfer,2015.71,3/26/2024,Spring
14439,14440,1448,Withdrawal,1804.24,10/11/2024,Fall
14440,14441,304,Deposit,3594.88,7/24/2024,Summer
14441,14442,1604,Transfer,5016.24,1/23/2023,Winter
14442,14443,38,Deposit,9088.34,2/8/2025,Winter
14443,14444,923,Transfer,89.17,3/20/2024,Spring
14444,14445,481,Transfer,8003.05,4/29/2024,Spring
14445,14446,1240,Payment,1745.11,8/9/2024,Summer
14446,14447,1251,Deposit,2541.35,10/5/2023,Fall
14447,14448,700,Withdrawal,7875.89,3/19/2023,Spring
14448,14449,2242,Payment,419.22,3/16/2025,Spring
14449,14450,4044,Payment,4064.32,3/14/2025,Spring
14450,14451,752,Deposit,4150.01,1/1/2025,Winter
14451,14452,3411,Deposit,8315.86,2/8/2024,Winter
14452,14453,4064,Withdrawal,1085.7,11/6/2022,Fall
14453,14454,4140,Withdrawal,9054.66,3/2/2025,Spring
14454,14455,1552,Withdrawal,3217.34,10/10/2024,Fall
14455,14456,3862,Deposit,5759.45,12/31/2024,Winter
14456,14457,2542,Transfer,3148.86,11/9/2022,Fall
14457,14458,4929,Transfer,6118.33,8/2/2023,Summer
14458,14459,3581,Deposit,5280.4,11/27/2023,Fall
14459,14460,1958,Payment,3783.24,12/2/2023,Winter
14460,14461,4399,Deposit,4443.92,8/7/2022,Summer
14461,14462,1827,Withdrawal,7501.85,4/23/2023,Spring
14462,14463,4785,Payment,2238.92,5/2/2023,Spring
14463,14464,3640,Payment,6012.58,9/1/2024,Fall
14464,14465,4262,Transfer,6822.12,7/21/2022,Summer
14465,14466,1684,Payment,7110.01,9/13/2024,Fall
14466,14467,4267,Transfer,2289.82,5/24/2024,Spring
14467,14468,4217,Payment,9969.89,12/30/2024,Winter
14468,14469,1734,Transfer,9392.37,12/27/2023,Winter
14469,14470,806,Withdrawal,4712.19,1/12/2023,Winter
14470,14471,2200,Transfer,6364.9,10/8/2023,Fall
14471,14472,4283,Deposit,5359.1,10/12/2023,Fall
14472,14473,2078,Transfer,3851.92,7/31/2024,Summer
14473,14474,4502,Transfer,2930.79,7/19/2024,Summer
14474,14475,2414,Payment,914.87,10/6/2023,Fall
14475,14476,2572,Deposit,8201.51,6/29/2022,Summer
14476,14477,3446,Deposit,2262.39,11/29/2022,Fall
14477,14478,2425,Withdrawal,3387.42,4/16/2025,Spring
14478,14479,2193,Payment,7024.49,10/24/2023,Fall
14479,14480,3923,Withdrawal,1105.36,7/13/2022,Summer
14480,14481,4922,Payment,1396.21,3/11/2023,Spring
14481,14482,1350,Deposit,3026.35,8/5/2023,Summer
14482,14483,1519,Payment,5884.06,12/29/2024,Winter
14483,14484,2394,Withdrawal,7511.6,7/31/2024,Summer
14484,14485,2337,Withdrawal,4731.28,6/25/2022,Summer
14485,14486,4432,Transfer,555.27,1/1/2023,Winter
14486,14487,4671,Deposit,5967.63,9/27/2024,Fall
14487,14488,3201,Transfer,3194.28,7/24/2024,Summer
14488,14489,674,Transfer,7317.59,9/12/2023,Fall
14489,14490,2619,Deposit,6278.22,3/29/2024,Spring
14490,14491,1530,Payment,6978.16,8/17/2024,Summer
14491,14492,4124,Deposit,4360.39,12/3/2024,Winter
14492,14493,3101,Withdrawal,9578.92,1/30/2025,Winter
14493,14494,1187,Transfer,3475.11,7/24/2023,Summer
14494,14495,3591,Withdrawal,5182.62,9/8/2022,Fall
14495,14496,2586,Withdrawal,3697.83,4/7/2024,Spring
14496,14497,1540,Transfer,4447.27,1/3/2025,Winter
14497,14498,1958,Withdrawal,99.15,8/21/2022,Summer
14498,14499,4408,Payment,7816.74,8/18/2023,Summer
14499,14500,2743,Payment,4145.13,8/1/2024,Summer
14500,14501,2604,Payment,4643.15,11/26/2022,Fall
14501,14502,2749,Deposit,531.88,6/19/2024,Summer
14502,14503,1234,Deposit,8368.11,6/23/2022,Summer
14503,14504,4635,Payment,3373.2,1/22/2023,Winter
14504,14505,2397,Transfer,1958.52,11/16/2023,Fall
14505,14506,2553,Transfer,8694.1,5/30/2024,Spring
14506,14507,1923,Transfer,2163.79,4/2/2023,Spring
14507,14508,4760,Transfer,8782.73,3/12/2024,Spring
14508,14509,689,Payment,2651.69,10/23/2023,Fall
14509,14510,1033,Payment,973.08,10/25/2023,Fall
14510,14511,1898,Deposit,4831.54,2/15/2025,Winter
14511,14512,4828,Payment,4754.79,3/16/2023,Spring
14512,14513,3822,Withdrawal,6927.69,3/9/2024,Spring
14513,14514,2533,Withdrawal,8906.76,7/20/2024,Summer
14514,14515,1148,Transfer,6870.92,2/15/2023,Winter
14515,14516,2802,Deposit,2787.28,2/5/2025,Winter
14516,14517,503,Payment,9095.35,7/2/2022,Summer
14517,14518,30,Withdrawal,9238.9,7/13/2024,Summer
14518,14519,1871,Deposit,3248.5,4/30/2024,Spring
14519,14520,4122,Deposit,6684.14,7/5/2022,Summer
14520,14521,4496,Deposit,581.26,11/30/2022,Fall
14521,14522,4598,Deposit,3436.23,4/2/2025,Spring
14522,14523,4349,Withdrawal,2693.38,3/19/2023,Spring
14523,14524,3005,Withdrawal,5326.95,1/10/2024,Winter
14524,14525,1566,Deposit,7336.61,10/8/2023,Fall
14525,14526,4111,Deposit,5532.44,2/13/2023,Winter
14526,14527,4,Deposit,2444.15,2/12/2025,Winter
14527,14528,2431,Deposit,8429.35,6/18/2023,Summer
14528,14529,2222,Payment,6785.14,12/7/2024,Winter
14529,14530,3697,Deposit,5577.25,8/23/2023,Summer
14530,14531,4449,Payment,808.37,12/27/2022,Winter
14531,14532,3332,Withdrawal,2484.36,2/3/2025,Winter
14532,14533,4243,Transfer,9195.91,7/8/2024,Summer
14533,14534,869,Transfer,2666.8,8/19/2023,Summer
14534,14535,1783,Payment,9044.83,7/9/2024,Summer
14535,14536,4333,Deposit,1627.6,2/15/2024,Winter
14536,14537,33,Deposit,7151.3,8/21/2024,Summer
14537,14538,137,Deposit,3755.93,3/11/2023,Spring
14538,14539,898,Transfer,1089.17,9/16/2024,Fall
14539,14540,2491,Withdrawal,5336.92,9/8/2022,Fall
14540,14541,4046,Deposit,1930.65,7/27/2022,Summer
14541,14542,503,Withdrawal,2704.9,12/5/2022,Winter
14542,14543,2890,Payment,9737.08,6/11/2023,Summer
14543,14544,4369,Withdrawal,6655.9,4/3/2023,Spring
14544,14545,4660,Deposit,2286.7,4/11/2023,Spring
14545,14546,203,Payment,8174.37,2/16/2023,Winter
14546,14547,4669,Withdrawal,3286.97,4/27/2023,Spring
14547,14548,4714,Payment,7742.73,1/22/2024,Winter
14548,14549,533,Deposit,727.87,6/23/2022,Summer
14549,14550,4201,Transfer,6250.97,7/23/2023,Summer
14550,14551,4915,Deposit,7834.85,4/17/2024,Spring
14551,14552,1107,Deposit,5926.32,3/27/2025,Spring
14552,14553,1544,Deposit,6552.46,5/31/2022,Spring
14553,14554,4579,Transfer,1504.59,10/12/2022,Fall
14554,14555,4238,Transfer,8443.34,5/20/2024,Spring
14555,14556,1667,Deposit,8385.2,7/21/2024,Summer
14556,14557,4523,Withdrawal,4568.46,12/27/2022,Winter
14557,14558,3864,Withdrawal,4694.07,11/29/2022,Fall
14558,14559,228,Transfer,1375.28,8/9/2022,Summer
14559,14560,430,Deposit,8361.53,12/28/2022,Winter
14560,14561,4446,Transfer,716.88,8/8/2022,Summer
14561,14562,2404,Transfer,3699.57,10/26/2024,Fall
14562,14563,2370,Withdrawal,838.51,2/21/2024,Winter
14563,14564,2833,Deposit,8584.87,3/30/2023,Spring
14564,14565,2108,Transfer,7277.47,3/25/2025,Spring
14565,14566,4553,Deposit,8537.07,2/22/2024,Winter
14566,14567,4550,Withdrawal,5544.09,7/24/2023,Summer
14567,14568,2767,Transfer,6434.29,1/20/2025,Winter
14568,14569,4659,Payment,7101.5,6/7/2023,Summer
14569,14570,4416,Deposit,4421.38,11/24/2023,Fall
14570,14571,1278,Deposit,2320.42,3/3/2023,Spring
14571,14572,1353,Deposit,8239.49,9/4/2023,Fall
14572,14573,60,Payment,7327.09,12/23/2024,Winter
14573,14574,3915,Payment,7149.62,10/3/2023,Fall
14574,14575,349,Payment,7056.41,3/1/2023,Spring
14575,14576,2273,Payment,3558.3,7/9/2022,Summer
14576,14577,1746,Deposit,6590.49,11/23/2022,Fall
14577,14578,2344,Deposit,3561.71,6/18/2024,Summer
14578,14579,3989,Deposit,2077.74,11/19/2024,Fall
14579,14580,3553,Withdrawal,4587.63,5/8/2025,Spring
14580,14581,4657,Transfer,6154.22,5/17/2022,Spring
14581,14582,4664,Transfer,6844.2,12/7/2024,Winter
14582,14583,4823,Transfer,3607.82,7/28/2023,Summer
14583,14584,3597,Transfer,7333.18,5/2/2025,Spring
14584,14585,1646,Payment,4319.79,5/7/2023,Spring
14585,14586,2661,Deposit,8546.74,5/5/2025,Spring
14586,14587,913,Deposit,23.01,10/15/2022,Fall
14587,14588,4139,Withdrawal,2813.9,8/2/2024,Summer
14588,14589,4557,Deposit,6125.9,10/14/2024,Fall
14589,14590,2366,Transfer,3262.59,4/4/2024,Spring
14590,14591,1991,Transfer,2412.61,3/29/2023,Spring
14591,14592,1832,Transfer,5398.24,8/9/2022,Summer
14592,14593,4543,Payment,7146.08,3/8/2025,Spring
14593,14594,4539,Transfer,9300.18,12/15/2024,Winter
14594,14595,295,Deposit,5564.8,5/20/2022,Spring
14595,14596,4711,Deposit,7973.72,11/19/2024,Fall
14596,14597,1211,Payment,675.39,2/12/2025,Winter
14597,14598,2532,Transfer,8169.41,3/7/2024,Spring
14598,14599,1655,Withdrawal,5287.2,4/27/2025,Spring
14599,14600,1321,Payment,4393.78,5/12/2022,Spring
14600,14601,2781,Transfer,4175.33,10/3/2022,Fall
14601,14602,3820,Deposit,738.96,8/7/2022,Summer
14602,14603,3705,Deposit,3784.89,5/25/2023,Spring
14603,14604,1571,Deposit,6956.69,3/22/2024,Spring
14604,14605,602,Withdrawal,3118.49,3/17/2025,Spring
14605,14606,3834,Deposit,7333.96,6/1/2024,Summer
14606,14607,3689,Withdrawal,3727.85,1/23/2023,Winter
14607,14608,1758,Payment,8751.72,1/24/2023,Winter
14608,14609,3326,Withdrawal,6345.42,8/14/2024,Summer
14609,14610,1484,Payment,8085.17,3/12/2023,Spring
14610,14611,1156,Deposit,5627.48,11/24/2023,Fall
14611,14612,3694,Withdrawal,6063.35,9/7/2022,Fall
14612,14613,3092,Withdrawal,49.68,1/27/2024,Winter
14613,14614,2328,Deposit,3189.95,5/29/2022,Spring
14614,14615,3446,Withdrawal,5261.21,12/20/2023,Winter
14615,14616,4486,Deposit,1303.33,3/21/2023,Spring
14616,14617,1386,Payment,4093.8,10/29/2022,Fall
14617,14618,4162,Payment,9803.68,3/9/2023,Spring
14618,14619,2259,Transfer,2595.24,5/1/2024,Spring
14619,14620,4924,Transfer,1797.64,12/20/2023,Winter
14620,14621,1120,Transfer,1558.35,11/2/2024,Fall
14621,14622,829,Transfer,3526.29,2/16/2025,Winter
14622,14623,2677,Transfer,2008.8,8/28/2023,Summer
14623,14624,4695,Deposit,1324.94,6/27/2022,Summer
14624,14625,1074,Withdrawal,433.8,9/13/2023,Fall
14625,14626,3664,Payment,2550.12,6/14/2022,Summer
14626,14627,4044,Payment,7919.18,5/20/2023,Spring
14627,14628,4112,Deposit,1545.03,8/17/2022,Summer
14628,14629,927,Payment,3046.8,1/7/2023,Winter
14629,14630,1210,Payment,5731.13,10/1/2024,Fall
14630,14631,3737,Payment,9662.05,7/26/2022,Summer
14631,14632,1009,Withdrawal,8079.53,3/13/2023,Spring
14632,14633,4833,Payment,6114.81,11/11/2022,Fall
14633,14634,609,Deposit,5443.09,6/22/2023,Summer
14634,14635,1727,Transfer,1692.65,3/3/2024,Spring
14635,14636,3934,Transfer,7006.07,1/26/2025,Winter
14636,14637,309,Payment,8340.87,9/8/2024,Fall
14637,14638,581,Transfer,2681.84,11/28/2023,Fall
14638,14639,1374,Withdrawal,2163.03,12/26/2024,Winter
14639,14640,681,Payment,3049.7,5/2/2023,Spring
14640,14641,3250,Withdrawal,6620.96,1/10/2025,Winter
14641,14642,3324,Transfer,8721.11,11/7/2023,Fall
14642,14643,4584,Payment,9435.19,4/3/2023,Spring
14643,14644,541,Deposit,7778.45,10/21/2022,Fall
14644,14645,1552,Transfer,9751.27,2/28/2023,Winter
14645,14646,2281,Transfer,2511.9,11/16/2023,Fall
14646,14647,4511,Withdrawal,7922.58,4/21/2025,Spring
14647,14648,2688,Transfer,8020.08,11/4/2022,Fall
14648,14649,1955,Deposit,9169.79,5/28/2022,Spring
14649,14650,1698,Transfer,9088.71,11/4/2023,Fall
14650,14651,3558,Deposit,8831.32,10/31/2022,Fall
14651,14652,769,Deposit,4553.05,10/11/2023,Fall
14652,14653,3729,Deposit,19.4,6/22/2024,Summer
14653,14654,4509,Withdrawal,6107.82,6/26/2024,Summer
14654,14655,4612,Withdrawal,50.88,8/23/2023,Summer
14655,14656,3428,Withdrawal,6682.58,3/30/2024,Spring
14656,14657,3601,Withdrawal,838.41,5/26/2022,Spring
14657,14658,1233,Transfer,12.05,9/9/2024,Fall
14658,14659,2644,Withdrawal,1990.22,12/5/2024,Winter
14659,14660,4715,Deposit,9386.67,2/9/2025,Winter
14660,14661,3033,Payment,6024.59,1/3/2025,Winter
14661,14662,3993,Transfer,9003.77,7/5/2022,Summer
14662,14663,95,Payment,5681.54,3/4/2023,Spring
14663,14664,1540,Transfer,3111.43,9/3/2024,Fall
14664,14665,2097,Transfer,2191.5,4/19/2023,Spring
14665,14666,1042,Withdrawal,8225.25,4/2/2023,Spring
14666,14667,2690,Deposit,68.3,9/17/2024,Fall
14667,14668,3223,Withdrawal,2329.68,5/5/2025,Spring
14668,14669,1413,Withdrawal,1571.49,7/21/2023,Summer
14669,14670,2230,Deposit,6333.48,5/11/2023,Spring
14670,14671,469,Deposit,9518.47,8/4/2023,Summer
14671,14672,4735,Withdrawal,589.36,6/4/2022,Summer
14672,14673,2557,Deposit,1480.48,3/2/2023,Spring
14673,14674,3460,Transfer,4637.81,3/12/2023,Spring
14674,14675,1811,Deposit,6932.07,11/13/2023,Fall
14675,14676,4345,Transfer,5256.19,5/30/2022,Spring
14676,14677,3282,Transfer,738.91,12/19/2023,Winter
14677,14678,1418,Withdrawal,4705.52,3/9/2025,Spring
14678,14679,1886,Payment,7250.12,5/4/2023,Spring
14679,14680,1143,Payment,278.46,5/2/2025,Spring
14680,14681,4437,Payment,5910.65,5/27/2022,Spring
14681,14682,2730,Deposit,6194.93,5/18/2022,Spring
14682,14683,810,Deposit,1300.77,11/6/2024,Fall
14683,14684,4219,Transfer,8444.9,10/30/2022,Fall
14684,14685,1494,Transfer,7314.51,3/14/2025,Spring
14685,14686,1028,Payment,1700.18,1/2/2023,Winter
14686,14687,3956,Transfer,7723.97,8/17/2022,Summer
14687,14688,3645,Payment,4997.9,9/14/2023,Fall
14688,14689,1054,Deposit,4240.55,2/19/2023,Winter
14689,14690,3285,Withdrawal,6756.08,1/11/2023,Winter
14690,14691,3723,Deposit,1819.71,8/4/2023,Summer
14691,14692,1149,Withdrawal,2453.31,9/14/2022,Fall
14692,14693,3648,Transfer,8104.44,12/4/2023,Winter
14693,14694,4126,Transfer,6685.19,8/17/2024,Summer
14694,14695,1979,Transfer,4667.45,4/12/2023,Spring
14695,14696,1345,Deposit,3308.91,8/14/2022,Summer
14696,14697,405,Withdrawal,6847.81,1/24/2025,Winter
14697,14698,3760,Withdrawal,3933.69,5/6/2023,Spring
14698,14699,3981,Transfer,9029.69,8/27/2022,Summer
14699,14700,2807,Transfer,2530.23,2/26/2024,Winter
14700,14701,903,Deposit,3558.33,6/2/2024,Summer
14701,14702,1,Deposit,6058.7,5/17/2022,Spring
14702,14703,3250,Deposit,6164.41,4/7/2024,Spring
14703,14704,2045,Withdrawal,5794.88,10/3/2024,Fall
14704,14705,417,Transfer,5712.68,6/2/2022,Summer
14705,14706,4991,Withdrawal,5517.24,8/20/2023,Summer
14706,14707,1254,Deposit,1069.07,7/22/2023,Summer
14707,14708,2573,Deposit,573.07,10/7/2023,Fall
14708,14709,373,Transfer,8731.99,9/27/2024,Fall
14709,14710,1009,Transfer,7074.32,7/2/2023,Summer
14710,14711,3005,Transfer,1081.51,2/15/2024,Winter
14711,14712,4734,Payment,7638.4,12/12/2022,Winter
14712,14713,1800,Payment,9661.3,9/6/2022,Fall
14713,14714,4512,Deposit,3007.79,7/15/2022,Summer
14714,14715,1395,Transfer,465.51,12/10/2023,Winter
14715,14716,3286,Withdrawal,465.95,7/22/2024,Summer
14716,14717,2120,Deposit,3070.71,1/12/2025,Winter
14717,14718,4174,Deposit,2758.04,9/12/2023,Fall
14718,14719,1411,Payment,6559.47,5/11/2025,Spring
14719,14720,3051,Payment,2078.39,2/12/2025,Winter
14720,14721,4156,Transfer,3640.95,11/30/2023,Fall
14721,14722,1970,Withdrawal,1050.26,7/28/2024,Summer
14722,14723,824,Deposit,9361.87,2/8/2025,Winter
14723,14724,1007,Payment,505.6,5/12/2024,Spring
14724,14725,3365,Deposit,7825.85,12/13/2023,Winter
14725,14726,2983,Transfer,9405.29,9/10/2022,Fall
14726,14727,2331,Payment,7197.55,12/24/2023,Winter
14727,14728,993,Deposit,3678.36,10/8/2023,Fall
14728,14729,1323,Deposit,5483.36,5/22/2022,Spring
14729,14730,4492,Deposit,6181.02,1/31/2025,Winter
14730,14731,4474,Payment,5666.53,2/2/2025,Winter
14731,14732,50,Deposit,3596.13,6/10/2023,Summer
14732,14733,3736,Withdrawal,2010.04,4/16/2025,Spring
14733,14734,3074,Transfer,8245.39,5/12/2024,Spring
14734,14735,4880,Payment,2864.66,8/10/2023,Summer
14735,14736,769,Payment,3566.34,11/24/2024,Fall
14736,14737,4430,Payment,8586.65,5/10/2023,Spring
14737,14738,4035,Withdrawal,8256.23,1/17/2024,Winter
14738,14739,1750,Transfer,6607.07,6/10/2024,Summer
14739,14740,2432,Withdrawal,3888.51,6/2/2024,Summer
14740,14741,2864,Transfer,4934.79,12/6/2024,Winter
14741,14742,3224,Transfer,7604.86,6/20/2023,Summer
14742,14743,3167,Withdrawal,6739.54,8/4/2024,Summer
14743,14744,1575,Transfer,7872.96,6/12/2022,Summer
14744,14745,1221,Withdrawal,890.02,1/16/2025,Winter
14745,14746,2297,Deposit,1934.41,9/6/2023,Fall
14746,14747,310,Withdrawal,9149.75,4/5/2023,Spring
14747,14748,4065,Transfer,8564.66,10/7/2024,Fall
14748,14749,1854,Deposit,581.89,7/31/2022,Summer
14749,14750,4612,Deposit,7408.24,6/24/2023,Summer
14750,14751,3370,Withdrawal,2005.64,8/19/2024,Summer
14751,14752,3403,Withdrawal,7967.51,6/11/2023,Summer
14752,14753,175,Payment,1786.2,12/13/2024,Winter
14753,14754,289,Transfer,1023.29,1/20/2024,Winter
14754,14755,3955,Deposit,4929.21,6/4/2024,Summer
14755,14756,3749,Payment,3062.55,5/6/2024,Spring
14756,14757,2807,Payment,3205.3,8/29/2023,Summer
14757,14758,186,Withdrawal,1417.69,1/18/2023,Winter
14758,14759,453,Payment,7481,4/4/2023,Spring
14759,14760,1563,Payment,6024.18,7/20/2023,Summer
14760,14761,1754,Withdrawal,1030.33,5/28/2024,Spring
14761,14762,945,Deposit,1346.97,5/16/2023,Spring
14762,14763,2595,Deposit,2196.08,10/22/2024,Fall
14763,14764,1752,Deposit,898.25,6/20/2024,Summer
14764,14765,2387,Deposit,6921.42,7/14/2024,Summer
14765,14766,1734,Deposit,8427.99,11/26/2023,Fall
14766,14767,3495,Deposit,9476.88,10/23/2022,Fall
14767,14768,2260,Withdrawal,6650.87,11/3/2024,Fall
14768,14769,4235,Deposit,9808.09,6/18/2023,Summer
14769,14770,217,Withdrawal,7881.03,12/6/2022,Winter
14770,14771,1089,Transfer,9722.89,3/6/2023,Spring
14771,14772,2715,Deposit,2853.26,10/11/2023,Fall
14772,14773,109,Deposit,2963.02,12/12/2022,Winter
14773,14774,723,Payment,6148.36,5/10/2024,Spring
14774,14775,245,Deposit,6381.79,12/10/2024,Winter
14775,14776,63,Deposit,6901.92,4/29/2025,Spring
14776,14777,2714,Payment,9040.99,9/5/2022,Fall
14777,14778,4873,Payment,4506.65,4/7/2023,Spring
14778,14779,4646,Payment,6033.33,1/29/2024,Winter
14779,14780,1127,Payment,8378.41,8/9/2022,Summer
14780,14781,2019,Transfer,9793.5,8/25/2022,Summer
14781,14782,4290,Deposit,1392.44,7/3/2022,Summer
14782,14783,538,Transfer,6315.87,1/9/2023,Winter
14783,14784,3887,Transfer,142.93,5/8/2024,Spring
14784,14785,749,Payment,7568.39,8/18/2023,Summer
14785,14786,848,Transfer,4680.84,1/15/2025,Winter
14786,14787,3914,Payment,5926.89,11/1/2024,Fall
14787,14788,1965,Withdrawal,9358.31,2/23/2024,Winter
14788,14789,8,Withdrawal,5609.75,12/4/2022,Winter
14789,14790,3934,Deposit,9425.19,7/23/2024,Summer
14790,14791,3170,Withdrawal,5301.86,12/6/2022,Winter
14791,14792,3220,Deposit,759.26,11/27/2022,Fall
14792,14793,4886,Transfer,1318.39,11/7/2022,Fall
14793,14794,4165,Transfer,6852.24,10/20/2022,Fall
14794,14795,250,Transfer,6380.4,8/24/2022,Summer
14795,14796,1508,Withdrawal,4785.26,11/28/2024,Fall
14796,14797,2612,Deposit,3033.75,6/24/2024,Summer
14797,14798,1726,Transfer,5373.43,5/12/2024,Spring
14798,14799,603,Withdrawal,1849.58,3/2/2023,Spring
14799,14800,4265,Transfer,3651.6,12/25/2024,Winter
14800,14801,2564,Transfer,6461.76,2/2/2025,Winter
14801,14802,3829,Withdrawal,2252.21,12/5/2023,Winter
14802,14803,2637,Withdrawal,4204.22,11/11/2023,Fall
14803,14804,4685,Payment,6681.99,3/22/2024,Spring
14804,14805,2451,Transfer,1402.88,12/6/2024,Winter
14805,14806,2000,Payment,5684.26,10/3/2024,Fall
14806,14807,18,Payment,7977.18,9/7/2023,Fall
14807,14808,1757,Payment,3422.69,3/17/2023,Spring
14808,14809,1769,Withdrawal,3635.36,10/8/2023,Fall
14809,14810,322,Transfer,2738.99,10/15/2024,Fall
14810,14811,557,Withdrawal,6641.1,12/4/2022,Winter
14811,14812,1465,Transfer,5843.67,10/31/2023,Fall
14812,14813,3055,Transfer,4885.79,8/26/2024,Summer
14813,14814,4403,Payment,6067.8,5/11/2025,Spring
14814,14815,4871,Withdrawal,6543.3,8/11/2022,Summer
14815,14816,2924,Deposit,6890.1,3/15/2023,Spring
14816,14817,117,Transfer,5946.65,8/1/2022,Summer
14817,14818,678,Withdrawal,9788.99,2/3/2023,Winter
14818,14819,114,Payment,255.99,9/19/2023,Fall
14819,14820,4540,Payment,1782.1,10/28/2024,Fall
14820,14821,1024,Transfer,5580.71,1/10/2023,Winter
14821,14822,2118,Payment,543.12,7/10/2024,Summer
14822,14823,4441,Deposit,7506.64,10/20/2022,Fall
14823,14824,2924,Deposit,7149.88,12/28/2022,Winter
14824,14825,682,Payment,9771.3,5/20/2022,Spring
14825,14826,4757,Withdrawal,5083.25,7/11/2023,Summer
14826,14827,4524,Transfer,1449.21,1/11/2023,Winter
14827,14828,1066,Withdrawal,3576.88,10/15/2024,Fall
14828,14829,492,Transfer,5209.98,3/13/2025,Spring
14829,14830,3081,Deposit,979.92,10/12/2024,Fall
14830,14831,1717,Withdrawal,8721.99,5/22/2023,Spring
14831,14832,4673,Transfer,1607.51,3/28/2025,Spring
14832,14833,3713,Transfer,8625.55,9/8/2024,Fall
14833,14834,794,Withdrawal,9652.45,5/11/2024,Spring
14834,14835,1527,Deposit,5232.52,5/26/2023,Spring
14835,14836,2566,Deposit,4455.81,2/8/2023,Winter
14836,14837,247,Payment,7462.79,8/8/2022,Summer
14837,14838,3934,Withdrawal,4700.6,9/8/2022,Fall
14838,14839,2104,Transfer,4838.77,8/22/2024,Summer
14839,14840,2325,Payment,1207.99,12/16/2023,Winter
14840,14841,149,Withdrawal,5938.19,11/14/2023,Fall
14841,14842,610,Payment,8398.44,12/4/2022,Winter
14842,14843,3523,Deposit,2826.92,2/16/2024,Winter
14843,14844,1482,Payment,5498.93,4/7/2025,Spring
14844,14845,3250,Payment,6320.2,10/15/2022,Fall
14845,14846,950,Transfer,8874.87,10/24/2023,Fall
14846,14847,1380,Payment,7473.88,5/26/2024,Spring
14847,14848,4637,Transfer,1891.72,12/22/2022,Winter
14848,14849,1766,Transfer,6339.56,6/25/2023,Summer
14849,14850,4436,Transfer,1863.04,5/14/2024,Spring
14850,14851,4390,Withdrawal,3025.2,12/12/2022,Winter
14851,14852,4743,Transfer,9235.69,5/12/2024,Spring
14852,14853,689,Payment,4855.55,10/21/2024,Fall
14853,14854,4793,Withdrawal,4052.37,2/8/2024,Winter
14854,14855,905,Withdrawal,2164.81,2/6/2023,Winter
14855,14856,194,Transfer,9810.9,5/4/2025,Spring
14856,14857,1395,Withdrawal,2309.95,4/22/2025,Spring
14857,14858,3864,Payment,7949.68,11/17/2022,Fall
14858,14859,1031,Deposit,6389.76,12/16/2022,Winter
14859,14860,4008,Deposit,5832.68,4/18/2023,Spring
14860,14861,632,Transfer,7929.93,2/6/2023,Winter
14861,14862,3895,Withdrawal,9381.18,5/30/2024,Spring
14862,14863,4965,Transfer,2559.23,8/23/2024,Summer
14863,14864,4325,Transfer,1081.87,2/25/2025,Winter
14864,14865,1051,Transfer,2667.75,12/11/2024,Winter
14865,14866,2361,Payment,2434.01,9/1/2022,Fall
14866,14867,3964,Deposit,267.49,10/14/2023,Fall
14867,14868,2933,Deposit,749.88,9/10/2024,Fall
14868,14869,938,Withdrawal,1204.31,7/16/2024,Summer
14869,14870,2753,Transfer,6906.4,9/7/2023,Fall
14870,14871,4289,Withdrawal,8837.88,6/19/2023,Summer
14871,14872,1890,Deposit,1233.05,9/19/2024,Fall
14872,14873,4585,Deposit,1982.73,5/5/2023,Spring
14873,14874,4845,Withdrawal,8933.18,5/6/2025,Spring
14874,14875,3798,Withdrawal,766.21,11/5/2024,Fall
14875,14876,1662,Payment,5517.39,4/6/2025,Spring
14876,14877,4865,Payment,6633.45,8/27/2022,Summer
14877,14878,2785,Payment,1673.21,3/31/2023,Spring
14878,14879,1644,Transfer,225.8,11/12/2023,Fall
14879,14880,3388,Withdrawal,6828.59,1/14/2025,Winter
14880,14881,4787,Transfer,8813.03,7/23/2024,Summer
14881,14882,4625,Transfer,7227.11,11/25/2022,Fall
14882,14883,4869,Payment,5260.33,8/26/2023,Summer
14883,14884,2786,Payment,6937.81,4/27/2025,Spring
14884,14885,4654,Payment,1944.98,2/27/2023,Winter
14885,14886,2346,Withdrawal,6884.88,2/16/2024,Winter
14886,14887,3270,Transfer,2734.65,7/15/2024,Summer
14887,14888,2458,Withdrawal,3154.19,11/25/2023,Fall
14888,14889,1110,Payment,5441.32,9/24/2022,Fall
14889,14890,3391,Transfer,1268.34,2/9/2023,Winter
14890,14891,848,Payment,3857.91,7/20/2023,Summer
14891,14892,4595,Withdrawal,6518.09,2/18/2025,Winter
14892,14893,2047,Transfer,829.74,6/26/2024,Summer
14893,14894,869,Withdrawal,4052.12,6/5/2023,Summer
14894,14895,27,Deposit,9305.42,8/15/2022,Summer
14895,14896,837,Withdrawal,9277.55,9/18/2022,Fall
14896,14897,3793,Withdrawal,4167.2,2/22/2025,Winter
14897,14898,3459,Withdrawal,8210.82,8/29/2023,Summer
14898,14899,3915,Deposit,829.86,11/28/2023,Fall
14899,14900,245,Deposit,3482.97,8/24/2024,Summer
14900,14901,4674,Withdrawal,2695.56,4/22/2025,Spring
14901,14902,1462,Payment,238.42,11/28/2022,Fall
14902,14903,2582,Withdrawal,3309.92,10/1/2022,Fall
14903,14904,4558,Transfer,8786.65,2/9/2024,Winter
14904,14905,2331,Deposit,954.36,9/1/2024,Fall
14905,14906,2265,Withdrawal,8142.95,3/31/2024,Spring
14906,14907,4298,Transfer,8610,8/10/2022,Summer
14907,14908,1791,Transfer,2143.62,9/10/2024,Fall
14908,14909,3234,Deposit,1170.78,6/23/2024,Summer
14909,14910,3929,Payment,8502.27,12/8/2024,Winter
14910,14911,4480,Withdrawal,4042,5/27/2022,Spring
14911,14912,761,Transfer,5012.29,8/19/2023,Summer
14912,14913,20,Payment,8549.07,5/15/2024,Spring
14913,14914,82,Deposit,7083.4,8/12/2022,Summer
14914,14915,2075,Withdrawal,9988.64,2/14/2025,Winter
14915,14916,2189,Transfer,2272.15,1/25/2024,Winter
14916,14917,4553,Transfer,9677.9,7/1/2023,Summer
14917,14918,2648,Withdrawal,8753.68,10/25/2023,Fall
14918,14919,948,Withdrawal,1702.25,2/5/2025,Winter
14919,14920,4411,Withdrawal,4437.86,10/29/2022,Fall
14920,14921,1265,Transfer,4402.19,11/30/2024,Fall
14921,14922,4473,Transfer,6917.06,3/22/2024,Spring
14922,14923,1314,Withdrawal,8518.84,5/4/2024,Spring
14923,14924,1569,Transfer,4904.66,12/23/2023,Winter
14924,14925,2858,Payment,9425.77,11/22/2023,Fall
14925,14926,787,Withdrawal,2803.39,1/7/2025,Winter
14926,14927,1409,Withdrawal,7185.78,10/14/2024,Fall
14927,14928,383,Transfer,9729.42,6/16/2022,Summer
14928,14929,2295,Transfer,5678.26,11/2/2023,Fall
14929,14930,1103,Deposit,4671.24,1/29/2023,Winter
14930,14931,4236,Transfer,4169.51,6/27/2024,Summer
14931,14932,2178,Deposit,1579.57,1/11/2023,Winter
14932,14933,2732,Payment,6267.44,5/31/2022,Spring
14933,14934,2637,Transfer,4437.54,8/29/2023,Summer
14934,14935,1607,Transfer,9222.68,3/9/2023,Spring
14935,14936,1695,Transfer,2615.47,2/3/2023,Winter
14936,14937,2554,Withdrawal,3427.77,7/12/2023,Summer
14937,14938,1878,Withdrawal,7847.97,6/28/2024,Summer
14938,14939,1048,Payment,5780.22,8/29/2022,Summer
14939,14940,2163,Withdrawal,5712.22,3/28/2024,Spring
14940,14941,3693,Payment,4067.38,12/30/2023,Winter
14941,14942,888,Withdrawal,2149.07,4/9/2024,Spring
14942,14943,1978,Withdrawal,5534.51,11/9/2022,Fall
14943,14944,2739,Deposit,4942.31,2/21/2025,Winter
14944,14945,3020,Payment,5763,3/10/2024,Spring
14945,14946,942,Deposit,8439.95,7/7/2023,Summer
14946,14947,4053,Payment,964.4,10/23/2024,Fall
14947,14948,1514,Deposit,406.84,10/4/2023,Fall
14948,14949,4301,Deposit,7175.84,3/12/2025,Spring
14949,14950,3069,Transfer,1464.51,2/6/2023,Winter
14950,14951,2816,Transfer,3188.08,5/19/2024,Spring
14951,14952,2573,Withdrawal,7265.98,9/27/2024,Fall
14952,14953,2443,Payment,9691.35,6/28/2023,Summer
14953,14954,1119,Payment,1848.72,9/21/2023,Fall
14954,14955,3013,Deposit,6390.08,5/4/2025,Spring
14955,14956,1292,Withdrawal,9637.74,5/6/2024,Spring
14956,14957,2709,Deposit,8494.58,5/17/2024,Spring
14957,14958,4562,Deposit,2682.96,7/22/2022,Summer
14958,14959,2824,Transfer,7593.62,4/19/2024,Spring
14959,14960,4779,Transfer,9347.04,1/25/2025,Winter
14960,14961,4474,Withdrawal,4725.8,12/25/2023,Winter
14961,14962,2091,Transfer,9540.11,2/16/2024,Winter
14962,14963,2250,Transfer,5404.28,12/10/2023,Winter
14963,14964,700,Payment,488.12,3/9/2023,Spring
14964,14965,4368,Withdrawal,24.73,7/26/2024,Summer
14965,14966,1052,Withdrawal,3378.82,9/4/2023,Fall
14966,14967,868,Payment,9686.43,2/18/2025,Winter
14967,14968,1111,Withdrawal,6883.07,1/23/2025,Winter
14968,14969,4106,Deposit,4973.14,8/20/2022,Summer
14969,14970,2289,Deposit,6272.98,7/12/2024,Summer
14970,14971,2854,Deposit,2727.83,4/2/2023,Spring
14971,14972,2603,Payment,9011.11,10/16/2023,Fall
14972,14973,1781,Payment,9271.9,2/2/2025,Winter
14973,14974,3474,Withdrawal,3260.32,11/22/2022,Fall
14974,14975,2245,Transfer,3859.59,4/12/2023,Spring
14975,14976,4394,Payment,6207.38,9/21/2024,Fall
14976,14977,2213,Withdrawal,6650.98,7/27/2023,Summer
14977,14978,1160,Payment,599.1,9/24/2023,Fall
14978,14979,2564,Transfer,1100.31,11/9/2022,Fall
14979,14980,4337,Payment,2564.38,9/1/2022,Fall
14980,14981,4839,Deposit,2979.11,9/9/2023,Fall
14981,14982,2464,Deposit,8025.76,11/22/2024,Fall
14982,14983,4966,Withdrawal,5798.39,9/11/2022,Fall
14983,14984,4394,Withdrawal,5042.17,9/11/2024,Fall
14984,14985,1697,Payment,3203.33,1/27/2023,Winter
14985,14986,2027,Deposit,2468.67,9/26/2024,Fall
14986,14987,321,Payment,4143.31,3/14/2024,Spring
14987,14988,651,Payment,5608.92,3/1/2025,Spring
14988,14989,3128,Transfer,8329.06,5/30/2022,Spring
14989,14990,408,Withdrawal,3100.73,10/28/2022,Fall
14990,14991,4200,Transfer,4617.33,3/19/2024,Spring
14991,14992,879,Withdrawal,9940.44,12/26/2024,Winter
14992,14993,3604,Deposit,8044.37,1/27/2025,Winter
14993,14994,3072,Deposit,8829.15,8/26/2023,Summer
14994,14995,435,Deposit,9097.03,6/4/2024,Summer
14995,14996,4581,Deposit,6059.82,10/13/2023,Fall
14996,14997,2902,Deposit,6637.02,2/23/2025,Winter
14997,14998,1980,Deposit,3167.95,8/29/2024,Summer
14998,14999,333,Transfer,7820.25,6/16/2023,Summer
14999,15000,4125,Payment,7701.42,1/24/2024,Winter
15000,15001,1503,Withdrawal,2097.6,7/5/2023,Summer
15001,15002,1687,Payment,3509.57,11/17/2023,Fall
15002,15003,3166,Withdrawal,6076.48,7/21/2022,Summer
15003,15004,4550,Transfer,9466.53,2/10/2024,Winter
15004,15005,540,Transfer,4852.61,9/24/2024,Fall
15005,15006,173,Transfer,7220.75,10/11/2024,Fall
15006,15007,3915,Deposit,6634.6,11/27/2023,Fall
15007,15008,27,Deposit,1971.27,1/16/2023,Winter
15008,15009,3291,Deposit,3694.49,9/11/2022,Fall
15009,15010,268,Payment,4782.95,6/24/2022,Summer
15010,15011,1667,Deposit,441.98,7/2/2024,Summer
15011,15012,1713,Deposit,1685.61,4/26/2025,Spring
15012,15013,2296,Payment,3484.85,12/31/2022,Winter
15013,15014,4229,Deposit,5741.58,9/28/2022,Fall
15014,15015,2325,Transfer,3448.37,3/24/2024,Spring
15015,15016,506,Deposit,8213.09,7/18/2023,Summer
15016,15017,3700,Deposit,2726.59,3/31/2024,Spring
15017,15018,1864,Payment,9354.5,12/10/2024,Winter
15018,15019,127,Withdrawal,1201.13,3/18/2024,Spring
15019,15020,1152,Deposit,7184.35,4/28/2024,Spring
15020,15021,1257,Deposit,2465.65,5/13/2022,Spring
15021,15022,434,Deposit,8899.33,10/17/2024,Fall
15022,15023,4864,Withdrawal,1168.63,10/15/2024,Fall
15023,15024,2575,Payment,5438.55,9/27/2023,Fall
15024,15025,1464,Withdrawal,1614.43,5/30/2024,Spring
15025,15026,1103,Payment,610.6,5/16/2024,Spring
15026,15027,3951,Deposit,6182.91,10/3/2023,Fall
15027,15028,3889,Deposit,2658.11,3/13/2024,Spring
15028,15029,1030,Deposit,4266.3,3/21/2023,Spring
15029,15030,892,Withdrawal,7105.47,3/9/2024,Spring
15030,15031,4304,Payment,7343.45,6/18/2022,Summer
15031,15032,3456,Withdrawal,3885.3,4/2/2024,Spring
15032,15033,513,Transfer,429.72,12/21/2024,Winter
15033,15034,3913,Payment,2081.8,11/29/2023,Fall
15034,15035,3638,Transfer,5834.48,10/5/2023,Fall
15035,15036,1793,Withdrawal,9598.32,3/13/2023,Spring
15036,15037,852,Withdrawal,5856.73,4/15/2024,Spring
15037,15038,1534,Payment,2880.41,2/7/2024,Winter
15038,15039,3488,Withdrawal,7986.54,12/10/2022,Winter
15039,15040,4510,Payment,2313.17,11/13/2022,Fall
15040,15041,2214,Transfer,8936.61,12/4/2023,Winter
15041,15042,1552,Withdrawal,1471.43,2/10/2023,Winter
15042,15043,3399,Deposit,1120.28,3/12/2023,Spring
15043,15044,2555,Deposit,2919.69,9/17/2023,Fall
15044,15045,3898,Payment,554.92,9/15/2024,Fall
15045,15046,606,Deposit,2908.53,4/18/2024,Spring
15046,15047,2527,Withdrawal,6444.77,8/26/2024,Summer
15047,15048,1989,Transfer,3364.17,9/22/2022,Fall
15048,15049,929,Withdrawal,6872.93,11/12/2024,Fall
15049,15050,2063,Transfer,3328.29,3/20/2025,Spring
15050,15051,4589,Payment,8990.68,7/23/2023,Summer
15051,15052,2690,Deposit,3725.32,6/25/2024,Summer
15052,15053,547,Deposit,1292.01,11/16/2024,Fall
15053,15054,129,Transfer,4186.56,3/25/2023,Spring
15054,15055,1252,Withdrawal,259.4,3/11/2025,Spring
15055,15056,779,Withdrawal,9837.08,12/9/2023,Winter
15056,15057,3918,Transfer,525.48,7/11/2024,Summer
15057,15058,874,Payment,2098.24,3/14/2024,Spring
15058,15059,1468,Deposit,4551.33,8/5/2023,Summer
15059,15060,2307,Withdrawal,6696.94,2/24/2023,Winter
15060,15061,1668,Deposit,6145.98,11/5/2022,Fall
15061,15062,639,Withdrawal,3168.05,3/3/2024,Spring
15062,15063,976,Payment,2170.34,7/9/2023,Summer
15063,15064,1145,Transfer,7306.06,11/26/2024,Fall
15064,15065,2503,Transfer,5993.82,9/2/2024,Fall
15065,15066,1508,Transfer,5057.07,6/7/2022,Summer
15066,15067,4052,Withdrawal,7131.85,8/5/2023,Summer
15067,15068,3456,Deposit,9760.08,6/29/2024,Summer
15068,15069,2241,Deposit,7871.52,2/4/2024,Winter
15069,15070,4661,Transfer,9772.89,10/2/2024,Fall
15070,15071,4853,Payment,1723.2,7/4/2023,Summer
15071,15072,4151,Transfer,8262.06,8/28/2024,Summer
15072,15073,2702,Payment,8102.87,2/9/2023,Winter
15073,15074,2595,Withdrawal,560.9,12/10/2023,Winter
15074,15075,3593,Transfer,7195.79,5/11/2025,Spring
15075,15076,304,Transfer,8548.8,8/13/2022,Summer
15076,15077,4258,Deposit,43.86,12/1/2022,Winter
15077,15078,1930,Deposit,7226.24,4/15/2023,Spring
15078,15079,4643,Deposit,987.92,1/6/2023,Winter
15079,15080,4784,Payment,8910.23,8/12/2022,Summer
15080,15081,2304,Deposit,8140.75,4/30/2025,Spring
15081,15082,2582,Payment,4599.96,7/14/2022,Summer
15082,15083,3100,Payment,3711.44,9/24/2024,Fall
15083,15084,2339,Withdrawal,7860.64,11/12/2024,Fall
15084,15085,1385,Payment,8699.38,9/24/2022,Fall
15085,15086,3237,Deposit,1814.7,7/6/2023,Summer
15086,15087,2245,Deposit,1680.1,9/3/2023,Fall
15087,15088,3072,Payment,3881.99,9/4/2022,Fall
15088,15089,3957,Payment,2985.62,2/5/2023,Winter
15089,15090,2638,Deposit,55.02,10/19/2024,Fall
15090,15091,3476,Payment,208.07,3/26/2025,Spring
15091,15092,3514,Deposit,457.71,10/17/2024,Fall
15092,15093,334,Withdrawal,6020.3,10/7/2022,Fall
15093,15094,1677,Transfer,1726.94,10/10/2022,Fall
15094,15095,3833,Transfer,7192.51,3/20/2024,Spring
15095,15096,726,Withdrawal,7814.05,12/3/2023,Winter
15096,15097,1726,Transfer,7169.88,10/31/2023,Fall
15097,15098,2394,Deposit,6221.34,11/25/2022,Fall
15098,15099,695,Deposit,8027.25,8/25/2023,Summer
15099,15100,2182,Deposit,1564.6,8/26/2023,Summer
15100,15101,1648,Deposit,330.23,10/15/2024,Fall
15101,15102,520,Deposit,3321.14,12/4/2022,Winter
15102,15103,3578,Transfer,7081.23,4/10/2025,Spring
15103,15104,2246,Payment,4834.85,10/8/2023,Fall
15104,15105,1369,Deposit,6297.83,5/22/2023,Spring
15105,15106,4185,Transfer,3550.02,5/12/2022,Spring
15106,15107,4464,Payment,5761.29,12/6/2024,Winter
15107,15108,2833,Payment,8928.08,6/30/2022,Summer
15108,15109,928,Deposit,5313.75,8/15/2022,Summer
15109,15110,2492,Payment,7173.01,1/7/2024,Winter
15110,15111,849,Withdrawal,8255.16,6/4/2022,Summer
15111,15112,3024,Payment,7827.95,8/11/2022,Summer
15112,15113,1164,Transfer,6802.47,8/25/2022,Summer
15113,15114,2935,Deposit,1392.21,10/25/2022,Fall
15114,15115,2614,Deposit,9345.32,10/2/2022,Fall
15115,15116,3987,Deposit,113.1,1/21/2023,Winter
15116,15117,2692,Deposit,6558.79,6/27/2023,Summer
15117,15118,2792,Withdrawal,5789.63,2/8/2023,Winter
15118,15119,1644,Withdrawal,5119.63,6/13/2022,Summer
15119,15120,4762,Payment,9171.64,1/29/2024,Winter
15120,15121,2598,Payment,3041.23,7/26/2024,Summer
15121,15122,3052,Transfer,4851.82,3/2/2023,Spring
15122,15123,4831,Payment,4343.34,4/4/2025,Spring
15123,15124,2767,Transfer,1077.05,3/14/2024,Spring
15124,15125,4766,Transfer,3477.51,7/1/2024,Summer
15125,15126,500,Deposit,6790.2,3/13/2024,Spring
15126,15127,1031,Payment,6897.73,1/25/2023,Winter
15127,15128,4117,Withdrawal,6706.98,10/6/2022,Fall
15128,15129,2637,Deposit,7574.52,8/28/2022,Summer
15129,15130,2697,Payment,6769.31,5/11/2024,Spring
15130,15131,423,Withdrawal,3548.04,10/20/2023,Fall
15131,15132,4724,Deposit,1843.85,8/16/2022,Summer
15132,15133,2064,Withdrawal,4271.66,9/21/2024,Fall
15133,15134,2064,Payment,4375.54,7/9/2024,Summer
15134,15135,2266,Withdrawal,7029.3,11/19/2023,Fall
15135,15136,3789,Payment,7608.54,1/27/2023,Winter
15136,15137,4948,Payment,3150.63,11/6/2022,Fall
15137,15138,2364,Transfer,1927.4,5/1/2025,Spring
15138,15139,422,Withdrawal,1027.91,4/3/2025,Spring
15139,15140,625,Payment,9879.6,9/18/2024,Fall
15140,15141,4864,Transfer,5222.45,6/6/2023,Summer
15141,15142,2314,Withdrawal,6809.03,1/16/2025,Winter
15142,15143,2641,Withdrawal,2997.4,4/19/2025,Spring
15143,15144,4078,Deposit,5237.32,7/12/2022,Summer
15144,15145,267,Withdrawal,6067.1,3/9/2023,Spring
15145,15146,1871,Transfer,7477.39,5/16/2024,Spring
15146,15147,2778,Payment,4463.04,2/29/2024,Winter
15147,15148,4926,Deposit,3070.38,6/3/2024,Summer
15148,15149,3434,Payment,6437.88,4/8/2025,Spring
15149,15150,656,Payment,2137.23,7/21/2023,Summer
15150,15151,199,Transfer,7053.04,2/24/2025,Winter
15151,15152,2970,Deposit,2390.7,4/25/2023,Spring
15152,15153,3183,Withdrawal,2715.71,1/6/2024,Winter
15153,15154,3515,Payment,1212.83,10/16/2024,Fall
15154,15155,2721,Withdrawal,151.33,6/20/2023,Summer
15155,15156,2008,Withdrawal,2799.92,4/27/2023,Spring
15156,15157,559,Deposit,3237.27,1/23/2023,Winter
15157,15158,1319,Transfer,4034.25,2/27/2023,Winter
15158,15159,4596,Withdrawal,257.89,11/19/2023,Fall
15159,15160,1632,Payment,3263.87,10/27/2024,Fall
15160,15161,3410,Deposit,3964.44,8/19/2023,Summer
15161,15162,4189,Payment,2424.03,1/19/2024,Winter
15162,15163,3600,Deposit,3628.44,1/12/2023,Winter
15163,15164,4517,Transfer,7698.66,5/22/2022,Spring
15164,15165,672,Transfer,9194.41,7/10/2024,Summer
15165,15166,2344,Payment,868.74,7/17/2022,Summer
15166,15167,3984,Transfer,8367.12,4/4/2023,Spring
15167,15168,4921,Transfer,6914.66,4/23/2024,Spring
15168,15169,3322,Withdrawal,9875.17,11/16/2024,Fall
15169,15170,4012,Transfer,9301.6,4/27/2025,Spring
15170,15171,4652,Deposit,1555.12,1/6/2025,Winter
15171,15172,1553,Transfer,7437.83,1/1/2024,Winter
15172,15173,4658,Withdrawal,6712.57,2/11/2023,Winter
15173,15174,3686,Deposit,5005.37,9/26/2022,Fall
15174,15175,3447,Withdrawal,3542.54,4/16/2023,Spring
15175,15176,1810,Transfer,9693.83,9/27/2023,Fall
15176,15177,2128,Payment,2709.99,4/19/2024,Spring
15177,15178,285,Withdrawal,5915.65,12/8/2022,Winter
15178,15179,978,Deposit,6569.3,3/4/2023,Spring
15179,15180,2218,Payment,7646.89,2/3/2024,Winter
15180,15181,226,Withdrawal,1699.64,10/19/2024,Fall
15181,15182,2990,Deposit,3996.67,12/28/2023,Winter
15182,15183,1776,Deposit,5271.65,3/7/2025,Spring
15183,15184,1406,Transfer,8576.25,2/18/2025,Winter
15184,15185,1974,Deposit,9062.44,5/11/2023,Spring
15185,15186,1716,Transfer,2121.57,7/17/2023,Summer
15186,15187,4224,Transfer,4747.91,1/8/2023,Winter
15187,15188,800,Deposit,1564.05,1/24/2025,Winter
15188,15189,1147,Withdrawal,6597.22,6/12/2023,Summer
15189,15190,4927,Withdrawal,3207.3,5/15/2024,Spring
15190,15191,3561,Deposit,6273.94,5/10/2024,Spring
15191,15192,4303,Deposit,3694.88,8/1/2022,Summer
15192,15193,858,Payment,4605.48,11/22/2023,Fall
15193,15194,2952,Withdrawal,1562.59,7/23/2024,Summer
15194,15195,2306,Withdrawal,6154.03,7/30/2024,Summer
15195,15196,3005,Payment,167.9,8/7/2022,Summer
15196,15197,2391,Withdrawal,3254.37,9/15/2024,Fall
15197,15198,920,Withdrawal,1743.39,11/13/2022,Fall
15198,15199,866,Deposit,9141.2,3/12/2023,Spring
15199,15200,4285,Payment,2259.47,2/8/2024,Winter
15200,15201,4411,Payment,1942.1,6/9/2024,Summer
15201,15202,1624,Withdrawal,5725.36,8/7/2022,Summer
15202,15203,100,Payment,1661.98,12/27/2022,Winter
15203,15204,922,Withdrawal,4005,4/23/2024,Spring
15204,15205,503,Transfer,5507.53,3/3/2024,Spring
15205,15206,719,Withdrawal,9828.54,4/18/2025,Spring
15206,15207,3009,Payment,1687.25,5/16/2022,Spring
15207,15208,2682,Payment,5906.81,7/2/2023,Summer
15208,15209,1432,Deposit,2977.85,2/12/2025,Winter
15209,15210,3448,Transfer,4807.23,7/10/2023,Summer
15210,15211,3738,Transfer,9299.79,3/28/2025,Spring
15211,15212,3837,Withdrawal,4908.1,11/18/2023,Fall
15212,15213,2760,Payment,4093.38,3/24/2024,Spring
15213,15214,1916,Deposit,7965.67,7/31/2023,Summer
15214,15215,2259,Transfer,7045.11,9/23/2022,Fall
15215,15216,500,Deposit,3281.81,1/14/2023,Winter
15216,15217,548,Deposit,9933.7,5/22/2023,Spring
15217,15218,2859,Transfer,9129.2,6/26/2024,Summer
15218,15219,2024,Withdrawal,7380.04,7/1/2024,Summer
15219,15220,3475,Deposit,2918.79,10/10/2022,Fall
15220,15221,4786,Payment,5721.73,2/10/2023,Winter
15221,15222,4198,Withdrawal,1765.36,4/12/2025,Spring
15222,15223,1271,Withdrawal,270.39,11/28/2022,Fall
15223,15224,4802,Payment,6738.4,11/17/2024,Fall
15224,15225,1841,Transfer,5157.33,4/17/2025,Spring
15225,15226,2414,Payment,8105.25,3/25/2023,Spring
15226,15227,4766,Deposit,259.05,7/27/2022,Summer
15227,15228,68,Withdrawal,1378.31,1/14/2023,Winter
15228,15229,4494,Withdrawal,2019.92,7/23/2024,Summer
15229,15230,4080,Payment,5530.89,3/31/2024,Spring
15230,15231,2675,Payment,9769.66,9/8/2023,Fall
15231,15232,2216,Payment,4627.54,1/6/2024,Winter
15232,15233,2718,Transfer,3006.62,3/15/2023,Spring
15233,15234,845,Transfer,7174.24,7/25/2023,Summer
15234,15235,2455,Payment,2161.39,4/13/2023,Spring
15235,15236,2373,Transfer,4057.71,12/20/2024,Winter
15236,15237,2160,Transfer,3026.81,6/20/2022,Summer
15237,15238,1763,Transfer,665.34,6/1/2022,Summer
15238,15239,1707,Withdrawal,9185.41,7/23/2023,Summer
15239,15240,3005,Transfer,2911.66,3/9/2025,Spring
15240,15241,3379,Payment,450.87,7/20/2022,Summer
15241,15242,1095,Payment,7824.07,4/28/2024,Spring
15242,15243,4609,Withdrawal,7747.62,7/23/2022,Summer
15243,15244,1938,Deposit,2709.91,3/11/2025,Spring
15244,15245,1620,Transfer,9992.72,5/5/2024,Spring
15245,15246,4803,Withdrawal,4582.81,3/16/2024,Spring
15246,15247,2573,Transfer,3767.11,2/9/2024,Winter
15247,15248,1247,Withdrawal,794.91,10/2/2024,Fall
15248,15249,3907,Withdrawal,7304.95,11/24/2024,Fall
15249,15250,2850,Withdrawal,665.1,1/22/2023,Winter
15250,15251,3667,Deposit,1717.81,6/30/2023,Summer
15251,15252,759,Payment,49.9,7/22/2022,Summer
15252,15253,17,Withdrawal,8369.6,7/17/2024,Summer
15253,15254,667,Transfer,7624.93,8/31/2024,Summer
15254,15255,3273,Payment,4124.38,10/26/2023,Fall
15255,15256,935,Transfer,1007.72,11/5/2023,Fall
15256,15257,2546,Deposit,871.71,3/18/2023,Spring
15257,15258,1103,Deposit,913.78,9/26/2023,Fall
15258,15259,2709,Withdrawal,6351.22,1/25/2025,Winter
15259,15260,907,Transfer,5363.45,3/1/2025,Spring
15260,15261,4463,Deposit,5581.64,10/1/2023,Fall
15261,15262,3209,Deposit,2697.5,3/10/2023,Spring
15262,15263,3035,Payment,5455.45,6/13/2022,Summer
15263,15264,4730,Transfer,727.15,10/22/2024,Fall
15264,15265,3592,Deposit,9742.15,5/15/2022,Spring
15265,15266,4835,Transfer,5540.53,11/16/2022,Fall
15266,15267,1257,Payment,4162.14,5/21/2022,Spring
15267,15268,2263,Withdrawal,7047.21,11/2/2024,Fall
15268,15269,1,Withdrawal,6874.07,10/30/2024,Fall
15269,15270,1612,Deposit,9665.52,12/5/2024,Winter
15270,15271,1924,Payment,9385.59,1/25/2024,Winter
15271,15272,1624,Deposit,1930.56,3/15/2024,Spring
15272,15273,4246,Payment,7587.35,12/11/2022,Winter
15273,15274,2326,Transfer,9163.32,6/29/2022,Summer
15274,15275,2026,Transfer,7040.37,6/10/2022,Summer
15275,15276,990,Withdrawal,4039.97,3/26/2023,Spring
15276,15277,2355,Withdrawal,59.96,4/1/2025,Spring
15277,15278,3128,Transfer,8273.35,1/25/2024,Winter
15278,15279,1071,Withdrawal,4781.05,3/25/2024,Spring
15279,15280,4983,Transfer,1979.74,12/18/2023,Winter
15280,15281,3727,Withdrawal,6708.85,6/18/2024,Summer
15281,15282,2297,Withdrawal,2231.67,1/3/2025,Winter
15282,15283,642,Payment,2548.97,1/19/2024,Winter
15283,15284,2628,Payment,7660.46,10/14/2022,Fall
15284,15285,3180,Withdrawal,9599.65,1/19/2025,Winter
15285,15286,2654,Withdrawal,5160.24,7/11/2022,Summer
15286,15287,873,Transfer,5264.34,3/29/2023,Spring
15287,15288,1327,Payment,3698.94,8/19/2022,Summer
15288,15289,2831,Deposit,9930.83,4/23/2024,Spring
15289,15290,3648,Withdrawal,3093,5/9/2024,Spring
15290,15291,2642,Deposit,9801.35,7/17/2022,Summer
15291,15292,4727,Payment,8807.53,8/31/2024,Summer
15292,15293,3996,Deposit,9595.18,4/27/2024,Spring
15293,15294,3011,Payment,8404.75,1/3/2023,Winter
15294,15295,3348,Transfer,191.95,6/16/2024,Summer
15295,15296,1407,Payment,4134.07,5/14/2023,Spring
15296,15297,4366,Withdrawal,6744.78,3/15/2023,Spring
15297,15298,885,Withdrawal,3750.68,4/9/2023,Spring
15298,15299,3314,Transfer,7337.55,6/6/2022,Summer
15299,15300,3858,Deposit,2184.64,9/24/2023,Fall
15300,15301,20,Payment,2382.8,5/8/2025,Spring
15301,15302,3398,Payment,7005.7,3/2/2023,Spring
15302,15303,3286,Deposit,1824.92,10/14/2023,Fall
15303,15304,301,Deposit,9502.03,6/23/2023,Summer
15304,15305,4321,Withdrawal,7468.61,10/1/2022,Fall
15305,15306,2790,Payment,8618.19,7/15/2022,Summer
15306,15307,4424,Deposit,9505.84,11/3/2023,Fall
15307,15308,3312,Deposit,4136.05,11/11/2024,Fall
15308,15309,3017,Transfer,7448.1,9/26/2023,Fall
15309,15310,2899,Transfer,4139.99,10/8/2024,Fall
15310,15311,2794,Transfer,3534.42,3/18/2025,Spring
15311,15312,2138,Transfer,550.12,3/8/2024,Spring
15312,15313,628,Payment,4840.61,9/12/2022,Fall
15313,15314,1476,Transfer,1735.83,10/26/2023,Fall
15314,15315,1181,Deposit,5123.22,12/12/2024,Winter
15315,15316,2232,Transfer,3562.91,8/1/2024,Summer
15316,15317,769,Withdrawal,5008.27,9/25/2022,Fall
15317,15318,1025,Payment,1194.01,10/9/2022,Fall
15318,15319,2664,Payment,7315.11,4/4/2024,Spring
15319,15320,3108,Transfer,2186.88,9/17/2022,Fall
15320,15321,3176,Withdrawal,1830.49,5/30/2024,Spring
15321,15322,3141,Transfer,3545.77,6/22/2022,Summer
15322,15323,1859,Withdrawal,7643.13,1/14/2024,Winter
15323,15324,2651,Payment,770.41,11/30/2023,Fall
15324,15325,3792,Withdrawal,87.05,6/17/2023,Summer
15325,15326,2540,Withdrawal,9691.94,2/21/2023,Winter
15326,15327,779,Withdrawal,6311.85,11/22/2024,Fall
15327,15328,4108,Withdrawal,9965.43,6/30/2023,Summer
15328,15329,3053,Payment,3856.34,6/14/2023,Summer
15329,15330,406,Transfer,5542.72,11/25/2024,Fall
15330,15331,4644,Payment,8576.6,10/31/2022,Fall
15331,15332,3693,Deposit,9174.88,3/9/2023,Spring
15332,15333,1453,Deposit,444.37,11/5/2024,Fall
15333,15334,913,Payment,9144.87,11/28/2022,Fall
15334,15335,1644,Deposit,7359.81,5/30/2022,Spring
15335,15336,3921,Transfer,5300.26,3/27/2025,Spring
15336,15337,2391,Withdrawal,6003.42,1/27/2024,Winter
15337,15338,159,Payment,3516.03,1/28/2025,Winter
15338,15339,3955,Deposit,6066.75,2/12/2023,Winter
15339,15340,24,Payment,8803.24,11/3/2022,Fall
15340,15341,3457,Transfer,3530,3/7/2024,Spring
15341,15342,2403,Transfer,6907.06,3/27/2023,Spring
15342,15343,3156,Deposit,1536.32,5/5/2024,Spring
15343,15344,517,Withdrawal,9292.95,10/29/2022,Fall
15344,15345,4385,Transfer,4003.19,3/22/2025,Spring
15345,15346,1186,Payment,5643.57,5/12/2023,Spring
15346,15347,315,Payment,6267.78,6/7/2024,Summer
15347,15348,3345,Deposit,7018.08,8/2/2022,Summer
15348,15349,3978,Payment,7191.73,11/22/2023,Fall
15349,15350,316,Payment,6947.3,2/6/2025,Winter
15350,15351,1199,Payment,3773.27,10/18/2024,Fall
15351,15352,4456,Withdrawal,3691.83,3/18/2025,Spring
15352,15353,1424,Deposit,3868.59,6/21/2024,Summer
15353,15354,294,Payment,201.57,2/2/2024,Winter
15354,15355,2322,Payment,5800.3,11/26/2023,Fall
15355,15356,4895,Deposit,5693.76,5/19/2023,Spring
15356,15357,993,Withdrawal,8406.61,8/23/2023,Summer
15357,15358,4796,Deposit,4821.4,8/28/2022,Summer
15358,15359,2451,Payment,9183.05,5/28/2023,Spring
15359,15360,3031,Transfer,1652.28,10/21/2024,Fall
15360,15361,3405,Payment,6028.94,1/28/2025,Winter
15361,15362,413,Payment,9897.43,5/17/2023,Spring
15362,15363,1160,Transfer,5904.56,3/13/2025,Spring
15363,15364,2029,Deposit,8109.87,9/26/2022,Fall
15364,15365,478,Transfer,9066.6,6/6/2024,Summer
15365,15366,2795,Deposit,5361.46,6/1/2024,Summer
15366,15367,2587,Payment,1974.94,8/29/2023,Summer
15367,15368,4729,Transfer,1173.02,11/14/2022,Fall
15368,15369,4869,Deposit,7539.24,7/24/2024,Summer
15369,15370,2112,Transfer,9741.38,10/25/2022,Fall
15370,15371,365,Payment,6606.51,5/2/2025,Spring
15371,15372,2391,Deposit,7507.49,6/30/2024,Summer
15372,15373,4287,Transfer,3573.3,11/18/2023,Fall
15373,15374,218,Payment,8259.15,7/14/2022,Summer
15374,15375,4172,Withdrawal,4482.33,3/7/2023,Spring
15375,15376,4658,Withdrawal,3087.75,8/30/2022,Summer
15376,15377,763,Withdrawal,3638.49,9/30/2022,Fall
15377,15378,175,Payment,458.53,3/20/2023,Spring
15378,15379,3341,Deposit,6083.18,1/21/2025,Winter
15379,15380,2966,Withdrawal,2259.78,12/12/2024,Winter
15380,15381,3121,Withdrawal,6767.78,1/15/2024,Winter
15381,15382,806,Withdrawal,1697.14,3/21/2023,Spring
15382,15383,2656,Deposit,7164.13,7/15/2023,Summer
15383,15384,3858,Transfer,8640.34,8/5/2023,Summer
15384,15385,1125,Deposit,2881.31,4/8/2024,Spring
15385,15386,1556,Transfer,1185.49,10/5/2023,Fall
15386,15387,94,Withdrawal,2796.47,7/6/2023,Summer
15387,15388,521,Deposit,5564.62,3/14/2024,Spring
15388,15389,4024,Withdrawal,6991.81,12/7/2024,Winter
15389,15390,70,Withdrawal,7236.38,7/14/2022,Summer
15390,15391,2296,Deposit,8789.94,6/30/2022,Summer
15391,15392,4246,Payment,146.09,5/26/2023,Spring
15392,15393,3353,Deposit,5570.7,1/18/2024,Winter
15393,15394,2442,Deposit,8949.62,6/30/2023,Summer
15394,15395,4969,Transfer,9429.42,7/27/2023,Summer
15395,15396,2738,Transfer,5251.88,2/4/2023,Winter
15396,15397,328,Deposit,1032.75,2/14/2025,Winter
15397,15398,3122,Transfer,9531.73,10/26/2024,Fall
15398,15399,774,Deposit,6262.97,2/19/2024,Winter
15399,15400,1237,Payment,3643.78,7/30/2023,Summer
15400,15401,3918,Transfer,154.46,6/28/2023,Summer
15401,15402,2534,Withdrawal,9007.65,5/10/2025,Spring
15402,15403,2050,Withdrawal,5068.4,8/3/2022,Summer
15403,15404,3123,Deposit,3520.83,8/1/2023,Summer
15404,15405,1191,Payment,7098.62,11/15/2023,Fall
15405,15406,1124,Payment,1525.21,1/15/2025,Winter
15406,15407,473,Payment,5799.44,12/22/2022,Winter
15407,15408,2766,Payment,2668.33,3/8/2025,Spring
15408,15409,2954,Transfer,6403.56,5/2/2024,Spring
15409,15410,2793,Payment,3454.06,1/29/2025,Winter
15410,15411,2234,Withdrawal,2321.78,6/25/2023,Summer
15411,15412,3661,Deposit,6539.66,3/3/2023,Spring
15412,15413,3976,Withdrawal,6288.78,12/24/2024,Winter
15413,15414,4525,Deposit,538.44,4/15/2023,Spring
15414,15415,1229,Deposit,9758.42,8/25/2024,Summer
15415,15416,4175,Deposit,5669.98,10/18/2024,Fall
15416,15417,2896,Withdrawal,4338.53,12/6/2022,Winter
15417,15418,1906,Withdrawal,5362.81,6/29/2024,Summer
15418,15419,339,Withdrawal,9382.34,12/10/2024,Winter
15419,15420,2706,Payment,2896.15,8/14/2024,Summer
15420,15421,3912,Transfer,1106.89,2/13/2023,Winter
15421,15422,3856,Deposit,5651.51,1/24/2023,Winter
15422,15423,3979,Transfer,1514.06,3/2/2024,Spring
15423,15424,2911,Payment,6550.48,4/30/2024,Spring
15424,15425,3623,Withdrawal,4969.3,1/20/2024,Winter
15425,15426,2436,Transfer,9258.87,8/30/2022,Summer
15426,15427,653,Payment,5452.83,12/7/2024,Winter
15427,15428,931,Transfer,2526.74,2/11/2024,Winter
15428,15429,4843,Withdrawal,7663.22,6/12/2023,Summer
15429,15430,2319,Payment,1813.95,8/3/2023,Summer
15430,15431,1493,Withdrawal,1414.08,10/20/2024,Fall
15431,15432,1919,Payment,7475.65,11/16/2022,Fall
15432,15433,1355,Payment,534.8,7/31/2022,Summer
15433,15434,4682,Withdrawal,8104.41,7/14/2024,Summer
15434,15435,789,Payment,197.84,10/3/2022,Fall
15435,15436,3250,Withdrawal,5190.37,1/2/2024,Winter
15436,15437,3747,Transfer,2426.79,1/18/2024,Winter
15437,15438,1209,Withdrawal,8500.58,2/19/2024,Winter
15438,15439,3940,Payment,4036.69,8/6/2022,Summer
15439,15440,3955,Withdrawal,6266.82,5/7/2023,Spring
15440,15441,2209,Withdrawal,9957.98,9/5/2023,Fall
15441,15442,3005,Payment,5153.44,7/31/2024,Summer
15442,15443,3667,Deposit,6933.98,9/2/2023,Fall
15443,15444,4180,Deposit,247.7,9/14/2022,Fall
15444,15445,3108,Withdrawal,9099.97,5/13/2024,Spring
15445,15446,2268,Withdrawal,3806.44,9/9/2022,Fall
15446,15447,1680,Payment,4753.84,9/6/2022,Fall
15447,15448,3648,Payment,1744.83,10/8/2023,Fall
15448,15449,1948,Withdrawal,3177.71,11/16/2024,Fall
15449,15450,3829,Transfer,5862.01,11/4/2023,Fall
15450,15451,2488,Payment,3719.39,11/25/2024,Fall
15451,15452,182,Transfer,4655.35,11/26/2022,Fall
15452,15453,4318,Deposit,990.35,5/17/2022,Spring
15453,15454,746,Payment,999.16,2/25/2025,Winter
15454,15455,4313,Deposit,2490.99,8/29/2024,Summer
15455,15456,925,Withdrawal,4382.22,8/4/2022,Summer
15456,15457,3502,Deposit,4012.76,4/22/2023,Spring
15457,15458,4847,Transfer,5163.28,8/4/2023,Summer
15458,15459,745,Transfer,554.47,5/10/2024,Spring
15459,15460,3360,Deposit,2349.07,2/14/2024,Winter
15460,15461,2342,Deposit,53.93,6/29/2023,Summer
15461,15462,595,Payment,7419.96,6/7/2023,Summer
15462,15463,963,Payment,6142.23,6/12/2022,Summer
15463,15464,473,Payment,5867.05,8/11/2022,Summer
15464,15465,4431,Payment,2832.49,5/16/2023,Spring
15465,15466,2015,Transfer,5317.99,2/6/2023,Winter
15466,15467,165,Withdrawal,7243.23,10/24/2022,Fall
15467,15468,2720,Transfer,7404.94,12/27/2023,Winter
15468,15469,105,Transfer,3078.49,2/6/2024,Winter
15469,15470,1377,Withdrawal,9356.55,5/11/2024,Spring
15470,15471,106,Transfer,7888.1,12/12/2022,Winter
15471,15472,2636,Deposit,6914.88,9/4/2022,Fall
15472,15473,4773,Withdrawal,7107.09,12/16/2024,Winter
15473,15474,1386,Deposit,6029.11,4/23/2024,Spring
15474,15475,242,Payment,1455.97,1/10/2024,Winter
15475,15476,399,Deposit,2058.17,8/24/2023,Summer
15476,15477,4686,Payment,2004.12,10/27/2023,Fall
15477,15478,4485,Withdrawal,951.42,1/14/2025,Winter
15478,15479,1498,Deposit,3286.71,9/19/2022,Fall
15479,15480,942,Transfer,7248.6,12/17/2023,Winter
15480,15481,2660,Deposit,210.34,10/20/2024,Fall
15481,15482,475,Transfer,9566.41,2/21/2023,Winter
15482,15483,2848,Transfer,6214.49,1/31/2024,Winter
15483,15484,3250,Withdrawal,3036.05,5/29/2024,Spring
15484,15485,4207,Withdrawal,3349.92,2/16/2024,Winter
15485,15486,4857,Payment,7013.98,10/23/2023,Fall
15486,15487,2254,Withdrawal,6438.93,7/9/2023,Summer
15487,15488,1127,Payment,1935.09,9/26/2022,Fall
15488,15489,4048,Deposit,2176.27,11/28/2023,Fall
15489,15490,2990,Transfer,9143.7,8/25/2024,Summer
15490,15491,1849,Deposit,7209.81,1/27/2023,Winter
15491,15492,3162,Transfer,3123.6,3/31/2023,Spring
15492,15493,2468,Deposit,7589.9,12/10/2022,Winter
15493,15494,4473,Payment,7409.06,5/1/2024,Spring
15494,15495,4896,Deposit,9384.32,5/22/2023,Spring
15495,15496,2613,Transfer,568.84,9/27/2024,Fall
15496,15497,2111,Payment,7961.59,9/23/2022,Fall
15497,15498,4162,Transfer,5269.37,11/24/2024,Fall
15498,15499,1456,Withdrawal,3280.72,1/9/2024,Winter
15499,15500,1650,Payment,1019.9,8/16/2023,Summer
15500,15501,1626,Withdrawal,3607.59,4/5/2023,Spring
15501,15502,4613,Withdrawal,8887.89,10/10/2022,Fall
15502,15503,2496,Deposit,7458.66,10/2/2023,Fall
15503,15504,295,Payment,7178.39,10/26/2022,Fall
15504,15505,4334,Withdrawal,1187.26,10/27/2022,Fall
15505,15506,4468,Deposit,2540.6,2/28/2023,Winter
15506,15507,3578,Withdrawal,5443.95,6/5/2024,Summer
15507,15508,1859,Deposit,5913.28,6/30/2023,Summer
15508,15509,4611,Deposit,4548.03,1/20/2023,Winter
15509,15510,1572,Transfer,4608.94,7/28/2024,Summer
15510,15511,3266,Payment,6073.19,9/21/2022,Fall
15511,15512,4239,Payment,3999.43,8/19/2024,Summer
15512,15513,1707,Withdrawal,7948.93,7/17/2023,Summer
15513,15514,391,Transfer,7997.49,5/11/2024,Spring
15514,15515,1879,Deposit,4359.52,6/5/2023,Summer
15515,15516,3544,Withdrawal,2418.38,6/5/2024,Summer
15516,15517,3470,Transfer,1256.47,3/9/2025,Spring
15517,15518,477,Deposit,5289.52,8/14/2024,Summer
15518,15519,3098,Payment,4954.99,8/7/2022,Summer
15519,15520,4504,Withdrawal,2880.34,5/12/2024,Spring
15520,15521,4024,Withdrawal,9544.33,12/23/2024,Winter
15521,15522,3649,Deposit,9448.89,4/7/2025,Spring
15522,15523,566,Transfer,1200.99,6/26/2022,Summer
15523,15524,2532,Transfer,2258.5,4/2/2025,Spring
15524,15525,405,Deposit,3740.06,6/30/2023,Summer
15525,15526,3214,Transfer,567.92,7/18/2022,Summer
15526,15527,559,Withdrawal,1744.76,5/9/2024,Spring
15527,15528,4758,Payment,5541.66,1/11/2023,Winter
15528,15529,1726,Transfer,3806.27,2/25/2023,Winter
15529,15530,1853,Payment,6325.02,6/24/2022,Summer
15530,15531,2017,Withdrawal,9645.88,8/10/2024,Summer
15531,15532,4865,Deposit,2751.12,5/2/2024,Spring
15532,15533,3031,Deposit,9630.38,12/23/2023,Winter
15533,15534,19,Deposit,19.9,5/22/2024,Spring
15534,15535,2987,Transfer,176.07,5/26/2024,Spring
15535,15536,4904,Payment,6741,12/19/2022,Winter
15536,15537,903,Payment,662.73,7/17/2023,Summer
15537,15538,4607,Payment,9943.56,7/22/2022,Summer
15538,15539,4410,Payment,5803.4,4/26/2024,Spring
15539,15540,1444,Withdrawal,9970.01,2/17/2024,Winter
15540,15541,2601,Transfer,3692.93,3/13/2024,Spring
15541,15542,4042,Withdrawal,8788.45,6/5/2023,Summer
15542,15543,3734,Payment,7016.35,9/8/2023,Fall
15543,15544,3977,Withdrawal,9509.5,8/5/2024,Summer
15544,15545,839,Payment,3424.21,10/9/2023,Fall
15545,15546,1263,Deposit,1696.56,1/8/2025,Winter
15546,15547,3320,Transfer,5731.24,5/22/2022,Spring
15547,15548,4827,Withdrawal,7374.3,5/20/2023,Spring
15548,15549,2891,Transfer,2727.88,10/24/2024,Fall
15549,15550,4873,Payment,6594.72,8/18/2023,Summer
15550,15551,4393,Transfer,8332.54,1/1/2024,Winter
15551,15552,270,Payment,8103.47,6/20/2022,Summer
15552,15553,3309,Deposit,5110.26,11/22/2022,Fall
15553,15554,3490,Withdrawal,3697.49,9/20/2024,Fall
15554,15555,844,Transfer,72.03,10/6/2022,Fall
15555,15556,1693,Payment,9262.03,5/6/2023,Spring
15556,15557,1453,Transfer,7472.45,5/17/2022,Spring
15557,15558,1174,Withdrawal,4759.98,4/9/2023,Spring
15558,15559,1470,Payment,2070.12,7/4/2023,Summer
15559,15560,3213,Withdrawal,2831.66,12/1/2024,Winter
15560,15561,2113,Deposit,6135.94,12/23/2023,Winter
15561,15562,789,Deposit,9748.83,3/5/2024,Spring
15562,15563,4850,Deposit,2185.01,6/21/2024,Summer
15563,15564,1109,Withdrawal,911.11,9/22/2023,Fall
15564,15565,1570,Withdrawal,793.56,7/14/2024,Summer
15565,15566,3387,Payment,1062.3,7/25/2024,Summer
15566,15567,3613,Deposit,8255.1,6/16/2024,Summer
15567,15568,4291,Withdrawal,3342.72,5/28/2024,Spring
15568,15569,4846,Deposit,8807.49,10/8/2024,Fall
15569,15570,1047,Payment,6978.85,1/10/2025,Winter
15570,15571,4756,Transfer,5668.3,3/8/2023,Spring
15571,15572,814,Withdrawal,1543.88,8/13/2024,Summer
15572,15573,3469,Payment,8254.04,5/21/2024,Spring
15573,15574,2506,Transfer,592.55,12/27/2022,Winter
15574,15575,198,Transfer,6332.81,4/21/2025,Spring
15575,15576,4740,Withdrawal,4684.16,10/28/2022,Fall
15576,15577,3126,Withdrawal,2711.4,8/15/2024,Summer
15577,15578,1609,Transfer,6229.68,4/25/2024,Spring
15578,15579,978,Deposit,5301.52,11/13/2022,Fall
15579,15580,1085,Payment,4892.19,5/4/2025,Spring
15580,15581,909,Withdrawal,7965.74,9/4/2022,Fall
15581,15582,4800,Deposit,2286.07,1/20/2025,Winter
15582,15583,846,Deposit,1560.21,9/26/2023,Fall
15583,15584,3859,Payment,9176.06,9/28/2022,Fall
15584,15585,1480,Deposit,9081.41,2/9/2024,Winter
15585,15586,2251,Transfer,466.67,3/22/2025,Spring
15586,15587,3899,Deposit,3280.02,1/5/2023,Winter
15587,15588,3989,Transfer,8757.12,7/15/2024,Summer
15588,15589,1627,Transfer,8240.64,1/11/2025,Winter
15589,15590,1087,Transfer,6035.55,5/19/2022,Spring
15590,15591,1408,Payment,8562.75,7/7/2022,Summer
15591,15592,1577,Payment,6786.47,12/6/2023,Winter
15592,15593,169,Withdrawal,3540.48,9/21/2023,Fall
15593,15594,2096,Withdrawal,4812.17,9/13/2024,Fall
15594,15595,4173,Deposit,6877.87,10/26/2023,Fall
15595,15596,1717,Payment,3116.82,4/21/2023,Spring
15596,15597,768,Withdrawal,9842.7,5/3/2024,Spring
15597,15598,856,Deposit,7748.58,10/1/2022,Fall
15598,15599,611,Deposit,5261.02,5/19/2022,Spring
15599,15600,4,Payment,2616.22,4/17/2024,Spring
15600,15601,4207,Transfer,6014.24,7/12/2023,Summer
15601,15602,1192,Deposit,6490.47,12/24/2022,Winter
15602,15603,194,Payment,8724.57,10/5/2024,Fall
15603,15604,4258,Deposit,339.61,12/16/2023,Winter
15604,15605,3194,Payment,4368.81,7/17/2023,Summer
15605,15606,200,Withdrawal,9912.76,3/23/2025,Spring
15606,15607,2949,Withdrawal,7261,7/3/2024,Summer
15607,15608,3235,Payment,5300.84,12/19/2022,Winter
15608,15609,3141,Deposit,2638.35,12/23/2024,Winter
15609,15610,1211,Withdrawal,1319.14,2/27/2024,Winter
15610,15611,178,Deposit,4782.13,9/4/2022,Fall
15611,15612,4780,Deposit,6957.3,5/23/2024,Spring
15612,15613,4781,Withdrawal,7133.76,1/8/2025,Winter
15613,15614,160,Deposit,4821.94,9/27/2023,Fall
15614,15615,1398,Withdrawal,3965.21,6/20/2023,Summer
15615,15616,33,Withdrawal,909.37,4/3/2025,Spring
15616,15617,4516,Deposit,5049.26,2/6/2025,Winter
15617,15618,2343,Deposit,4335.41,8/1/2023,Summer
15618,15619,3761,Payment,9986.9,8/27/2024,Summer
15619,15620,4677,Transfer,5233.66,7/1/2023,Summer
15620,15621,4527,Withdrawal,8388.72,8/18/2024,Summer
15621,15622,1496,Withdrawal,2477.81,8/20/2022,Summer
15622,15623,4433,Deposit,7037.22,6/15/2024,Summer
15623,15624,1351,Transfer,8363.97,4/30/2025,Spring
15624,15625,2547,Payment,3177.16,11/8/2022,Fall
15625,15626,1316,Transfer,9811.15,4/5/2024,Spring
15626,15627,2011,Transfer,6099.77,7/16/2024,Summer
15627,15628,2941,Withdrawal,1642.54,4/4/2024,Spring
15628,15629,2354,Deposit,8851.19,6/9/2022,Summer
15629,15630,561,Deposit,584.24,7/28/2024,Summer
15630,15631,4201,Transfer,5611.32,11/25/2022,Fall
15631,15632,1427,Withdrawal,3972.1,10/6/2024,Fall
15632,15633,2899,Payment,2272.04,9/28/2022,Fall
15633,15634,4557,Payment,7793.01,9/15/2022,Fall
15634,15635,2818,Deposit,8219.63,9/4/2023,Fall
15635,15636,1171,Payment,5812.56,8/24/2022,Summer
15636,15637,820,Transfer,3939.33,12/2/2022,Winter
15637,15638,3407,Deposit,481.07,11/10/2023,Fall
15638,15639,4668,Withdrawal,3036.06,2/7/2024,Winter
15639,15640,2212,Deposit,9217.9,8/7/2024,Summer
15640,15641,1091,Payment,5289.91,5/30/2023,Spring
15641,15642,391,Payment,4432.13,9/5/2024,Fall
15642,15643,2904,Payment,5305.99,4/14/2023,Spring
15643,15644,3298,Payment,9188.39,10/13/2022,Fall
15644,15645,3564,Deposit,4300.92,4/20/2025,Spring
15645,15646,3414,Deposit,7325.21,6/30/2024,Summer
15646,15647,4839,Payment,2437.85,6/3/2024,Summer
15647,15648,72,Transfer,9192.57,1/8/2025,Winter
15648,15649,1678,Deposit,4551.12,4/24/2023,Spring
15649,15650,2163,Transfer,5466.69,6/3/2022,Summer
15650,15651,4269,Payment,2342.3,2/2/2023,Winter
15651,15652,291,Payment,8134.64,9/25/2022,Fall
15652,15653,4397,Transfer,3864.21,5/4/2025,Spring
15653,15654,2483,Withdrawal,2873.86,10/18/2024,Fall
15654,15655,4109,Deposit,6158.85,9/24/2022,Fall
15655,15656,3963,Transfer,9398.45,5/19/2022,Spring
15656,15657,2184,Transfer,3252.17,2/16/2025,Winter
15657,15658,3049,Withdrawal,1261.8,12/22/2024,Winter
15658,15659,2140,Payment,6317.57,11/29/2024,Fall
15659,15660,2161,Payment,2954.19,4/6/2023,Spring
15660,15661,4775,Transfer,4869.79,1/12/2023,Winter
15661,15662,1903,Withdrawal,234.12,4/16/2025,Spring
15662,15663,1373,Withdrawal,1276.92,9/24/2023,Fall
15663,15664,3227,Payment,9684.67,12/26/2022,Winter
15664,15665,1789,Transfer,28.67,6/24/2023,Summer
15665,15666,3976,Withdrawal,3158.14,12/3/2023,Winter
15666,15667,2679,Payment,7299.92,1/24/2023,Winter
15667,15668,2184,Payment,57.38,3/19/2024,Spring
15668,15669,612,Withdrawal,6552.97,10/28/2024,Fall
15669,15670,1409,Withdrawal,9319.3,7/11/2022,Summer
15670,15671,2076,Payment,1325.66,11/15/2022,Fall
15671,15672,3411,Withdrawal,6019.16,6/7/2024,Summer
15672,15673,3464,Withdrawal,1987.85,10/6/2022,Fall
15673,15674,4463,Transfer,163.87,4/24/2023,Spring
15674,15675,3814,Payment,7533.62,9/6/2023,Fall
15675,15676,4515,Withdrawal,7780.48,4/3/2023,Spring
15676,15677,988,Transfer,1489.1,3/11/2024,Spring
15677,15678,2903,Transfer,7018.83,9/13/2024,Fall
15678,15679,1733,Payment,1215.65,2/1/2025,Winter
15679,15680,4484,Withdrawal,6202.56,1/27/2024,Winter
15680,15681,4517,Payment,6170.93,4/24/2023,Spring
15681,15682,169,Transfer,2559.84,9/27/2024,Fall
15682,15683,3539,Payment,2952.1,10/7/2022,Fall
15683,15684,904,Deposit,1201.61,7/9/2022,Summer
15684,15685,3483,Withdrawal,1068.32,3/27/2025,Spring
15685,15686,3943,Transfer,6350.31,6/30/2023,Summer
15686,15687,3301,Withdrawal,8538.46,7/17/2022,Summer
15687,15688,606,Payment,5472.78,2/27/2023,Winter
15688,15689,3562,Withdrawal,5857.37,10/12/2023,Fall
15689,15690,399,Payment,7399.29,2/9/2023,Winter
15690,15691,1398,Deposit,7925.88,9/13/2022,Fall
15691,15692,1358,Withdrawal,7832.29,11/9/2023,Fall
15692,15693,900,Deposit,279.02,5/12/2024,Spring
15693,15694,1573,Payment,587.11,1/20/2025,Winter
15694,15695,4016,Transfer,8560.97,3/23/2024,Spring
15695,15696,4636,Deposit,1635.8,7/12/2024,Summer
15696,15697,3788,Transfer,9128.86,2/26/2024,Winter
15697,15698,3228,Payment,6119.84,3/22/2023,Spring
15698,15699,2632,Withdrawal,8522.55,11/12/2023,Fall
15699,15700,2819,Payment,1753.77,7/11/2022,Summer
15700,15701,3767,Transfer,9333.48,12/25/2022,Winter
15701,15702,3478,Deposit,3546.25,9/26/2024,Fall
15702,15703,3153,Transfer,3042.12,6/19/2024,Summer
15703,15704,1193,Payment,2151.41,6/19/2023,Summer
15704,15705,3079,Transfer,1006.87,11/30/2023,Fall
15705,15706,3011,Deposit,9017.98,8/24/2024,Summer
15706,15707,4146,Deposit,4106.91,11/13/2022,Fall
15707,15708,2895,Deposit,8658.38,5/23/2024,Spring
15708,15709,4321,Deposit,4614.15,4/16/2023,Spring
15709,15710,3034,Withdrawal,9709.14,1/20/2025,Winter
15710,15711,506,Deposit,8127.09,4/20/2023,Spring
15711,15712,3469,Deposit,1385.13,2/20/2024,Winter
15712,15713,3182,Transfer,5343.2,3/31/2023,Spring
15713,15714,2956,Withdrawal,470.15,4/16/2023,Spring
15714,15715,4159,Payment,2804.21,3/21/2025,Spring
15715,15716,3758,Payment,9881.52,4/6/2024,Spring
15716,15717,731,Transfer,3836.15,1/9/2024,Winter
15717,15718,1819,Transfer,5052.66,1/25/2024,Winter
15718,15719,883,Withdrawal,5371.22,7/31/2023,Summer
15719,15720,69,Withdrawal,1734.44,12/5/2023,Winter
15720,15721,61,Withdrawal,2602.39,1/12/2023,Winter
15721,15722,4158,Withdrawal,7613.71,2/9/2024,Winter
15722,15723,31,Payment,2563.87,8/6/2024,Summer
15723,15724,3502,Payment,7729.83,11/9/2024,Fall
15724,15725,603,Payment,3551.27,5/25/2024,Spring
15725,15726,4279,Payment,6465.1,4/16/2025,Spring
15726,15727,1199,Transfer,7024.58,5/6/2023,Spring
15727,15728,1062,Transfer,8122.02,11/5/2023,Fall
15728,15729,1904,Payment,5050.26,7/27/2023,Summer
15729,15730,1344,Deposit,7473.66,2/8/2025,Winter
15730,15731,2660,Payment,1924.46,1/19/2023,Winter
15731,15732,2237,Payment,2362.93,3/26/2025,Spring
15732,15733,3794,Transfer,2581.08,1/5/2023,Winter
15733,15734,3881,Transfer,9420.12,9/13/2023,Fall
15734,15735,3850,Withdrawal,5466.33,11/17/2022,Fall
15735,15736,4979,Payment,7075.87,6/25/2022,Summer
15736,15737,1886,Deposit,4735.16,6/5/2023,Summer
15737,15738,4377,Withdrawal,1011.68,6/20/2022,Summer
15738,15739,2079,Transfer,8163.67,12/2/2022,Winter
15739,15740,1045,Deposit,9383.07,6/26/2022,Summer
15740,15741,176,Deposit,7268.42,2/5/2025,Winter
15741,15742,4987,Transfer,5909.75,2/18/2024,Winter
15742,15743,1501,Transfer,2027.52,7/15/2023,Summer
15743,15744,727,Payment,5574.14,8/14/2024,Summer
15744,15745,109,Deposit,2348.31,10/11/2024,Fall
15745,15746,3013,Withdrawal,8179.25,10/31/2024,Fall
15746,15747,3063,Payment,7536.11,3/18/2025,Spring
15747,15748,4109,Withdrawal,7511.35,4/2/2024,Spring
15748,15749,3889,Withdrawal,2780.29,7/28/2024,Summer
15749,15750,1468,Deposit,5639.44,8/25/2023,Summer
15750,15751,3100,Transfer,1441.73,5/16/2024,Spring
15751,15752,1542,Transfer,265.71,5/17/2024,Spring
15752,15753,3582,Withdrawal,8043.87,10/28/2023,Fall
15753,15754,2368,Payment,1827.73,3/4/2024,Spring
15754,15755,3823,Withdrawal,7161.83,7/11/2022,Summer
15755,15756,95,Payment,8217.75,5/24/2024,Spring
15756,15757,1749,Transfer,1793.15,6/25/2023,Summer
15757,15758,904,Withdrawal,6973.37,5/14/2022,Spring
15758,15759,1303,Deposit,890.85,5/23/2024,Spring
15759,15760,3775,Withdrawal,1275.6,9/29/2022,Fall
15760,15761,2912,Transfer,2745.79,8/1/2024,Summer
15761,15762,2938,Withdrawal,9198.14,9/25/2022,Fall
15762,15763,3573,Withdrawal,9977.21,4/13/2025,Spring
15763,15764,3721,Deposit,9768.14,10/15/2022,Fall
15764,15765,4071,Payment,9005.3,5/24/2022,Spring
15765,15766,1464,Withdrawal,7725.75,5/4/2025,Spring
15766,15767,4351,Transfer,3075.99,2/27/2023,Winter
15767,15768,183,Transfer,1177,1/27/2024,Winter
15768,15769,3756,Transfer,5258.88,12/30/2023,Winter
15769,15770,438,Withdrawal,5714.77,1/24/2024,Winter
15770,15771,4366,Payment,8885.02,12/23/2022,Winter
15771,15772,3349,Deposit,1189.65,7/10/2024,Summer
15772,15773,3768,Withdrawal,8383.16,3/30/2023,Spring
15773,15774,915,Deposit,6434.42,5/19/2022,Spring
15774,15775,1323,Transfer,6945.02,9/23/2022,Fall
15775,15776,3133,Withdrawal,4814.17,7/30/2022,Summer
15776,15777,2381,Transfer,1009.75,12/10/2022,Winter
15777,15778,1855,Withdrawal,9720.04,2/29/2024,Winter
15778,15779,1951,Payment,804.43,4/23/2025,Spring
15779,15780,1713,Withdrawal,6187.42,2/2/2024,Winter
15780,15781,3199,Payment,1620.96,12/19/2023,Winter
15781,15782,2793,Deposit,576.89,12/22/2024,Winter
15782,15783,2525,Transfer,2822.77,6/4/2022,Summer
15783,15784,498,Payment,3021.83,9/8/2024,Fall
15784,15785,1320,Deposit,9738.42,11/7/2024,Fall
15785,15786,1794,Withdrawal,2926.48,11/25/2022,Fall
15786,15787,3807,Transfer,1743.07,10/10/2023,Fall
15787,15788,1936,Withdrawal,7263.93,3/28/2024,Spring
15788,15789,4922,Transfer,2592.81,1/20/2025,Winter
15789,15790,3270,Deposit,1954.68,2/18/2025,Winter
15790,15791,3148,Payment,5525.74,11/6/2022,Fall
15791,15792,4133,Payment,1097.55,4/27/2025,Spring
15792,15793,1927,Transfer,4776.32,4/21/2024,Spring
15793,15794,3209,Payment,5744.03,9/7/2023,Fall
15794,15795,2072,Withdrawal,1285.97,2/12/2023,Winter
15795,15796,3884,Deposit,6585.38,10/7/2024,Fall
15796,15797,2926,Deposit,6611.41,6/23/2023,Summer
15797,15798,3825,Deposit,2278.8,1/10/2025,Winter
15798,15799,160,Deposit,7134.27,1/31/2023,Winter
15799,15800,683,Payment,6420.97,11/18/2022,Fall
15800,15801,4122,Deposit,7749.86,2/5/2024,Winter
15801,15802,4110,Transfer,6472.98,8/12/2022,Summer
15802,15803,117,Payment,9907.07,11/26/2024,Fall
15803,15804,2750,Deposit,6199.22,6/27/2023,Summer
15804,15805,301,Payment,157.74,6/20/2023,Summer
15805,15806,3570,Deposit,5232.13,8/15/2024,Summer
15806,15807,266,Deposit,6150.32,5/13/2022,Spring
15807,15808,987,Deposit,666.09,12/1/2022,Winter
15808,15809,4738,Transfer,7913.5,6/25/2024,Summer
15809,15810,2476,Deposit,6819.14,7/24/2024,Summer
15810,15811,4317,Payment,2775.86,4/5/2025,Spring
15811,15812,1169,Payment,7946.5,1/30/2024,Winter
15812,15813,3556,Transfer,5589.41,11/7/2022,Fall
15813,15814,172,Withdrawal,3887.74,5/15/2024,Spring
15814,15815,2434,Deposit,4567.93,11/8/2022,Fall
15815,15816,3697,Transfer,5278.14,7/13/2022,Summer
15816,15817,1305,Withdrawal,5645.31,10/5/2023,Fall
15817,15818,4287,Withdrawal,8954.34,4/2/2025,Spring
15818,15819,2820,Withdrawal,9372.85,12/7/2022,Winter
15819,15820,3066,Withdrawal,8076.69,3/27/2025,Spring
15820,15821,3058,Deposit,5908.62,7/29/2023,Summer
15821,15822,2384,Withdrawal,1660.57,3/9/2023,Spring
15822,15823,4805,Withdrawal,8775.02,8/17/2023,Summer
15823,15824,3290,Payment,5552.12,3/29/2025,Spring
15824,15825,3836,Transfer,6391.73,7/15/2022,Summer
15825,15826,2453,Withdrawal,1865.23,10/19/2024,Fall
15826,15827,3109,Withdrawal,9278.33,8/7/2023,Summer
15827,15828,2511,Transfer,565.84,10/6/2023,Fall
15828,15829,4195,Transfer,5520.23,8/5/2023,Summer
15829,15830,1177,Transfer,7363.34,2/17/2024,Winter
15830,15831,4052,Withdrawal,6671.91,11/4/2022,Fall
15831,15832,321,Payment,4370.75,11/13/2022,Fall
15832,15833,4930,Deposit,6298.84,6/3/2023,Summer
15833,15834,493,Deposit,6504.29,5/28/2022,Spring
15834,15835,2950,Payment,8461.78,4/15/2024,Spring
15835,15836,1600,Withdrawal,1004.95,11/19/2023,Fall
15836,15837,4288,Transfer,269.92,10/1/2024,Fall
15837,15838,4600,Withdrawal,7392.99,4/11/2025,Spring
15838,15839,4019,Deposit,9425.67,4/19/2024,Spring
15839,15840,2481,Transfer,9894.69,3/12/2024,Spring
15840,15841,3299,Transfer,7074.99,12/31/2023,Winter
15841,15842,4942,Transfer,8013.17,7/16/2022,Summer
15842,15843,2200,Transfer,9046.02,5/30/2024,Spring
15843,15844,1013,Withdrawal,6085.65,6/14/2024,Summer
15844,15845,3046,Withdrawal,5838.45,7/23/2024,Summer
15845,15846,4569,Transfer,9024.04,11/15/2022,Fall
15846,15847,111,Withdrawal,1270.02,6/3/2022,Summer
15847,15848,4622,Payment,774.79,4/15/2024,Spring
15848,15849,2614,Transfer,2002.02,10/20/2022,Fall
15849,15850,3096,Payment,5301.2,4/7/2023,Spring
15850,15851,1414,Transfer,5004.5,8/23/2023,Summer
15851,15852,3919,Withdrawal,7017.33,9/13/2023,Fall
15852,15853,439,Payment,5381.88,4/10/2025,Spring
15853,15854,2795,Transfer,845.09,7/30/2023,Summer
15854,15855,3010,Transfer,991.05,3/20/2024,Spring
15855,15856,4181,Transfer,7177.84,6/1/2023,Summer
15856,15857,4706,Withdrawal,5508.04,6/18/2023,Summer
15857,15858,4866,Deposit,3500.8,11/1/2024,Fall
15858,15859,4131,Payment,3050.43,7/24/2022,Summer
15859,15860,1722,Deposit,3735.35,11/12/2024,Fall
15860,15861,4451,Deposit,7878.19,3/17/2023,Spring
15861,15862,4860,Payment,8024.59,6/21/2023,Summer
15862,15863,4487,Withdrawal,228.06,5/3/2023,Spring
15863,15864,1841,Transfer,678.02,12/19/2023,Winter
15864,15865,1512,Transfer,2708.63,8/26/2023,Summer
15865,15866,4499,Payment,688.03,5/6/2023,Spring
15866,15867,1619,Deposit,4901.55,6/22/2023,Summer
15867,15868,1513,Deposit,848.87,6/22/2023,Summer
15868,15869,2494,Deposit,3131.67,3/29/2023,Spring
15869,15870,4846,Deposit,8787.51,11/10/2022,Fall
15870,15871,2067,Payment,2142.42,2/27/2024,Winter
15871,15872,1415,Transfer,5681.06,4/7/2023,Spring
15872,15873,2590,Deposit,7384.68,3/1/2025,Spring
15873,15874,1001,Deposit,6940.85,1/21/2024,Winter
15874,15875,1339,Withdrawal,7250.19,4/8/2023,Spring
15875,15876,3245,Withdrawal,1849.29,10/30/2024,Fall
15876,15877,398,Payment,4950.07,8/5/2022,Summer
15877,15878,3840,Transfer,9130.1,4/10/2023,Spring
15878,15879,1603,Transfer,5939.91,9/2/2022,Fall
15879,15880,4705,Withdrawal,3480.66,8/6/2023,Summer
15880,15881,3036,Transfer,4758.39,1/1/2024,Winter
15881,15882,25,Payment,4481.25,7/17/2024,Summer
15882,15883,2475,Withdrawal,6148.44,10/17/2022,Fall
15883,15884,2625,Transfer,6963.9,9/5/2024,Fall
15884,15885,1179,Payment,3925.77,1/20/2024,Winter
15885,15886,655,Deposit,3284.86,1/30/2024,Winter
15886,15887,2157,Withdrawal,2486.36,10/15/2022,Fall
15887,15888,8,Withdrawal,4507.86,7/28/2024,Summer
15888,15889,1166,Transfer,3118.66,5/2/2024,Spring
15889,15890,2742,Transfer,5549.48,1/1/2025,Winter
15890,15891,2136,Transfer,4299.39,6/15/2024,Summer
15891,15892,1765,Deposit,2683.67,9/14/2024,Fall
15892,15893,2141,Transfer,9260.31,7/6/2022,Summer
15893,15894,2954,Transfer,5525.34,3/3/2024,Spring
15894,15895,3423,Payment,1808.6,11/25/2024,Fall
15895,15896,2925,Payment,113.64,11/4/2022,Fall
15896,15897,228,Payment,6429.84,8/16/2024,Summer
15897,15898,2106,Withdrawal,3501.41,9/14/2022,Fall
15898,15899,1645,Withdrawal,1438.2,1/1/2023,Winter
15899,15900,2615,Withdrawal,5437.8,11/1/2022,Fall
15900,15901,2241,Deposit,3562.97,4/16/2025,Spring
15901,15902,3941,Deposit,3610.77,6/16/2024,Summer
15902,15903,1501,Transfer,2791.11,4/9/2024,Spring
15903,15904,934,Payment,7923.35,8/5/2024,Summer
15904,15905,2993,Deposit,6942.19,1/4/2024,Winter
15905,15906,254,Payment,8522.43,10/31/2023,Fall
15906,15907,4175,Deposit,9507.74,3/29/2024,Spring
15907,15908,477,Payment,8366.47,4/22/2023,Spring
15908,15909,1416,Payment,3838.27,12/18/2023,Winter
15909,15910,3203,Transfer,6577.87,12/27/2023,Winter
15910,15911,1045,Transfer,110.09,1/12/2023,Winter
15911,15912,2426,Withdrawal,5680.68,11/3/2022,Fall
15912,15913,1776,Withdrawal,6805.07,5/23/2024,Spring
15913,15914,309,Withdrawal,244.23,9/9/2023,Fall
15914,15915,1565,Transfer,407.11,2/13/2024,Winter
15915,15916,569,Deposit,5074.42,6/2/2022,Summer
15916,15917,1624,Deposit,9701,2/24/2023,Winter
15917,15918,151,Deposit,6086.49,8/8/2022,Summer
15918,15919,4656,Withdrawal,1895.95,8/28/2023,Summer
15919,15920,4812,Transfer,334.23,5/10/2024,Spring
15920,15921,238,Transfer,3271.76,8/23/2022,Summer
15921,15922,744,Transfer,1310.82,2/7/2025,Winter
15922,15923,3797,Deposit,2950.21,5/8/2024,Spring
15923,15924,3453,Deposit,5477.02,3/14/2025,Spring
15924,15925,2980,Payment,6529.77,8/12/2023,Summer
15925,15926,1140,Transfer,7020.07,3/21/2024,Spring
15926,15927,3176,Deposit,8348.26,3/26/2024,Spring
15927,15928,3970,Withdrawal,9434.52,10/30/2024,Fall
15928,15929,3777,Transfer,3986.78,7/9/2024,Summer
15929,15930,1156,Payment,9578.83,12/29/2023,Winter
15930,15931,1983,Transfer,6450.46,1/16/2023,Winter
15931,15932,2427,Withdrawal,4557.24,5/3/2024,Spring
15932,15933,2072,Transfer,9498.62,10/6/2022,Fall
15933,15934,3577,Deposit,2989.24,2/13/2025,Winter
15934,15935,3103,Payment,5298.24,12/20/2023,Winter
15935,15936,4614,Payment,9695.34,8/19/2024,Summer
15936,15937,2505,Deposit,9488.67,12/30/2022,Winter
15937,15938,2789,Transfer,6720.03,3/30/2024,Spring
15938,15939,4287,Withdrawal,872.51,5/1/2024,Spring
15939,15940,4118,Withdrawal,6777.31,3/15/2025,Spring
15940,15941,4519,Withdrawal,1577.79,6/25/2023,Summer
15941,15942,2965,Deposit,1857.99,7/14/2023,Summer
15942,15943,3729,Transfer,2809.67,8/28/2023,Summer
15943,15944,2005,Payment,807.82,11/5/2023,Fall
15944,15945,2443,Payment,301.88,9/1/2024,Fall
15945,15946,4808,Payment,8252.54,10/28/2023,Fall
15946,15947,3777,Payment,1199.73,10/31/2023,Fall
15947,15948,3230,Withdrawal,2315.88,10/15/2022,Fall
15948,15949,646,Payment,9596.47,9/3/2023,Fall
15949,15950,624,Deposit,1726.58,8/28/2022,Summer
15950,15951,3836,Deposit,3874.68,2/14/2023,Winter
15951,15952,1435,Withdrawal,2632.34,11/9/2022,Fall
15952,15953,3903,Withdrawal,2002.6,7/15/2022,Summer
15953,15954,3650,Transfer,7104.34,3/20/2023,Spring
15954,15955,2941,Deposit,1376.96,4/3/2024,Spring
15955,15956,1520,Transfer,6105.56,10/18/2024,Fall
15956,15957,2350,Transfer,9780.15,12/3/2023,Winter
15957,15958,3438,Deposit,8321.19,1/5/2023,Winter
15958,15959,4123,Payment,1273.37,3/17/2024,Spring
15959,15960,1788,Withdrawal,1622.47,7/24/2024,Summer
15960,15961,2738,Deposit,6760.25,7/17/2023,Summer
15961,15962,118,Transfer,969.22,7/6/2023,Summer
15962,15963,650,Transfer,5974.75,3/4/2025,Spring
15963,15964,4100,Withdrawal,3991.37,11/16/2023,Fall
15964,15965,2302,Deposit,7910.97,9/2/2024,Fall
15965,15966,849,Payment,7296.61,10/27/2023,Fall
15966,15967,1766,Withdrawal,9126.84,3/2/2024,Spring
15967,15968,960,Transfer,1459.26,3/15/2024,Spring
15968,15969,1749,Transfer,8776.44,5/2/2023,Spring
15969,15970,2041,Transfer,8507.23,6/18/2022,Summer
15970,15971,1397,Deposit,5538.9,5/2/2024,Spring
15971,15972,4649,Transfer,1809.02,6/12/2024,Summer
15972,15973,489,Transfer,8672.51,9/21/2023,Fall
15973,15974,4043,Deposit,5660.28,6/18/2024,Summer
15974,15975,4655,Deposit,1166.55,12/23/2022,Winter
15975,15976,2694,Deposit,9407.24,6/28/2023,Summer
15976,15977,3360,Deposit,4518.29,1/28/2023,Winter
15977,15978,1548,Withdrawal,2987.8,8/13/2024,Summer
15978,15979,4505,Withdrawal,2670.09,4/11/2023,Spring
15979,15980,1682,Payment,629.08,7/26/2024,Summer
15980,15981,354,Payment,4550.88,9/15/2022,Fall
15981,15982,4265,Withdrawal,6974.6,11/1/2022,Fall
15982,15983,871,Payment,3376.25,12/24/2024,Winter
15983,15984,3708,Payment,6371.19,10/5/2024,Fall
15984,15985,4121,Deposit,8530.38,3/27/2023,Spring
15985,15986,4154,Transfer,4633.8,12/15/2022,Winter
15986,15987,687,Deposit,2335.29,10/13/2022,Fall
15987,15988,4050,Withdrawal,2949.95,1/23/2024,Winter
15988,15989,1019,Payment,835.21,8/24/2024,Summer
15989,15990,884,Transfer,8883.52,12/24/2024,Winter
15990,15991,4420,Payment,3732.23,11/1/2023,Fall
15991,15992,1335,Withdrawal,4973.6,9/25/2022,Fall
15992,15993,1382,Deposit,274.7,10/31/2024,Fall
15993,15994,457,Payment,4982.23,3/17/2024,Spring
15994,15995,4583,Withdrawal,8827.15,4/1/2024,Spring
15995,15996,849,Payment,472.68,5/17/2023,Spring
15996,15997,4519,Transfer,3349.42,8/20/2022,Summer
15997,15998,4954,Payment,9224.6,2/19/2025,Winter
15998,15999,1636,Payment,980.04,7/15/2023,Summer
15999,16000,3277,Payment,7996.33,9/2/2023,Fall
16000,16001,1225,Transfer,8936.79,2/12/2023,Winter
16001,16002,2061,Withdrawal,3083.82,5/11/2025,Spring
16002,16003,3561,Transfer,6585.73,6/21/2023,Summer
16003,16004,4866,Payment,9419.52,7/8/2022,Summer
16004,16005,2720,Transfer,2367.41,11/10/2022,Fall
16005,16006,3968,Deposit,6661.74,7/2/2022,Summer
16006,16007,2119,Deposit,9540.34,7/3/2022,Summer
16007,16008,3785,Withdrawal,6626.15,8/28/2022,Summer
16008,16009,4362,Withdrawal,1080.58,11/7/2024,Fall
16009,16010,4603,Payment,1242.66,1/6/2023,Winter
16010,16011,4103,Transfer,5175.52,12/16/2024,Winter
16011,16012,2138,Payment,1252.42,6/26/2022,Summer
16012,16013,1130,Withdrawal,4048.48,12/2/2024,Winter
16013,16014,383,Deposit,520.21,5/27/2023,Spring
16014,16015,1610,Payment,6849.01,7/27/2022,Summer
16015,16016,874,Payment,8033.47,8/27/2024,Summer
16016,16017,2319,Payment,7842.21,8/15/2022,Summer
16017,16018,4700,Deposit,4840.9,10/28/2022,Fall
16018,16019,2903,Withdrawal,5796.83,7/12/2024,Summer
16019,16020,4738,Transfer,3422.89,4/28/2025,Spring
16020,16021,1699,Payment,8372.33,7/27/2022,Summer
16021,16022,1252,Transfer,9430.14,11/7/2024,Fall
16022,16023,1960,Deposit,1134.59,9/12/2022,Fall
16023,16024,3552,Transfer,9525.95,4/1/2025,Spring
16024,16025,1723,Transfer,1459.76,3/19/2023,Spring
16025,16026,2408,Transfer,9534.27,10/3/2022,Fall
16026,16027,1677,Payment,5825.38,11/6/2024,Fall
16027,16028,4961,Transfer,918.54,5/16/2024,Spring
16028,16029,4359,Transfer,7620.25,12/13/2022,Winter
16029,16030,3042,Payment,8480.98,12/12/2024,Winter
16030,16031,2640,Withdrawal,4001.28,5/8/2025,Spring
16031,16032,3363,Withdrawal,7013.86,10/8/2022,Fall
16032,16033,3423,Withdrawal,5953.01,12/20/2024,Winter
16033,16034,4391,Payment,4707.74,12/14/2024,Winter
16034,16035,3755,Withdrawal,628.38,11/13/2022,Fall
16035,16036,195,Payment,8990.43,12/12/2023,Winter
16036,16037,488,Deposit,5875.43,8/30/2024,Summer
16037,16038,1325,Deposit,47.55,3/1/2025,Spring
16038,16039,2713,Transfer,1777.11,9/15/2022,Fall
16039,16040,3552,Withdrawal,8256.78,3/7/2025,Spring
16040,16041,1791,Transfer,3146.05,12/7/2024,Winter
16041,16042,2698,Payment,8610.83,7/4/2023,Summer
16042,16043,397,Deposit,9642.12,9/8/2024,Fall
16043,16044,3325,Withdrawal,5442.93,10/17/2022,Fall
16044,16045,32,Payment,1936.23,5/18/2022,Spring
16045,16046,4961,Deposit,3623.6,4/7/2024,Spring
16046,16047,263,Withdrawal,3831.95,11/14/2024,Fall
16047,16048,772,Withdrawal,5445.16,6/16/2023,Summer
16048,16049,24,Payment,3440.06,1/7/2025,Winter
16049,16050,2673,Deposit,9352.82,11/13/2022,Fall
16050,16051,2652,Withdrawal,5232.85,7/20/2024,Summer
16051,16052,2190,Payment,7064.21,7/7/2023,Summer
16052,16053,2643,Transfer,5795.35,4/10/2024,Spring
16053,16054,1613,Withdrawal,2409.39,10/5/2022,Fall
16054,16055,2787,Payment,7454.56,6/11/2024,Summer
16055,16056,2905,Deposit,1533.58,6/13/2023,Summer
16056,16057,2596,Withdrawal,7440.72,2/19/2025,Winter
16057,16058,1096,Payment,4538.9,2/16/2025,Winter
16058,16059,2771,Transfer,8776.53,3/27/2023,Spring
16059,16060,1128,Transfer,8276.25,7/8/2023,Summer
16060,16061,374,Payment,7209.51,1/22/2023,Winter
16061,16062,4583,Payment,2818.26,10/30/2024,Fall
16062,16063,2250,Deposit,6649.71,1/28/2023,Winter
16063,16064,220,Transfer,1437.62,10/13/2022,Fall
16064,16065,4976,Deposit,5353.92,6/16/2023,Summer
16065,16066,4560,Payment,7908.34,1/14/2024,Winter
16066,16067,2014,Payment,9810.48,9/23/2024,Fall
16067,16068,4402,Deposit,1310.19,2/11/2025,Winter
16068,16069,3497,Transfer,1956.01,9/7/2024,Fall
16069,16070,2930,Transfer,9008.48,7/8/2024,Summer
16070,16071,4209,Transfer,5213.89,11/26/2024,Fall
16071,16072,3764,Payment,1521.74,9/17/2024,Fall
16072,16073,3892,Transfer,5546.62,8/9/2023,Summer
16073,16074,3178,Payment,3004.47,8/11/2023,Summer
16074,16075,3573,Withdrawal,1013.79,3/9/2024,Spring
16075,16076,1770,Deposit,5034.32,10/1/2024,Fall
16076,16077,1906,Transfer,5648.4,7/10/2022,Summer
16077,16078,4296,Transfer,8694.49,8/15/2022,Summer
16078,16079,414,Deposit,7044.93,7/25/2024,Summer
16079,16080,2630,Withdrawal,5041.51,12/6/2024,Winter
16080,16081,4318,Withdrawal,4277.59,1/16/2025,Winter
16081,16082,4119,Withdrawal,1921.98,5/14/2023,Spring
16082,16083,3095,Transfer,1763.46,9/18/2022,Fall
16083,16084,3132,Deposit,1358.86,10/7/2024,Fall
16084,16085,1158,Payment,9022.99,10/14/2024,Fall
16085,16086,3528,Withdrawal,3629.99,5/24/2023,Spring
16086,16087,4728,Payment,3057.48,5/10/2024,Spring
16087,16088,7,Transfer,4583.33,6/19/2024,Summer
16088,16089,513,Deposit,9584.22,12/6/2024,Winter
16089,16090,2343,Withdrawal,9978.87,4/6/2024,Spring
16090,16091,4821,Deposit,5839.64,7/17/2024,Summer
16091,16092,2501,Withdrawal,2935.05,2/11/2023,Winter
16092,16093,2771,Withdrawal,3755.49,4/20/2023,Spring
16093,16094,264,Transfer,5526.49,8/11/2024,Summer
16094,16095,843,Deposit,5932.88,3/20/2025,Spring
16095,16096,205,Payment,7124.71,12/30/2022,Winter
16096,16097,2817,Payment,3724.7,8/24/2023,Summer
16097,16098,1549,Payment,5876.67,11/15/2022,Fall
16098,16099,668,Deposit,4246.51,6/17/2023,Summer
16099,16100,3703,Payment,5002.07,3/19/2023,Spring
16100,16101,2031,Deposit,5861.14,10/25/2022,Fall
16101,16102,827,Deposit,6202.4,12/7/2024,Winter
16102,16103,1608,Deposit,6504.57,6/4/2024,Summer
16103,16104,4034,Transfer,5492.35,1/31/2023,Winter
16104,16105,832,Payment,9399.29,10/20/2024,Fall
16105,16106,4980,Deposit,6370.58,2/20/2023,Winter
16106,16107,4153,Deposit,6813.18,8/31/2022,Summer
16107,16108,2363,Withdrawal,136.05,4/12/2023,Spring
16108,16109,2386,Transfer,5433.6,7/4/2023,Summer
16109,16110,2147,Withdrawal,9793.68,2/13/2024,Winter
16110,16111,4642,Transfer,4425.17,9/24/2024,Fall
16111,16112,4466,Deposit,5394.16,3/3/2023,Spring
16112,16113,2674,Withdrawal,4646.84,8/17/2024,Summer
16113,16114,4253,Deposit,3006.38,8/26/2022,Summer
16114,16115,347,Deposit,9631.14,10/24/2022,Fall
16115,16116,3514,Transfer,9231.56,3/10/2023,Spring
16116,16117,1986,Deposit,159.16,2/20/2023,Winter
16117,16118,3449,Deposit,1169.9,1/31/2024,Winter
16118,16119,1856,Transfer,6478.94,11/27/2024,Fall
16119,16120,4034,Payment,4358.45,8/8/2022,Summer
16120,16121,275,Transfer,6165.09,7/5/2022,Summer
16121,16122,4572,Transfer,1051.49,5/24/2024,Spring
16122,16123,3584,Deposit,9282.65,4/28/2023,Spring
16123,16124,1030,Deposit,9591.02,8/10/2024,Summer
16124,16125,1694,Payment,8123.38,1/1/2023,Winter
16125,16126,2074,Withdrawal,9273.09,5/13/2023,Spring
16126,16127,84,Deposit,5648.62,3/6/2023,Spring
16127,16128,3267,Deposit,626.34,8/29/2024,Summer
16128,16129,4139,Deposit,7686.41,4/10/2024,Spring
16129,16130,2105,Withdrawal,4907.28,7/27/2023,Summer
16130,16131,675,Transfer,6211.84,8/8/2024,Summer
16131,16132,1243,Payment,9012.35,5/4/2024,Spring
16132,16133,3217,Transfer,7268.33,4/13/2024,Spring
16133,16134,4837,Withdrawal,6914.37,3/12/2024,Spring
16134,16135,4725,Payment,2731.11,2/27/2025,Winter
16135,16136,2233,Deposit,6839.23,4/20/2023,Spring
16136,16137,12,Withdrawal,7607.92,8/15/2023,Summer
16137,16138,4868,Payment,5743.96,7/15/2022,Summer
16138,16139,2759,Withdrawal,8091.56,6/3/2024,Summer
16139,16140,3745,Payment,102.36,1/18/2024,Winter
16140,16141,3564,Transfer,8467.8,6/16/2024,Summer
16141,16142,1222,Transfer,75.2,4/15/2024,Spring
16142,16143,2479,Transfer,7383.79,1/29/2025,Winter
16143,16144,570,Payment,9558.99,7/28/2024,Summer
16144,16145,2241,Payment,8595.86,5/18/2023,Spring
16145,16146,4556,Payment,5986.38,6/23/2023,Summer
16146,16147,4663,Deposit,7547.17,5/25/2023,Spring
16147,16148,3109,Deposit,4487.08,5/16/2023,Spring
16148,16149,2046,Withdrawal,503.86,3/9/2025,Spring
16149,16150,80,Withdrawal,1050.18,4/3/2025,Spring
16150,16151,2575,Withdrawal,6382.25,2/26/2023,Winter
16151,16152,4649,Deposit,6898.5,8/27/2023,Summer
16152,16153,3191,Withdrawal,8030.35,5/9/2025,Spring
16153,16154,4255,Transfer,4356.56,10/16/2022,Fall
16154,16155,1654,Payment,5088.24,4/8/2025,Spring
16155,16156,4356,Transfer,72.32,3/10/2023,Spring
16156,16157,571,Withdrawal,4312.83,2/3/2023,Winter
16157,16158,4788,Withdrawal,5950.13,3/13/2025,Spring
16158,16159,2022,Transfer,6320.47,6/11/2022,Summer
16159,16160,1277,Withdrawal,3556.2,1/6/2023,Winter
16160,16161,2718,Payment,1840.32,10/14/2024,Fall
16161,16162,4708,Withdrawal,5026.12,4/10/2025,Spring
16162,16163,4392,Deposit,8847.08,10/3/2024,Fall
16163,16164,1784,Payment,3196.41,5/6/2023,Spring
16164,16165,4038,Withdrawal,6360.69,10/25/2023,Fall
16165,16166,994,Deposit,3786.82,9/16/2024,Fall
16166,16167,4839,Transfer,5172.7,11/2/2022,Fall
16167,16168,456,Deposit,6468.14,11/3/2022,Fall
16168,16169,4786,Deposit,7711.7,9/9/2023,Fall
16169,16170,310,Payment,6236.02,2/12/2024,Winter
16170,16171,2199,Payment,8627.25,11/28/2023,Fall
16171,16172,2929,Withdrawal,9780.55,1/4/2025,Winter
16172,16173,1620,Transfer,5917.73,11/21/2022,Fall
16173,16174,3202,Payment,7852.03,11/15/2023,Fall
16174,16175,4682,Deposit,9513.06,6/20/2022,Summer
16175,16176,4253,Transfer,9060.75,6/3/2024,Summer
16176,16177,4419,Payment,4509.66,10/7/2023,Fall
16177,16178,2733,Deposit,3987.01,11/14/2024,Fall
16178,16179,1913,Deposit,2886.23,7/19/2022,Summer
16179,16180,629,Withdrawal,4259.66,8/15/2022,Summer
16180,16181,1382,Deposit,1361.01,5/9/2024,Spring
16181,16182,3193,Payment,3866.94,4/27/2023,Spring
16182,16183,2274,Transfer,3172.02,12/4/2023,Winter
16183,16184,774,Deposit,723.95,12/29/2024,Winter
16184,16185,2242,Withdrawal,2257.49,8/31/2024,Summer
16185,16186,2056,Deposit,8477.71,1/18/2023,Winter
16186,16187,3617,Payment,8421.87,6/19/2022,Summer
16187,16188,3895,Deposit,9679.27,11/26/2023,Fall
16188,16189,1974,Withdrawal,1332.28,8/13/2024,Summer
16189,16190,2218,Transfer,6822.66,3/27/2024,Spring
16190,16191,655,Deposit,225,12/15/2022,Winter
16191,16192,3508,Deposit,120.51,4/25/2024,Spring
16192,16193,4006,Withdrawal,7780.33,6/17/2022,Summer
16193,16194,1983,Deposit,7811.87,9/28/2022,Fall
16194,16195,1445,Transfer,5160.61,9/19/2024,Fall
16195,16196,1216,Transfer,7263.03,10/22/2024,Fall
16196,16197,4161,Payment,1990.85,8/17/2023,Summer
16197,16198,103,Transfer,792.52,7/22/2023,Summer
16198,16199,787,Payment,282.4,7/9/2024,Summer
16199,16200,3272,Payment,4116.72,3/9/2025,Spring
16200,16201,3126,Transfer,5689.81,7/4/2024,Summer
16201,16202,2419,Deposit,7653,10/5/2023,Fall
16202,16203,4856,Deposit,6307.25,6/30/2023,Summer
16203,16204,1600,Transfer,9931.34,7/30/2024,Summer
16204,16205,4936,Deposit,5795.83,1/27/2025,Winter
16205,16206,4033,Withdrawal,5546.61,8/21/2022,Summer
16206,16207,3789,Payment,9825.93,2/8/2024,Winter
16207,16208,2292,Transfer,3087.83,8/25/2022,Summer
16208,16209,3727,Withdrawal,1172.16,4/12/2024,Spring
16209,16210,1639,Deposit,3717.2,8/31/2024,Summer
16210,16211,1060,Withdrawal,8440.56,7/19/2023,Summer
16211,16212,2661,Withdrawal,9739.77,4/5/2023,Spring
16212,16213,2153,Transfer,7351.91,2/24/2025,Winter
16213,16214,3883,Payment,4050.05,3/20/2023,Spring
16214,16215,2262,Withdrawal,5647.87,7/28/2022,Summer
16215,16216,4164,Payment,7758.3,9/26/2022,Fall
16216,16217,4286,Payment,9883.38,11/21/2024,Fall
16217,16218,337,Transfer,1707.36,6/24/2024,Summer
16218,16219,3515,Withdrawal,6542.94,3/7/2023,Spring
16219,16220,89,Deposit,2063.11,8/1/2022,Summer
16220,16221,3605,Withdrawal,5735.49,3/8/2024,Spring
16221,16222,3986,Payment,7813.93,7/26/2022,Summer
16222,16223,3653,Payment,8239.1,7/31/2023,Summer
16223,16224,4575,Transfer,8104.27,12/15/2024,Winter
16224,16225,1319,Payment,898.78,3/13/2023,Spring
16225,16226,2009,Transfer,1813.03,4/16/2024,Spring
16226,16227,1529,Payment,1305.81,7/10/2022,Summer
16227,16228,1085,Payment,2464.7,5/21/2022,Spring
16228,16229,212,Withdrawal,5153.17,3/25/2025,Spring
16229,16230,3711,Deposit,7665.3,4/17/2023,Spring
16230,16231,4255,Payment,9367.82,2/14/2024,Winter
16231,16232,476,Withdrawal,657.3,6/5/2024,Summer
16232,16233,2186,Withdrawal,2798.17,8/9/2023,Summer
16233,16234,3634,Deposit,7539.07,8/7/2023,Summer
16234,16235,3113,Transfer,3275.01,1/26/2025,Winter
16235,16236,28,Withdrawal,3976.67,7/20/2024,Summer
16236,16237,161,Transfer,5470.63,4/5/2024,Spring
16237,16238,4616,Withdrawal,3067.46,3/19/2023,Spring
16238,16239,3523,Deposit,9217.22,2/27/2023,Winter
16239,16240,3739,Deposit,8277.58,11/4/2024,Fall
16240,16241,665,Transfer,4511.16,9/13/2022,Fall
16241,16242,3647,Deposit,7355.72,4/23/2024,Spring
16242,16243,1896,Payment,6353.53,9/14/2023,Fall
16243,16244,4550,Deposit,1798.2,5/22/2022,Spring
16244,16245,240,Transfer,8559.64,12/29/2024,Winter
16245,16246,4170,Deposit,9956.8,1/8/2024,Winter
16246,16247,92,Deposit,7027.04,3/8/2024,Spring
16247,16248,1690,Transfer,4866.44,12/14/2022,Winter
16248,16249,2991,Deposit,3170.67,12/6/2024,Winter
16249,16250,2604,Withdrawal,865.29,3/5/2025,Spring
16250,16251,3279,Transfer,7537.87,3/18/2025,Spring
16251,16252,2600,Payment,8944.6,12/1/2024,Winter
16252,16253,4391,Withdrawal,2402.22,5/24/2023,Spring
16253,16254,2979,Transfer,6362.08,4/27/2023,Spring
16254,16255,1723,Withdrawal,4239.79,2/3/2025,Winter
16255,16256,3553,Withdrawal,3089.35,11/21/2022,Fall
16256,16257,2835,Withdrawal,1971.83,8/5/2024,Summer
16257,16258,226,Transfer,2601.47,8/4/2022,Summer
16258,16259,783,Withdrawal,222.4,4/30/2023,Spring
16259,16260,2786,Transfer,6361.68,3/7/2025,Spring
16260,16261,1525,Payment,6424.41,1/17/2025,Winter
16261,16262,2056,Deposit,7872.06,11/10/2023,Fall
16262,16263,4683,Deposit,5637.61,11/14/2023,Fall
16263,16264,4285,Deposit,1218.44,1/27/2023,Winter
16264,16265,1225,Payment,5046.24,1/16/2024,Winter
16265,16266,1130,Payment,9633.52,8/20/2023,Summer
16266,16267,514,Payment,3570.49,5/2/2025,Spring
16267,16268,540,Deposit,318.58,2/24/2024,Winter
16268,16269,3892,Withdrawal,544.99,9/15/2022,Fall
16269,16270,2266,Payment,568.68,9/28/2023,Fall
16270,16271,658,Transfer,168.7,3/15/2024,Spring
16271,16272,48,Payment,8839.42,5/20/2023,Spring
16272,16273,3649,Payment,655.28,9/4/2022,Fall
16273,16274,1175,Transfer,1155.83,11/24/2022,Fall
16274,16275,3876,Withdrawal,9297.99,5/2/2023,Spring
16275,16276,4708,Withdrawal,1841.65,4/22/2024,Spring
16276,16277,4617,Payment,2274.27,12/19/2024,Winter
16277,16278,4460,Payment,5605.39,1/17/2024,Winter
16278,16279,2114,Withdrawal,9694.94,9/13/2023,Fall
16279,16280,4994,Deposit,4587.16,7/21/2022,Summer
16280,16281,3816,Withdrawal,5343.15,3/18/2023,Spring
16281,16282,4693,Payment,4625.75,4/11/2023,Spring
16282,16283,1703,Withdrawal,2753.79,6/21/2023,Summer
16283,16284,4604,Withdrawal,9465.3,11/27/2022,Fall
16284,16285,4148,Transfer,9015.49,5/29/2023,Spring
16285,16286,1883,Withdrawal,7826.86,11/6/2022,Fall
16286,16287,1629,Withdrawal,535.37,2/25/2025,Winter
16287,16288,1934,Deposit,9243.61,6/2/2022,Summer
16288,16289,3457,Payment,57.23,7/16/2023,Summer
16289,16290,1245,Payment,5932.85,10/18/2022,Fall
16290,16291,926,Deposit,6796.1,11/18/2022,Fall
16291,16292,3855,Deposit,2686.41,5/15/2023,Spring
16292,16293,2584,Transfer,6155.6,9/30/2024,Fall
16293,16294,707,Withdrawal,3275.27,5/13/2024,Spring
16294,16295,1915,Transfer,4394.75,1/17/2025,Winter
16295,16296,4727,Payment,9001.2,11/23/2022,Fall
16296,16297,1604,Withdrawal,9618.34,11/2/2023,Fall
16297,16298,2413,Withdrawal,567.24,6/8/2022,Summer
16298,16299,3788,Transfer,1722.26,5/16/2024,Spring
16299,16300,2837,Deposit,3820.3,7/20/2022,Summer
16300,16301,251,Payment,272.79,3/22/2023,Spring
16301,16302,691,Deposit,453.1,8/16/2022,Summer
16302,16303,2771,Transfer,6479.98,4/23/2025,Spring
16303,16304,2782,Transfer,6408.64,5/8/2023,Spring
16304,16305,782,Deposit,731.23,4/19/2024,Spring
16305,16306,4316,Transfer,3706.13,5/5/2024,Spring
16306,16307,1529,Payment,6451.03,5/16/2024,Spring
16307,16308,1027,Transfer,4744.9,2/5/2024,Winter
16308,16309,231,Payment,6076.85,7/15/2023,Summer
16309,16310,2398,Withdrawal,1112.89,3/2/2025,Spring
16310,16311,534,Payment,417.13,4/24/2023,Spring
16311,16312,2971,Transfer,1644.93,5/11/2023,Spring
16312,16313,2777,Deposit,8265.51,12/14/2022,Winter
16313,16314,2482,Payment,7911.39,2/6/2024,Winter
16314,16315,4883,Deposit,7498.63,7/12/2022,Summer
16315,16316,2144,Deposit,6456.31,4/8/2025,Spring
16316,16317,2265,Deposit,3410.29,7/21/2024,Summer
16317,16318,1939,Transfer,4760.23,7/9/2022,Summer
16318,16319,360,Transfer,6340.86,4/5/2024,Spring
16319,16320,4683,Withdrawal,5357.5,7/13/2023,Summer
16320,16321,23,Deposit,2404.77,4/4/2023,Spring
16321,16322,4262,Payment,7243.74,11/16/2022,Fall
16322,16323,1404,Withdrawal,7877.81,3/21/2024,Spring
16323,16324,1000,Withdrawal,8473.87,4/13/2025,Spring
16324,16325,4707,Deposit,7121.96,11/25/2024,Fall
16325,16326,1565,Withdrawal,550.11,4/6/2023,Spring
16326,16327,1297,Transfer,1498.33,4/6/2024,Spring
16327,16328,375,Transfer,1617.12,1/30/2024,Winter
16328,16329,2574,Deposit,9412.15,1/27/2023,Winter
16329,16330,3874,Deposit,3842.31,2/11/2024,Winter
16330,16331,1617,Transfer,4030.88,7/31/2024,Summer
16331,16332,3802,Deposit,5894.96,1/5/2024,Winter
16332,16333,4140,Deposit,254.04,11/27/2024,Fall
16333,16334,4172,Transfer,1478.99,12/18/2024,Winter
16334,16335,3754,Deposit,9896.46,7/14/2023,Summer
16335,16336,3860,Deposit,3565.96,10/25/2022,Fall
16336,16337,4603,Payment,9184.01,6/9/2022,Summer
16337,16338,2556,Deposit,6641.68,5/15/2022,Spring
16338,16339,1199,Payment,8248.18,5/16/2022,Spring
16339,16340,4136,Payment,3372.86,5/9/2025,Spring
16340,16341,2272,Withdrawal,7778.55,1/10/2024,Winter
16341,16342,4213,Transfer,1110.1,12/15/2024,Winter
16342,16343,706,Transfer,8411.97,2/6/2025,Winter
16343,16344,646,Deposit,4579.22,11/20/2023,Fall
16344,16345,1581,Transfer,1541.92,9/3/2024,Fall
16345,16346,2274,Withdrawal,1435.39,10/25/2023,Fall
16346,16347,4778,Payment,7821.39,10/26/2023,Fall
16347,16348,3153,Transfer,7016.66,7/1/2022,Summer
16348,16349,3902,Payment,8552.38,11/11/2023,Fall
16349,16350,1679,Deposit,5910.68,10/20/2023,Fall
16350,16351,3171,Transfer,6604.28,3/30/2024,Spring
16351,16352,4005,Withdrawal,6984.55,7/13/2023,Summer
16352,16353,501,Withdrawal,6258.12,9/24/2022,Fall
16353,16354,473,Deposit,3372.98,9/17/2024,Fall
16354,16355,2310,Withdrawal,1274.93,12/12/2024,Winter
16355,16356,4809,Payment,3151.21,2/1/2023,Winter
16356,16357,776,Payment,8523.88,7/27/2024,Summer
16357,16358,4796,Transfer,3103.97,12/14/2022,Winter
16358,16359,3604,Deposit,8933.72,1/6/2023,Winter
16359,16360,3953,Withdrawal,86.57,10/13/2023,Fall
16360,16361,70,Deposit,370.38,9/18/2023,Fall
16361,16362,4787,Payment,6496.51,5/31/2023,Spring
16362,16363,807,Withdrawal,578.28,1/18/2025,Winter
16363,16364,1340,Withdrawal,1356.53,8/31/2023,Summer
16364,16365,295,Deposit,9222.34,5/10/2024,Spring
16365,16366,1066,Withdrawal,5605.06,10/31/2024,Fall
16366,16367,3548,Transfer,5784.81,4/6/2023,Spring
16367,16368,4426,Deposit,9258.7,1/16/2025,Winter
16368,16369,3673,Withdrawal,2331.11,10/15/2023,Fall
16369,16370,259,Payment,6695.69,7/4/2022,Summer
16370,16371,3687,Deposit,9231.07,8/6/2022,Summer
16371,16372,973,Deposit,9363.1,6/25/2024,Summer
16372,16373,913,Payment,9356.55,10/10/2022,Fall
16373,16374,2636,Deposit,6743.19,8/2/2024,Summer
16374,16375,1736,Transfer,8321.13,4/30/2023,Spring
16375,16376,3042,Deposit,7765.4,3/18/2024,Spring
16376,16377,4744,Deposit,2113.42,10/29/2023,Fall
16377,16378,1489,Payment,9756.66,7/31/2023,Summer
16378,16379,3009,Payment,9567.53,1/29/2023,Winter
16379,16380,1030,Withdrawal,4019.86,12/15/2023,Winter
16380,16381,2765,Withdrawal,4921.23,3/19/2023,Spring
16381,16382,419,Payment,1494.39,4/27/2025,Spring
16382,16383,2445,Payment,4184.88,1/30/2025,Winter
16383,16384,534,Deposit,92.64,12/22/2023,Winter
16384,16385,2345,Withdrawal,7952.66,1/12/2024,Winter
16385,16386,760,Deposit,9989.97,2/25/2023,Winter
16386,16387,2357,Withdrawal,3253.45,5/3/2025,Spring
16387,16388,3536,Transfer,2010.73,1/15/2023,Winter
16388,16389,1073,Withdrawal,2837.42,7/13/2023,Summer
16389,16390,1263,Transfer,9346.61,7/26/2022,Summer
16390,16391,1375,Withdrawal,2985.26,2/16/2025,Winter
16391,16392,2148,Transfer,1296.94,11/4/2023,Fall
16392,16393,3976,Deposit,9901.74,2/14/2025,Winter
16393,16394,4171,Withdrawal,4196.85,5/12/2022,Spring
16394,16395,2668,Withdrawal,1197.58,10/27/2023,Fall
16395,16396,3917,Transfer,3199.57,2/3/2023,Winter
16396,16397,4449,Deposit,3856.18,6/22/2023,Summer
16397,16398,3966,Withdrawal,9534.94,4/5/2025,Spring
16398,16399,522,Transfer,7556.18,12/20/2024,Winter
16399,16400,2798,Deposit,6280.47,5/2/2025,Spring
16400,16401,4165,Deposit,6476.08,5/4/2023,Spring
16401,16402,954,Payment,5089.06,7/18/2022,Summer
16402,16403,4637,Withdrawal,2675.25,6/29/2022,Summer
16403,16404,389,Deposit,3247.94,5/30/2023,Spring
16404,16405,3299,Withdrawal,1259.2,8/15/2023,Summer
16405,16406,1303,Transfer,8333.34,11/20/2022,Fall
16406,16407,1123,Transfer,5602.52,9/9/2024,Fall
16407,16408,122,Withdrawal,7800.75,1/25/2023,Winter
16408,16409,1103,Withdrawal,8732.76,11/10/2022,Fall
16409,16410,2361,Deposit,7475.21,10/19/2024,Fall
16410,16411,4784,Transfer,3065.69,1/4/2023,Winter
16411,16412,3209,Deposit,3570.64,4/18/2024,Spring
16412,16413,208,Payment,4526.95,11/2/2023,Fall
16413,16414,1009,Transfer,2698.59,1/13/2023,Winter
16414,16415,1030,Payment,3736.01,9/7/2022,Fall
16415,16416,4731,Deposit,8738.23,11/13/2022,Fall
16416,16417,1666,Transfer,6275,5/5/2024,Spring
16417,16418,2709,Withdrawal,3384.73,5/5/2023,Spring
16418,16419,3554,Payment,5326.63,3/13/2023,Spring
16419,16420,1842,Transfer,9779.75,11/4/2023,Fall
16420,16421,975,Transfer,1442.08,11/14/2024,Fall
16421,16422,4605,Withdrawal,3111.83,9/28/2024,Fall
16422,16423,3711,Withdrawal,8271.26,2/10/2023,Winter
16423,16424,3814,Deposit,3125.49,8/17/2022,Summer
16424,16425,2402,Transfer,9775.67,8/4/2023,Summer
16425,16426,1549,Deposit,8941.76,7/21/2024,Summer
16426,16427,2549,Withdrawal,3947.47,6/21/2022,Summer
16427,16428,1108,Deposit,6812.38,10/29/2023,Fall
16428,16429,3098,Payment,5972.77,9/11/2022,Fall
16429,16430,1854,Payment,5518.81,4/5/2024,Spring
16430,16431,4739,Payment,2354.45,7/17/2024,Summer
16431,16432,1020,Withdrawal,4229.07,3/8/2023,Spring
16432,16433,2963,Withdrawal,9375.44,10/9/2023,Fall
16433,16434,317,Deposit,2475.24,4/20/2025,Spring
16434,16435,1818,Deposit,1818.67,12/10/2022,Winter
16435,16436,154,Deposit,7027.09,11/25/2022,Fall
16436,16437,4025,Withdrawal,8697.95,7/18/2022,Summer
16437,16438,153,Payment,5157.09,4/9/2025,Spring
16438,16439,1946,Payment,9370.59,10/22/2023,Fall
16439,16440,335,Withdrawal,6554.96,3/21/2025,Spring
16440,16441,2919,Withdrawal,1708.02,10/23/2024,Fall
16441,16442,286,Transfer,5221.45,6/29/2024,Summer
16442,16443,2144,Withdrawal,579.7,8/6/2024,Summer
16443,16444,2536,Payment,9028.2,12/21/2023,Winter
16444,16445,4547,Transfer,4472.25,1/27/2023,Winter
16445,16446,3373,Deposit,4158.47,10/20/2024,Fall
16446,16447,2414,Payment,4863.64,6/19/2022,Summer
16447,16448,342,Deposit,2695.26,1/16/2024,Winter
16448,16449,2055,Payment,4478.77,9/1/2024,Fall
16449,16450,3178,Payment,3784.21,8/12/2022,Summer
16450,16451,634,Payment,6714.37,10/2/2023,Fall
16451,16452,199,Payment,1788.54,5/12/2023,Spring
16452,16453,1199,Payment,4187.18,11/3/2022,Fall
16453,16454,1644,Transfer,2320.8,1/17/2025,Winter
16454,16455,1872,Withdrawal,6465.83,1/15/2025,Winter
16455,16456,1934,Withdrawal,5001.07,7/22/2022,Summer
16456,16457,781,Transfer,5305.31,5/17/2022,Spring
16457,16458,2373,Transfer,5887.45,2/25/2023,Winter
16458,16459,3813,Payment,361.92,1/10/2024,Winter
16459,16460,1513,Withdrawal,1491.68,5/17/2022,Spring
16460,16461,4755,Payment,2647.96,2/2/2025,Winter
16461,16462,4343,Payment,1468.38,10/17/2023,Fall
16462,16463,873,Withdrawal,5343.78,6/3/2024,Summer
16463,16464,1848,Payment,9914.71,8/12/2023,Summer
16464,16465,3512,Transfer,6126.55,5/29/2023,Spring
16465,16466,4292,Deposit,2160.22,7/16/2024,Summer
16466,16467,1871,Transfer,4186.55,9/18/2022,Fall
16467,16468,639,Payment,872.46,9/19/2022,Fall
16468,16469,4953,Transfer,5857.34,12/23/2022,Winter
16469,16470,4013,Transfer,1166.27,3/23/2023,Spring
16470,16471,2297,Deposit,2339.94,6/11/2024,Summer
16471,16472,3256,Payment,6606.71,10/4/2023,Fall
16472,16473,2317,Payment,1979.89,7/30/2023,Summer
16473,16474,3026,Payment,3933.55,2/1/2023,Winter
16474,16475,1190,Transfer,9607.97,7/2/2023,Summer
16475,16476,137,Transfer,3427.22,12/26/2023,Winter
16476,16477,1794,Transfer,1198.32,7/4/2022,Summer
16477,16478,933,Payment,1382.27,4/20/2024,Spring
16478,16479,12,Payment,6894.38,12/11/2024,Winter
16479,16480,286,Payment,7366.9,6/26/2024,Summer
16480,16481,285,Transfer,4310.64,5/30/2023,Spring
16481,16482,4891,Deposit,2082.18,4/3/2023,Spring
16482,16483,4883,Payment,76.1,6/1/2022,Summer
16483,16484,2470,Payment,6106.61,12/5/2023,Winter
16484,16485,2651,Deposit,978.82,12/19/2022,Winter
16485,16486,4933,Withdrawal,3423.27,8/15/2024,Summer
16486,16487,3308,Payment,1164.76,4/27/2023,Spring
16487,16488,162,Withdrawal,590.93,7/29/2023,Summer
16488,16489,1040,Withdrawal,9435.21,7/27/2023,Summer
16489,16490,3464,Deposit,9616.02,10/3/2024,Fall
16490,16491,1427,Payment,44.19,10/25/2023,Fall
16491,16492,2849,Withdrawal,4787.98,4/9/2024,Spring
16492,16493,3904,Transfer,7640.13,12/18/2024,Winter
16493,16494,445,Deposit,1796.6,6/29/2024,Summer
16494,16495,1773,Transfer,2733.22,12/11/2024,Winter
16495,16496,2988,Transfer,1810.46,9/28/2024,Fall
16496,16497,3438,Transfer,2865.13,8/9/2022,Summer
16497,16498,2689,Transfer,1875.88,2/5/2025,Winter
16498,16499,4775,Withdrawal,1845.75,11/6/2022,Fall
16499,16500,1012,Payment,6257.58,2/8/2024,Winter
16500,16501,1529,Withdrawal,8238.91,1/11/2023,Winter
16501,16502,3154,Deposit,6020.37,4/7/2024,Spring
16502,16503,3584,Deposit,5058.4,8/29/2022,Summer
16503,16504,221,Payment,4684.5,4/22/2025,Spring
16504,16505,3714,Payment,748.86,12/1/2022,Winter
16505,16506,1652,Payment,6993.79,2/11/2024,Winter
16506,16507,1171,Withdrawal,5085.67,6/18/2022,Summer
16507,16508,478,Withdrawal,7002.26,10/21/2022,Fall
16508,16509,4561,Withdrawal,8777.1,7/12/2024,Summer
16509,16510,268,Payment,3780.55,9/29/2024,Fall
16510,16511,941,Withdrawal,8838.81,7/11/2024,Summer
16511,16512,1431,Transfer,7886.32,9/3/2022,Fall
16512,16513,2240,Payment,2163.78,10/28/2022,Fall
16513,16514,111,Withdrawal,6049.7,1/16/2023,Winter
16514,16515,3931,Transfer,1295.25,9/30/2022,Fall
16515,16516,4971,Withdrawal,7718.94,3/29/2023,Spring
16516,16517,3190,Transfer,8931.94,5/16/2024,Spring
16517,16518,4967,Transfer,2578.21,3/31/2024,Spring
16518,16519,3734,Deposit,6240.67,5/16/2024,Spring
16519,16520,4327,Deposit,6040.66,2/18/2024,Winter
16520,16521,847,Payment,9721.71,10/22/2024,Fall
16521,16522,517,Transfer,2344.84,8/14/2024,Summer
16522,16523,4931,Deposit,7800.65,8/3/2024,Summer
16523,16524,2050,Deposit,1636.57,10/22/2022,Fall
16524,16525,782,Payment,6541.28,4/24/2024,Spring
16525,16526,1387,Payment,7109.93,9/2/2023,Fall
16526,16527,2255,Transfer,235.76,2/18/2025,Winter
16527,16528,273,Transfer,8766.95,8/22/2022,Summer
16528,16529,4094,Withdrawal,5727.02,9/27/2023,Fall
16529,16530,1980,Transfer,320.67,2/24/2024,Winter
16530,16531,2241,Transfer,798.74,11/15/2024,Fall
16531,16532,1095,Payment,5555.05,3/3/2024,Spring
16532,16533,4152,Transfer,6863.91,1/13/2025,Winter
16533,16534,194,Transfer,9005.56,7/8/2023,Summer
16534,16535,23,Withdrawal,3544.94,2/18/2025,Winter
16535,16536,100,Deposit,6670.66,9/5/2022,Fall
16536,16537,624,Withdrawal,8409.72,9/4/2022,Fall
16537,16538,523,Payment,6163.12,3/19/2023,Spring
16538,16539,2063,Withdrawal,1300.24,5/23/2023,Spring
16539,16540,3560,Transfer,4691.28,12/29/2022,Winter
16540,16541,4692,Withdrawal,8487.64,8/4/2023,Summer
16541,16542,1361,Transfer,6022.61,3/14/2023,Spring
16542,16543,1091,Transfer,6437.9,7/26/2023,Summer
16543,16544,4423,Payment,2508.84,3/30/2025,Spring
16544,16545,219,Payment,5310.23,6/28/2022,Summer
16545,16546,613,Transfer,368.42,5/14/2024,Spring
16546,16547,2844,Deposit,3154.92,2/5/2023,Winter
16547,16548,813,Withdrawal,5268.15,5/8/2023,Spring
16548,16549,4776,Transfer,6408.23,10/26/2024,Fall
16549,16550,1961,Payment,6087.79,4/14/2025,Spring
16550,16551,1519,Withdrawal,6343.59,10/18/2023,Fall
16551,16552,3188,Transfer,1987.28,3/23/2024,Spring
16552,16553,1696,Deposit,4313.85,4/10/2024,Spring
16553,16554,4239,Payment,2387.87,10/3/2024,Fall
16554,16555,1623,Withdrawal,792.73,3/1/2023,Spring
16555,16556,4497,Deposit,2633.62,3/6/2024,Spring
16556,16557,660,Transfer,3964.4,10/10/2022,Fall
16557,16558,3210,Deposit,6638.09,4/3/2025,Spring
16558,16559,1236,Deposit,6092.94,4/2/2023,Spring
16559,16560,3872,Payment,4123.97,7/25/2023,Summer
16560,16561,4997,Deposit,4673.03,6/2/2023,Summer
16561,16562,1416,Deposit,7285.51,3/14/2024,Spring
16562,16563,3757,Withdrawal,5485.31,7/29/2022,Summer
16563,16564,427,Deposit,1177.22,4/6/2023,Spring
16564,16565,3437,Withdrawal,4890.36,3/3/2024,Spring
16565,16566,2603,Payment,5342.69,3/4/2023,Spring
16566,16567,1254,Payment,359.13,10/19/2024,Fall
16567,16568,4304,Withdrawal,4068.5,7/19/2024,Summer
16568,16569,1757,Withdrawal,2877.32,9/9/2023,Fall
16569,16570,4885,Payment,2727.81,3/19/2025,Spring
16570,16571,1320,Payment,2177.59,9/9/2023,Fall
16571,16572,573,Withdrawal,2594.02,12/12/2022,Winter
16572,16573,2698,Payment,6738.45,7/18/2024,Summer
16573,16574,564,Withdrawal,9857.44,9/12/2024,Fall
16574,16575,4279,Deposit,3373.14,5/6/2023,Spring
16575,16576,1639,Withdrawal,1841.9,10/14/2023,Fall
16576,16577,2347,Deposit,5648.92,11/30/2022,Fall
16577,16578,2028,Withdrawal,72.63,8/3/2024,Summer
16578,16579,2919,Payment,508.04,6/22/2024,Summer
16579,16580,3656,Transfer,4661.02,12/30/2023,Winter
16580,16581,1022,Transfer,9419.63,6/15/2023,Summer
16581,16582,243,Deposit,5483.78,12/15/2022,Winter
16582,16583,71,Withdrawal,1773.61,11/4/2022,Fall
16583,16584,3963,Transfer,8443.87,8/20/2023,Summer
16584,16585,3587,Withdrawal,71.56,12/11/2022,Winter
16585,16586,395,Payment,471.89,8/19/2022,Summer
16586,16587,1251,Payment,1257.81,4/2/2023,Spring
16587,16588,550,Withdrawal,3119.95,4/10/2025,Spring
16588,16589,3155,Transfer,4882.09,6/28/2023,Summer
16589,16590,2025,Transfer,8049.87,12/6/2024,Winter
16590,16591,264,Deposit,9923.42,10/29/2024,Fall
16591,16592,1435,Deposit,2632.28,11/11/2022,Fall
16592,16593,220,Withdrawal,7023.37,8/11/2022,Summer
16593,16594,155,Transfer,495.24,4/16/2025,Spring
16594,16595,575,Transfer,6641.72,1/1/2024,Winter
16595,16596,2995,Withdrawal,7282.87,2/20/2023,Winter
16596,16597,83,Payment,2685.45,12/26/2024,Winter
16597,16598,1628,Deposit,8473.65,8/28/2024,Summer
16598,16599,2673,Payment,5549.59,3/24/2023,Spring
16599,16600,2852,Transfer,6594.57,6/21/2023,Summer
16600,16601,3403,Withdrawal,4938.09,5/11/2023,Spring
16601,16602,42,Withdrawal,5577.77,1/16/2025,Winter
16602,16603,4887,Deposit,3469.77,12/6/2022,Winter
16603,16604,4787,Transfer,3852.89,10/22/2023,Fall
16604,16605,3307,Transfer,3153.16,10/23/2024,Fall
16605,16606,2675,Payment,6038.54,11/19/2024,Fall
16606,16607,4766,Deposit,1576.96,2/7/2025,Winter
16607,16608,162,Withdrawal,1866.08,9/2/2023,Fall
16608,16609,2224,Payment,2368.04,6/27/2023,Summer
16609,16610,4455,Deposit,2617.73,5/31/2024,Spring
16610,16611,2155,Withdrawal,2648.95,3/8/2025,Spring
16611,16612,2444,Deposit,5185.2,10/24/2022,Fall
16612,16613,2115,Deposit,1060.81,3/6/2024,Spring
16613,16614,4551,Deposit,5012.8,5/13/2024,Spring
16614,16615,808,Deposit,2018.47,12/18/2023,Winter
16615,16616,4632,Payment,1289.39,1/22/2023,Winter
16616,16617,1587,Withdrawal,9248.02,7/13/2023,Summer
16617,16618,3068,Payment,1220.43,12/2/2023,Winter
16618,16619,151,Payment,5677.39,8/26/2023,Summer
16619,16620,837,Transfer,239.88,10/4/2023,Fall
16620,16621,858,Withdrawal,7300.5,2/8/2023,Winter
16621,16622,4590,Transfer,46.9,8/15/2023,Summer
16622,16623,3358,Withdrawal,71.28,5/29/2023,Spring
16623,16624,3811,Deposit,7037.94,6/5/2023,Summer
16624,16625,4101,Deposit,6555.13,2/22/2025,Winter
16625,16626,545,Deposit,6330.11,8/17/2022,Summer
16626,16627,4143,Transfer,8160.36,9/2/2024,Fall
16627,16628,1148,Withdrawal,1514.59,11/10/2022,Fall
16628,16629,875,Payment,2763.94,12/15/2024,Winter
16629,16630,3835,Payment,9143.31,9/27/2023,Fall
16630,16631,3412,Payment,5841.49,12/6/2023,Winter
16631,16632,3211,Deposit,6770.29,2/26/2023,Winter
16632,16633,3278,Transfer,3424.8,1/9/2024,Winter
16633,16634,1922,Withdrawal,9008.35,1/3/2024,Winter
16634,16635,1571,Deposit,4503.98,10/18/2023,Fall
16635,16636,2126,Payment,3820.44,1/1/2024,Winter
16636,16637,4867,Payment,3527.83,1/2/2023,Winter
16637,16638,3150,Withdrawal,9664.95,4/6/2025,Spring
16638,16639,2282,Transfer,7368.83,1/19/2024,Winter
16639,16640,4353,Transfer,1365.42,1/13/2024,Winter
16640,16641,1231,Deposit,9303.63,12/1/2024,Winter
16641,16642,3145,Transfer,1768.66,2/5/2023,Winter
16642,16643,1885,Deposit,5711.17,6/16/2022,Summer
16643,16644,2722,Payment,1372.32,1/25/2023,Winter
16644,16645,3158,Transfer,2103.12,4/1/2023,Spring
16645,16646,387,Withdrawal,2620.89,6/27/2024,Summer
16646,16647,184,Transfer,5731.46,6/19/2023,Summer
16647,16648,786,Transfer,4060.56,5/25/2022,Spring
16648,16649,4223,Deposit,1551.24,11/27/2022,Fall
16649,16650,3646,Deposit,740.11,1/19/2023,Winter
16650,16651,2799,Payment,4968.88,12/13/2022,Winter
16651,16652,3668,Payment,4922.29,5/14/2024,Spring
16652,16653,1231,Payment,4663.79,6/18/2024,Summer
16653,16654,3353,Payment,3229.42,8/23/2022,Summer
16654,16655,530,Deposit,7441.02,6/15/2023,Summer
16655,16656,2046,Payment,600.69,6/28/2022,Summer
16656,16657,4726,Deposit,1852.32,6/4/2022,Summer
16657,16658,764,Withdrawal,1871.93,5/27/2023,Spring
16658,16659,887,Transfer,3442.35,9/25/2023,Fall
16659,16660,785,Deposit,5344.42,5/22/2024,Spring
16660,16661,3444,Transfer,2037.09,7/21/2022,Summer
16661,16662,4417,Payment,2716.61,12/17/2023,Winter
16662,16663,2655,Transfer,558.43,12/12/2024,Winter
16663,16664,4585,Withdrawal,5610.13,10/22/2023,Fall
16664,16665,2866,Withdrawal,6720.4,7/23/2023,Summer
16665,16666,2558,Transfer,6626.03,8/25/2024,Summer
16666,16667,3660,Payment,4662.55,8/10/2022,Summer
16667,16668,1649,Transfer,869.47,4/24/2023,Spring
16668,16669,4433,Transfer,8971.35,9/1/2023,Fall
16669,16670,3606,Transfer,7086.54,3/8/2023,Spring
16670,16671,542,Deposit,6393.52,6/28/2022,Summer
16671,16672,2820,Payment,712.29,7/1/2022,Summer
16672,16673,2759,Deposit,9532.91,5/12/2022,Spring
16673,16674,3278,Withdrawal,8263.23,10/6/2023,Fall
16674,16675,2056,Withdrawal,4367.34,7/9/2023,Summer
16675,16676,1075,Withdrawal,5830.3,8/7/2022,Summer
16676,16677,4686,Transfer,3294.03,10/22/2023,Fall
16677,16678,210,Transfer,9684.47,2/22/2025,Winter
16678,16679,2213,Payment,9231.48,8/21/2023,Summer
16679,16680,1296,Transfer,2005.55,4/15/2023,Spring
16680,16681,2833,Transfer,9457.5,12/23/2024,Winter
16681,16682,2987,Withdrawal,9589.25,7/10/2024,Summer
16682,16683,4668,Payment,5386.53,1/7/2023,Winter
16683,16684,4584,Deposit,753.44,8/31/2023,Summer
16684,16685,2348,Deposit,3994.51,5/6/2025,Spring
16685,16686,4726,Deposit,9068.08,1/29/2025,Winter
16686,16687,2907,Payment,6183.28,8/16/2023,Summer
16687,16688,55,Payment,3069.8,10/26/2024,Fall
16688,16689,236,Transfer,4377.79,11/2/2022,Fall
16689,16690,3276,Payment,3810.31,1/28/2023,Winter
16690,16691,1061,Withdrawal,3804.18,8/18/2022,Summer
16691,16692,1600,Transfer,7499.11,3/21/2023,Spring
16692,16693,4983,Payment,3400.71,10/4/2023,Fall
16693,16694,2035,Transfer,3041.19,10/17/2024,Fall
16694,16695,4071,Deposit,375.57,11/3/2024,Fall
16695,16696,2858,Withdrawal,5032.42,4/18/2023,Spring
16696,16697,3396,Payment,5653.63,1/31/2023,Winter
16697,16698,1263,Transfer,4852.54,10/13/2022,Fall
16698,16699,3160,Payment,915.85,1/24/2025,Winter
16699,16700,2403,Deposit,672.12,5/24/2022,Spring
16700,16701,282,Transfer,8545.68,11/30/2024,Fall
16701,16702,2758,Transfer,4949.71,3/31/2023,Spring
16702,16703,2926,Deposit,5502.8,12/28/2023,Winter
16703,16704,1803,Payment,2793.81,10/19/2023,Fall
16704,16705,3685,Withdrawal,6079.9,2/9/2023,Winter
16705,16706,4157,Payment,1085.46,6/15/2022,Summer
16706,16707,1226,Transfer,214.95,8/5/2024,Summer
16707,16708,346,Deposit,6980.26,1/3/2023,Winter
16708,16709,891,Deposit,6383.47,9/7/2022,Fall
16709,16710,65,Payment,6766.69,6/27/2023,Summer
16710,16711,3118,Withdrawal,8484.61,4/7/2025,Spring
16711,16712,1397,Withdrawal,818.72,6/17/2024,Summer
16712,16713,1671,Transfer,8371.72,12/3/2022,Winter
16713,16714,558,Deposit,330.1,9/5/2024,Fall
16714,16715,3126,Deposit,7380.89,12/25/2024,Winter
16715,16716,2430,Deposit,8466.99,8/27/2022,Summer
16716,16717,1243,Withdrawal,3662.83,1/8/2023,Winter
16717,16718,4283,Payment,7950.69,5/17/2023,Spring
16718,16719,2867,Transfer,9703.26,5/20/2024,Spring
16719,16720,1928,Deposit,6706.79,1/23/2025,Winter
16720,16721,1696,Transfer,5915.96,5/27/2022,Spring
16721,16722,2948,Payment,3099.79,6/19/2023,Summer
16722,16723,1281,Withdrawal,5475.96,7/19/2023,Summer
16723,16724,1967,Withdrawal,1845.31,8/4/2022,Summer
16724,16725,89,Transfer,2143.09,10/12/2023,Fall
16725,16726,1019,Payment,2271.46,7/2/2024,Summer
16726,16727,1902,Withdrawal,2436.1,9/13/2022,Fall
16727,16728,4885,Deposit,4695.72,4/12/2025,Spring
16728,16729,4299,Transfer,9701.45,7/17/2024,Summer
16729,16730,3306,Transfer,3676.73,6/13/2023,Summer
16730,16731,2511,Transfer,6932.19,10/17/2024,Fall
16731,16732,3461,Transfer,7940.22,2/26/2024,Winter
16732,16733,621,Deposit,2945.94,9/2/2023,Fall
16733,16734,1558,Deposit,5659.24,12/8/2024,Winter
16734,16735,1040,Withdrawal,7752.72,12/8/2023,Winter
16735,16736,3256,Withdrawal,6329.74,10/8/2024,Fall
16736,16737,565,Deposit,1546.38,4/26/2025,Spring
16737,16738,4541,Deposit,5422.89,1/31/2023,Winter
16738,16739,1188,Payment,4510.29,7/20/2024,Summer
16739,16740,4102,Withdrawal,6795.67,1/4/2024,Winter
16740,16741,2485,Transfer,9004.24,11/13/2024,Fall
16741,16742,3215,Deposit,858.49,12/9/2024,Winter
16742,16743,2305,Transfer,7589.6,8/10/2024,Summer
16743,16744,4708,Withdrawal,9749.24,7/21/2023,Summer
16744,16745,998,Withdrawal,4497.79,2/25/2023,Winter
16745,16746,1978,Payment,5573.72,7/11/2022,Summer
16746,16747,4633,Transfer,5782.31,9/5/2022,Fall
16747,16748,3297,Withdrawal,4558.17,10/13/2022,Fall
16748,16749,4567,Withdrawal,8444.45,5/31/2023,Spring
16749,16750,1765,Withdrawal,3996.04,5/8/2025,Spring
16750,16751,4655,Payment,8002.4,6/2/2022,Summer
16751,16752,3534,Withdrawal,7284.5,3/4/2024,Spring
16752,16753,804,Deposit,1332.75,10/12/2023,Fall
16753,16754,2427,Deposit,2237.39,3/15/2025,Spring
16754,16755,2352,Deposit,6845.6,8/4/2023,Summer
16755,16756,4446,Withdrawal,561.71,5/25/2023,Spring
16756,16757,3161,Deposit,1154.18,2/25/2023,Winter
16757,16758,2870,Deposit,4608.75,11/14/2022,Fall
16758,16759,2649,Withdrawal,6746.71,2/24/2025,Winter
16759,16760,1498,Deposit,2672.1,12/6/2024,Winter
16760,16761,1623,Withdrawal,5883.21,9/7/2022,Fall
16761,16762,3053,Deposit,8207.12,11/1/2024,Fall
16762,16763,4999,Transfer,5866.3,6/1/2024,Summer
16763,16764,4474,Payment,1472.81,2/21/2023,Winter
16764,16765,4352,Deposit,3708.53,2/27/2024,Winter
16765,16766,4156,Payment,4769.89,9/15/2024,Fall
16766,16767,3463,Deposit,1614.54,8/31/2024,Summer
16767,16768,3648,Payment,8196.48,7/8/2022,Summer
16768,16769,2113,Withdrawal,9056,8/16/2024,Summer
16769,16770,3159,Deposit,2377.92,9/18/2022,Fall
16770,16771,2922,Transfer,2009.63,8/1/2023,Summer
16771,16772,3924,Deposit,9961.8,9/23/2024,Fall
16772,16773,739,Withdrawal,5817.67,9/23/2022,Fall
16773,16774,1177,Withdrawal,589.03,7/13/2024,Summer
16774,16775,3217,Payment,1072.68,6/10/2024,Summer
16775,16776,2795,Deposit,518.39,9/18/2022,Fall
16776,16777,4904,Payment,4752.37,2/8/2025,Winter
16777,16778,1523,Withdrawal,8324.14,6/21/2023,Summer
16778,16779,1170,Deposit,4295.42,2/24/2023,Winter
16779,16780,2489,Deposit,5743.44,12/24/2023,Winter
16780,16781,3206,Payment,4589.69,5/24/2022,Spring
16781,16782,1133,Payment,6021.76,7/29/2022,Summer
16782,16783,344,Withdrawal,411.92,11/7/2023,Fall
16783,16784,2989,Withdrawal,9848.01,7/28/2023,Summer
16784,16785,3332,Transfer,7723.49,9/4/2022,Fall
16785,16786,3073,Withdrawal,7882.62,4/13/2024,Spring
16786,16787,4506,Transfer,5296.94,6/3/2023,Summer
16787,16788,1212,Payment,153.61,3/16/2024,Spring
16788,16789,3373,Transfer,7917.49,2/9/2023,Winter
16789,16790,2477,Payment,1820.38,4/8/2024,Spring
16790,16791,1032,Withdrawal,6726.69,10/10/2022,Fall
16791,16792,4411,Transfer,5663.11,6/2/2022,Summer
16792,16793,63,Payment,6772.59,9/15/2022,Fall
16793,16794,2243,Payment,2680.12,5/10/2025,Spring
16794,16795,1629,Payment,4381.54,3/9/2023,Spring
16795,16796,694,Transfer,9866.37,6/25/2024,Summer
16796,16797,2588,Withdrawal,6247.39,4/24/2023,Spring
16797,16798,3173,Withdrawal,7436.17,6/28/2023,Summer
16798,16799,2293,Deposit,3314.11,10/7/2022,Fall
16799,16800,174,Withdrawal,3338.44,8/23/2022,Summer
16800,16801,2313,Transfer,9614.51,3/26/2024,Spring
16801,16802,592,Payment,850.66,8/17/2024,Summer
16802,16803,3814,Transfer,6201.88,7/27/2022,Summer
16803,16804,2590,Deposit,493.29,1/13/2023,Winter
16804,16805,3776,Deposit,2828.84,11/12/2024,Fall
16805,16806,3802,Transfer,5755.71,10/3/2023,Fall
16806,16807,3684,Transfer,4307.21,11/2/2024,Fall
16807,16808,2236,Deposit,5763.71,6/7/2023,Summer
16808,16809,236,Transfer,8243.23,8/9/2023,Summer
16809,16810,55,Deposit,3125.22,2/8/2024,Winter
16810,16811,2891,Deposit,4088.45,6/6/2024,Summer
16811,16812,3957,Withdrawal,4586.19,8/25/2022,Summer
16812,16813,2536,Payment,7056.39,12/5/2022,Winter
16813,16814,1921,Deposit,4857.95,9/15/2023,Fall
16814,16815,1707,Deposit,893.73,6/12/2024,Summer
16815,16816,1336,Deposit,4528.05,10/11/2023,Fall
16816,16817,106,Deposit,9748.27,5/10/2025,Spring
16817,16818,1085,Payment,8292.14,8/4/2023,Summer
16818,16819,2889,Withdrawal,3937.13,8/28/2024,Summer
16819,16820,4081,Deposit,2302.4,11/2/2023,Fall
16820,16821,2360,Transfer,5755.47,6/17/2023,Summer
16821,16822,3428,Transfer,1838.46,1/15/2023,Winter
16822,16823,530,Payment,4633.01,10/2/2023,Fall
16823,16824,329,Transfer,6047.24,12/18/2022,Winter
16824,16825,3920,Withdrawal,5194.46,7/14/2023,Summer
16825,16826,3149,Payment,2697.22,10/9/2024,Fall
16826,16827,1168,Deposit,7928.36,5/2/2025,Spring
16827,16828,2540,Deposit,9835.83,11/30/2023,Fall
16828,16829,1938,Transfer,4777.46,12/17/2022,Winter
16829,16830,2790,Deposit,5673.88,2/25/2025,Winter
16830,16831,4271,Payment,3001.5,9/13/2024,Fall
16831,16832,3467,Transfer,6812.42,8/2/2022,Summer
16832,16833,2651,Transfer,7926.13,6/22/2024,Summer
16833,16834,3088,Deposit,9525.21,9/27/2024,Fall
16834,16835,1197,Transfer,5755.57,1/19/2023,Winter
16835,16836,2778,Payment,235.9,11/1/2024,Fall
16836,16837,4950,Payment,6435.43,4/29/2025,Spring
16837,16838,2225,Withdrawal,2249.19,6/16/2024,Summer
16838,16839,3095,Payment,5541.87,9/20/2022,Fall
16839,16840,4012,Withdrawal,1602.88,2/3/2023,Winter
16840,16841,2881,Payment,993.93,6/8/2024,Summer
16841,16842,4455,Payment,9615.52,11/27/2023,Fall
16842,16843,2117,Transfer,6195.45,3/15/2023,Spring
16843,16844,4418,Withdrawal,7103.81,3/17/2024,Spring
16844,16845,2574,Withdrawal,4607.53,3/25/2023,Spring
16845,16846,4118,Withdrawal,8064.78,9/22/2022,Fall
16846,16847,3427,Payment,3613.18,10/7/2024,Fall
16847,16848,2675,Withdrawal,4144.09,1/13/2025,Winter
16848,16849,2938,Transfer,383.9,9/13/2023,Fall
16849,16850,2373,Deposit,7458.41,5/11/2025,Spring
16850,16851,4646,Deposit,9710.51,2/23/2023,Winter
16851,16852,2181,Transfer,1674.52,6/22/2024,Summer
16852,16853,2718,Transfer,8065.6,3/12/2024,Spring
16853,16854,380,Withdrawal,2020.31,3/13/2025,Spring
16854,16855,4380,Deposit,1058.01,4/27/2023,Spring
16855,16856,1415,Payment,6433.41,6/9/2023,Summer
16856,16857,4993,Withdrawal,7156.14,5/14/2022,Spring
16857,16858,4724,Withdrawal,4021.56,2/12/2024,Winter
16858,16859,1964,Transfer,6978.96,3/29/2023,Spring
16859,16860,3765,Withdrawal,9556.12,1/12/2025,Winter
16860,16861,806,Deposit,7917.23,12/1/2022,Winter
16861,16862,3652,Payment,2159.11,8/24/2024,Summer
16862,16863,2679,Deposit,7606.28,3/11/2023,Spring
16863,16864,4595,Payment,9370,4/15/2023,Spring
16864,16865,2492,Transfer,5513.79,2/22/2024,Winter
16865,16866,3712,Deposit,4079.38,2/26/2025,Winter
16866,16867,1795,Deposit,2771.51,5/26/2024,Spring
16867,16868,1004,Deposit,4757.23,9/29/2023,Fall
16868,16869,3693,Withdrawal,9961.3,6/26/2023,Summer
16869,16870,4285,Payment,4010.6,2/26/2024,Winter
16870,16871,3829,Withdrawal,9216.52,11/9/2022,Fall
16871,16872,1321,Transfer,2441.89,6/24/2022,Summer
16872,16873,282,Payment,1336.94,11/21/2024,Fall
16873,16874,3897,Deposit,1143.56,2/9/2024,Winter
16874,16875,2411,Withdrawal,3784.54,4/4/2024,Spring
16875,16876,1361,Payment,7383.49,12/20/2024,Winter
16876,16877,2826,Withdrawal,6589.79,8/8/2022,Summer
16877,16878,1936,Withdrawal,9419.4,2/2/2023,Winter
16878,16879,1090,Deposit,4133.15,7/13/2022,Summer
16879,16880,3426,Withdrawal,8248.56,11/27/2022,Fall
16880,16881,1034,Withdrawal,2397.25,7/11/2022,Summer
16881,16882,687,Deposit,2711.89,7/8/2024,Summer
16882,16883,4657,Deposit,4931.27,5/25/2023,Spring
16883,16884,1919,Withdrawal,6148.44,10/2/2022,Fall
16884,16885,2383,Deposit,3472.04,4/24/2025,Spring
16885,16886,3255,Deposit,4609.83,1/6/2023,Winter
16886,16887,3342,Transfer,2946.21,10/8/2024,Fall
16887,16888,996,Withdrawal,523.5,5/18/2022,Spring
16888,16889,149,Withdrawal,7857.6,12/15/2023,Winter
16889,16890,2423,Withdrawal,1090.01,5/8/2024,Spring
16890,16891,3479,Transfer,8015.27,5/13/2023,Spring
16891,16892,662,Deposit,1883.55,4/23/2024,Spring
16892,16893,2240,Withdrawal,4214.98,1/3/2024,Winter
16893,16894,3866,Payment,8936.51,12/26/2024,Winter
16894,16895,3323,Payment,813.72,5/11/2025,Spring
16895,16896,92,Deposit,3721.52,2/19/2024,Winter
16896,16897,1849,Payment,6113.93,12/5/2023,Winter
16897,16898,389,Payment,8800.65,3/14/2025,Spring
16898,16899,3507,Payment,6711.95,3/17/2024,Spring
16899,16900,2100,Payment,5696.05,10/15/2024,Fall
16900,16901,1902,Payment,5701.14,3/21/2023,Spring
16901,16902,3623,Transfer,4807.85,7/22/2023,Summer
16902,16903,129,Payment,9719.39,3/30/2023,Spring
16903,16904,1919,Deposit,1494.11,6/22/2024,Summer
16904,16905,2105,Deposit,4762,5/29/2023,Spring
16905,16906,2247,Payment,8489.83,4/30/2024,Spring
16906,16907,1854,Transfer,8620.75,9/4/2023,Fall
16907,16908,2501,Deposit,9543.2,3/5/2024,Spring
16908,16909,596,Payment,9512.09,12/31/2023,Winter
16909,16910,2534,Payment,6059.28,11/18/2023,Fall
16910,16911,811,Payment,5735.52,6/6/2022,Summer
16911,16912,4868,Deposit,744.85,8/24/2022,Summer
16912,16913,3303,Deposit,3278.65,10/6/2022,Fall
16913,16914,817,Payment,9265.31,5/24/2023,Spring
16914,16915,1180,Transfer,7420.27,10/19/2023,Fall
16915,16916,704,Transfer,5381.8,8/29/2024,Summer
16916,16917,1937,Deposit,8731.58,11/7/2022,Fall
16917,16918,2453,Withdrawal,6223.13,11/28/2023,Fall
16918,16919,3002,Deposit,4410.37,5/31/2024,Spring
16919,16920,369,Deposit,5967.51,3/2/2025,Spring
16920,16921,3304,Withdrawal,8145.21,6/25/2023,Summer
16921,16922,1186,Payment,435.73,4/19/2025,Spring
16922,16923,2447,Transfer,3609.36,10/6/2024,Fall
16923,16924,1268,Payment,2043.33,5/3/2025,Spring
16924,16925,3477,Payment,8298.18,8/4/2024,Summer
16925,16926,740,Deposit,3507.1,10/22/2024,Fall
16926,16927,98,Transfer,4160.24,9/26/2024,Fall
16927,16928,692,Transfer,314.15,2/29/2024,Winter
16928,16929,821,Withdrawal,2113.2,6/17/2024,Summer
16929,16930,4775,Deposit,4301.25,8/14/2024,Summer
16930,16931,4418,Transfer,5673.4,6/16/2024,Summer
16931,16932,2539,Deposit,5887.47,2/27/2025,Winter
16932,16933,907,Withdrawal,5542.47,1/3/2024,Winter
16933,16934,2627,Withdrawal,6214.64,9/13/2023,Fall
16934,16935,4144,Payment,2300.83,7/22/2023,Summer
16935,16936,1590,Deposit,5518.64,11/2/2022,Fall
16936,16937,194,Withdrawal,1359.83,9/17/2024,Fall
16937,16938,3826,Withdrawal,2885.66,4/20/2023,Spring
16938,16939,1153,Payment,781.08,1/7/2024,Winter
16939,16940,3684,Withdrawal,2340.33,1/7/2025,Winter
16940,16941,3985,Deposit,2662.6,11/21/2022,Fall
16941,16942,520,Payment,4726.43,2/10/2024,Winter
16942,16943,1948,Deposit,5630.92,12/22/2023,Winter
16943,16944,4165,Deposit,4244.5,11/1/2023,Fall
16944,16945,1425,Withdrawal,1192.83,12/27/2023,Winter
16945,16946,2780,Deposit,7327.58,1/26/2023,Winter
16946,16947,185,Withdrawal,860.73,9/9/2023,Fall
16947,16948,2541,Payment,3807.36,4/2/2023,Spring
16948,16949,2630,Withdrawal,8326.87,8/27/2023,Summer
16949,16950,4825,Withdrawal,8370.39,1/9/2024,Winter
16950,16951,2180,Withdrawal,6032.9,6/29/2022,Summer
16951,16952,4496,Deposit,141.49,5/27/2024,Spring
16952,16953,4570,Withdrawal,710.17,4/25/2024,Spring
16953,16954,2542,Payment,6686.21,10/21/2024,Fall
16954,16955,1500,Payment,4484.67,3/4/2023,Spring
16955,16956,983,Deposit,8851.13,2/17/2025,Winter
16956,16957,1756,Withdrawal,605.33,10/29/2023,Fall
16957,16958,3630,Deposit,3369.09,12/11/2022,Winter
16958,16959,4557,Transfer,7252.91,5/24/2022,Spring
16959,16960,3027,Deposit,1742.98,1/16/2023,Winter
16960,16961,2189,Transfer,1559.54,9/4/2023,Fall
16961,16962,2912,Transfer,7699.04,6/14/2022,Summer
16962,16963,4315,Withdrawal,3950.08,12/11/2023,Winter
16963,16964,3533,Payment,1291.24,2/16/2023,Winter
16964,16965,1834,Payment,4862.24,3/25/2025,Spring
16965,16966,4362,Deposit,2450.79,7/18/2022,Summer
16966,16967,1872,Deposit,2838.76,3/28/2024,Spring
16967,16968,1936,Transfer,1456.18,4/6/2023,Spring
16968,16969,1631,Transfer,6770.26,9/24/2024,Fall
16969,16970,1505,Deposit,731.2,12/27/2024,Winter
16970,16971,3081,Withdrawal,7706.81,7/6/2023,Summer
16971,16972,3995,Deposit,8416.81,1/19/2024,Winter
16972,16973,2744,Transfer,9920.23,9/12/2024,Fall
16973,16974,991,Withdrawal,9407.88,10/20/2023,Fall
16974,16975,385,Withdrawal,4883.19,1/20/2024,Winter
16975,16976,3102,Withdrawal,9459.22,11/18/2024,Fall
16976,16977,4988,Withdrawal,6773.56,9/8/2022,Fall
16977,16978,2337,Transfer,2542.27,4/18/2025,Spring
16978,16979,1699,Transfer,1654.88,8/21/2023,Summer
16979,16980,4540,Payment,7330.48,7/2/2024,Summer
16980,16981,4043,Transfer,1632.85,2/18/2023,Winter
16981,16982,2825,Deposit,5461.65,6/12/2022,Summer
16982,16983,492,Transfer,5543.17,1/19/2024,Winter
16983,16984,2446,Withdrawal,5294.6,2/27/2025,Winter
16984,16985,95,Payment,7648.92,8/5/2024,Summer
16985,16986,515,Transfer,6840.36,11/11/2023,Fall
16986,16987,1453,Payment,9189.57,6/22/2023,Summer
16987,16988,3673,Payment,5741.22,3/2/2025,Spring
16988,16989,3869,Payment,3342.41,12/1/2024,Winter
16989,16990,1343,Deposit,3522.74,10/26/2022,Fall
16990,16991,523,Transfer,8692.21,7/3/2022,Summer
16991,16992,3470,Payment,5206.89,2/16/2025,Winter
16992,16993,4384,Deposit,5387.31,11/25/2022,Fall
16993,16994,2614,Transfer,1089.89,5/8/2024,Spring
16994,16995,369,Deposit,2583.38,11/10/2022,Fall
16995,16996,832,Withdrawal,3799.72,1/20/2024,Winter
16996,16997,4389,Withdrawal,3205.89,1/4/2025,Winter
16997,16998,4206,Withdrawal,7421.63,2/20/2024,Winter
16998,16999,3142,Payment,7498.24,9/22/2023,Fall
16999,17000,2629,Payment,3883.73,3/15/2025,Spring
17000,17001,4491,Deposit,6355.93,2/21/2023,Winter
17001,17002,1175,Transfer,5327.11,10/11/2024,Fall
17002,17003,2048,Payment,6947.75,9/2/2024,Fall
17003,17004,4037,Transfer,9925.55,5/10/2024,Spring
17004,17005,2252,Transfer,3428.13,8/21/2022,Summer
17005,17006,87,Deposit,149.81,4/15/2024,Spring
17006,17007,1466,Payment,2848.33,3/1/2025,Spring
17007,17008,1950,Withdrawal,6215.8,10/7/2024,Fall
17008,17009,3290,Transfer,1597.83,7/14/2022,Summer
17009,17010,1903,Payment,4388.64,6/11/2024,Summer
17010,17011,1824,Transfer,7307.79,12/20/2022,Winter
17011,17012,1607,Payment,3327.39,3/10/2025,Spring
17012,17013,2514,Payment,7215.7,11/28/2023,Fall
17013,17014,676,Deposit,48.54,10/25/2022,Fall
17014,17015,709,Deposit,8616.97,2/4/2025,Winter
17015,17016,4226,Deposit,1290.28,3/28/2023,Spring
17016,17017,1295,Transfer,7851.68,5/13/2023,Spring
17017,17018,4618,Withdrawal,4095.31,3/25/2024,Spring
17018,17019,3513,Deposit,8079.1,1/23/2025,Winter
17019,17020,4902,Withdrawal,9363.86,4/12/2023,Spring
17020,17021,3510,Withdrawal,7702.05,2/4/2024,Winter
17021,17022,4896,Withdrawal,9354.63,11/10/2023,Fall
17022,17023,3364,Deposit,4319.57,9/6/2023,Fall
17023,17024,2545,Deposit,3985.02,9/30/2022,Fall
17024,17025,4477,Withdrawal,3078.27,11/14/2023,Fall
17025,17026,1901,Withdrawal,8082.5,2/12/2024,Winter
17026,17027,488,Deposit,4663.74,2/26/2024,Winter
17027,17028,3574,Deposit,3380.8,3/18/2023,Spring
17028,17029,47,Deposit,3942.48,5/5/2023,Spring
17029,17030,4572,Deposit,2826.3,4/9/2023,Spring
17030,17031,1842,Withdrawal,9138.73,1/2/2025,Winter
17031,17032,3865,Transfer,8651.69,8/6/2023,Summer
17032,17033,3922,Payment,3744.45,7/1/2022,Summer
17033,17034,4505,Deposit,4543.34,1/6/2023,Winter
17034,17035,879,Payment,3350.61,10/22/2024,Fall
17035,17036,3499,Transfer,6202.64,11/9/2024,Fall
17036,17037,2536,Withdrawal,8608.51,5/1/2025,Spring
17037,17038,4570,Withdrawal,2156.21,3/16/2023,Spring
17038,17039,1623,Transfer,491.68,10/2/2022,Fall
17039,17040,1521,Withdrawal,766.27,4/10/2024,Spring
17040,17041,3824,Payment,190.74,8/25/2023,Summer
17041,17042,430,Transfer,9370.69,7/26/2023,Summer
17042,17043,2730,Deposit,4356.56,9/2/2023,Fall
17043,17044,3119,Payment,6130.69,12/24/2022,Winter
17044,17045,4397,Deposit,8712.45,11/8/2024,Fall
17045,17046,2269,Withdrawal,8766.37,4/11/2024,Spring
17046,17047,1663,Transfer,4586.73,10/18/2024,Fall
17047,17048,2748,Transfer,7891.97,2/17/2023,Winter
17048,17049,3203,Transfer,1186.94,7/14/2022,Summer
17049,17050,937,Withdrawal,2704.59,5/18/2024,Spring
17050,17051,4026,Withdrawal,2784.32,6/10/2023,Summer
17051,17052,2857,Deposit,9327.68,7/31/2022,Summer
17052,17053,85,Withdrawal,9761.52,12/30/2024,Winter
17053,17054,1281,Transfer,3348.17,2/20/2025,Winter
17054,17055,95,Withdrawal,3555.69,5/23/2022,Spring
17055,17056,1014,Withdrawal,8009.31,7/2/2023,Summer
17056,17057,716,Deposit,9196.34,10/4/2023,Fall
17057,17058,2077,Deposit,9203.12,1/28/2025,Winter
17058,17059,3212,Payment,6190.43,3/8/2023,Spring
17059,17060,879,Payment,4325.35,6/29/2023,Summer
17060,17061,1910,Deposit,5576.66,12/11/2022,Winter
17061,17062,110,Transfer,3531.62,11/29/2024,Fall
17062,17063,136,Withdrawal,1767.33,8/7/2022,Summer
17063,17064,4697,Withdrawal,3768.82,5/10/2024,Spring
17064,17065,4631,Payment,8277.85,1/15/2025,Winter
17065,17066,2414,Withdrawal,464.08,8/5/2022,Summer
17066,17067,527,Transfer,4211.88,11/12/2022,Fall
17067,17068,1239,Withdrawal,1768.23,10/19/2023,Fall
17068,17069,285,Deposit,6369.69,7/23/2022,Summer
17069,17070,3180,Deposit,9203.85,1/1/2025,Winter
17070,17071,2404,Transfer,4631.7,6/17/2023,Summer
17071,17072,4137,Payment,673.62,1/31/2023,Winter
17072,17073,3300,Transfer,8471.64,3/2/2025,Spring
17073,17074,168,Withdrawal,4821.4,1/9/2024,Winter
17074,17075,2672,Deposit,4452.66,6/20/2023,Summer
17075,17076,4602,Deposit,3602.08,4/21/2024,Spring
17076,17077,398,Withdrawal,6414.45,8/3/2022,Summer
17077,17078,3277,Transfer,4836.34,2/26/2024,Winter
17078,17079,1636,Transfer,7806.95,12/8/2024,Winter
17079,17080,4637,Transfer,962.21,9/27/2024,Fall
17080,17081,3067,Payment,7161.74,7/2/2024,Summer
17081,17082,2749,Deposit,762.93,12/27/2023,Winter
17082,17083,1661,Withdrawal,2127.61,12/14/2022,Winter
17083,17084,4527,Withdrawal,1272.92,6/18/2024,Summer
17084,17085,3521,Deposit,3504.66,3/31/2023,Spring
17085,17086,1173,Transfer,9510.65,3/25/2025,Spring
17086,17087,3695,Withdrawal,7750.2,11/22/2024,Fall
17087,17088,1986,Transfer,500.14,6/16/2023,Summer
17088,17089,2272,Transfer,5054.82,7/28/2024,Summer
17089,17090,2660,Payment,2464.86,4/14/2024,Spring
17090,17091,45,Deposit,6488.35,12/3/2024,Winter
17091,17092,2306,Payment,9609.48,7/23/2024,Summer
17092,17093,986,Payment,6262.65,5/5/2024,Spring
17093,17094,3339,Withdrawal,9061.33,5/6/2024,Spring
17094,17095,3940,Transfer,6149.56,6/27/2022,Summer
17095,17096,4675,Deposit,8298.81,4/22/2025,Spring
17096,17097,673,Transfer,3443.96,10/10/2023,Fall
17097,17098,3922,Transfer,1543.08,2/6/2023,Winter
17098,17099,261,Withdrawal,2404.48,5/18/2024,Spring
17099,17100,3755,Withdrawal,9880.74,3/15/2025,Spring
17100,17101,3390,Deposit,3971.57,7/24/2022,Summer
17101,17102,1085,Payment,5142.55,7/16/2022,Summer
17102,17103,3461,Withdrawal,6891.65,5/13/2024,Spring
17103,17104,4452,Deposit,5981.4,7/10/2024,Summer
17104,17105,2812,Payment,704.03,2/27/2025,Winter
17105,17106,2881,Withdrawal,7564.15,11/15/2024,Fall
17106,17107,2222,Payment,3149.15,1/8/2023,Winter
17107,17108,2619,Payment,8654.6,2/19/2025,Winter
17108,17109,1059,Withdrawal,4618.8,3/3/2023,Spring
17109,17110,4432,Deposit,9999.46,9/26/2023,Fall
17110,17111,3409,Transfer,563.48,2/9/2025,Winter
17111,17112,4973,Deposit,8445.21,11/16/2022,Fall
17112,17113,4221,Transfer,3762.4,5/17/2023,Spring
17113,17114,1925,Payment,7025.02,8/1/2022,Summer
17114,17115,54,Payment,5404.54,9/20/2022,Fall
17115,17116,4456,Transfer,5255.18,4/1/2024,Spring
17116,17117,2483,Transfer,806.49,2/25/2023,Winter
17117,17118,3500,Transfer,5892.46,2/27/2024,Winter
17118,17119,2981,Deposit,3703.62,1/23/2025,Winter
17119,17120,1396,Payment,9652.25,12/6/2024,Winter
17120,17121,2414,Deposit,280.41,6/14/2023,Summer
17121,17122,3004,Transfer,112.81,12/3/2023,Winter
17122,17123,4614,Transfer,4840.4,3/13/2024,Spring
17123,17124,3482,Transfer,7569.2,2/12/2024,Winter
17124,17125,1551,Deposit,5831.07,12/20/2023,Winter
17125,17126,1754,Transfer,5192.49,8/14/2024,Summer
17126,17127,854,Payment,623.14,1/7/2023,Winter
17127,17128,3969,Transfer,5543.94,8/31/2023,Summer
17128,17129,2037,Transfer,7479.85,5/10/2024,Spring
17129,17130,634,Payment,7967.5,10/6/2022,Fall
17130,17131,3708,Transfer,8789.67,6/15/2024,Summer
17131,17132,3949,Payment,6583.45,1/8/2024,Winter
17132,17133,671,Transfer,3671.65,4/29/2025,Spring
17133,17134,2701,Deposit,2953.85,10/13/2022,Fall
17134,17135,106,Payment,6692.3,2/18/2023,Winter
17135,17136,410,Transfer,8092.52,8/6/2023,Summer
17136,17137,456,Deposit,9938.42,5/1/2023,Spring
17137,17138,450,Withdrawal,6622.09,10/22/2023,Fall
17138,17139,2531,Payment,6200.65,10/15/2022,Fall
17139,17140,4992,Deposit,2604.29,6/23/2022,Summer
17140,17141,2570,Withdrawal,4376.48,8/21/2023,Summer
17141,17142,829,Transfer,3432.16,3/22/2025,Spring
17142,17143,304,Deposit,1836.23,2/24/2024,Winter
17143,17144,1640,Withdrawal,2288.88,4/28/2025,Spring
17144,17145,3706,Deposit,5376.68,3/9/2025,Spring
17145,17146,2176,Withdrawal,3472.93,6/19/2024,Summer
17146,17147,2092,Payment,230.61,11/9/2022,Fall
17147,17148,4238,Transfer,7258.42,9/25/2022,Fall
17148,17149,4938,Deposit,3878.72,3/5/2025,Spring
17149,17150,3798,Payment,9165.78,5/6/2025,Spring
17150,17151,1537,Deposit,3865.05,3/9/2023,Spring
17151,17152,1546,Payment,85.43,6/7/2022,Summer
17152,17153,1831,Transfer,4222.17,6/24/2024,Summer
17153,17154,3842,Transfer,1072.84,11/9/2023,Fall
17154,17155,411,Withdrawal,5970.1,5/2/2023,Spring
17155,17156,2860,Withdrawal,8363.5,6/8/2024,Summer
17156,17157,1544,Withdrawal,5672.01,7/2/2023,Summer
17157,17158,769,Withdrawal,3757.75,11/28/2022,Fall
17158,17159,2688,Withdrawal,6415.64,6/11/2023,Summer
17159,17160,4866,Withdrawal,1453.67,10/2/2023,Fall
17160,17161,1578,Deposit,714.83,8/24/2023,Summer
17161,17162,1142,Transfer,3890.81,7/5/2023,Summer
17162,17163,1266,Deposit,9405.88,5/17/2023,Spring
17163,17164,3275,Payment,9139.02,2/5/2023,Winter
17164,17165,564,Transfer,5461.6,9/27/2022,Fall
17165,17166,1125,Deposit,5032.42,6/18/2023,Summer
17166,17167,2453,Payment,2219.55,4/26/2024,Spring
17167,17168,1387,Deposit,2254.98,4/21/2024,Spring
17168,17169,2254,Deposit,4402.17,5/1/2025,Spring
17169,17170,2229,Payment,4969.04,7/27/2022,Summer
17170,17171,2331,Deposit,2304.33,5/20/2023,Spring
17171,17172,1973,Deposit,5375.59,9/18/2023,Fall
17172,17173,3665,Withdrawal,5852.94,9/4/2024,Fall
17173,17174,531,Transfer,6641.37,10/31/2022,Fall
17174,17175,3142,Transfer,5317.33,4/13/2023,Spring
17175,17176,2722,Withdrawal,4025.68,6/22/2022,Summer
17176,17177,666,Transfer,737.55,10/21/2023,Fall
17177,17178,3580,Deposit,8236.37,11/14/2024,Fall
17178,17179,3029,Deposit,3459.17,5/7/2025,Spring
17179,17180,161,Deposit,7069.15,12/16/2024,Winter
17180,17181,1391,Payment,8030.59,5/27/2022,Spring
17181,17182,2208,Transfer,7501.01,3/25/2023,Spring
17182,17183,4495,Payment,2130.67,1/9/2024,Winter
17183,17184,3449,Deposit,8957.73,12/25/2022,Winter
17184,17185,225,Payment,3956.83,3/28/2023,Spring
17185,17186,3151,Payment,7045.58,2/14/2023,Winter
17186,17187,3894,Transfer,5241.96,7/1/2022,Summer
17187,17188,74,Transfer,215.49,1/23/2024,Winter
17188,17189,4021,Withdrawal,6724.91,9/5/2022,Fall
17189,17190,2145,Transfer,5116.46,9/17/2023,Fall
17190,17191,2123,Deposit,6247.21,9/24/2024,Fall
17191,17192,2537,Deposit,9005.76,8/12/2024,Summer
17192,17193,891,Transfer,1319.83,1/11/2024,Winter
17193,17194,215,Deposit,3944.15,7/27/2024,Summer
17194,17195,1848,Withdrawal,40.04,7/5/2024,Summer
17195,17196,1020,Transfer,8708.23,9/25/2022,Fall
17196,17197,1208,Transfer,3982.09,4/1/2023,Spring
17197,17198,2138,Payment,5480.36,5/30/2022,Spring
17198,17199,2270,Transfer,7033.27,7/17/2022,Summer
17199,17200,437,Deposit,7065.92,1/1/2025,Winter
17200,17201,466,Transfer,3881.5,7/31/2022,Summer
17201,17202,2349,Transfer,8935.02,12/15/2023,Winter
17202,17203,4015,Deposit,6375.07,8/17/2022,Summer
17203,17204,4843,Deposit,5508.49,4/9/2025,Spring
17204,17205,4171,Transfer,1134.66,2/4/2024,Winter
17205,17206,508,Transfer,8874.9,4/17/2023,Spring
17206,17207,541,Deposit,5418.39,1/31/2025,Winter
17207,17208,3791,Deposit,1203.99,8/10/2022,Summer
17208,17209,2268,Deposit,4684.97,12/16/2024,Winter
17209,17210,28,Transfer,3459.31,3/29/2023,Spring
17210,17211,2338,Deposit,334.92,10/17/2024,Fall
17211,17212,1320,Payment,9883.22,12/19/2023,Winter
17212,17213,881,Deposit,1485.81,7/4/2022,Summer
17213,17214,1942,Withdrawal,1535.68,2/28/2024,Winter
17214,17215,959,Deposit,2072.37,5/30/2023,Spring
17215,17216,2542,Withdrawal,5817.5,1/28/2023,Winter
17216,17217,165,Withdrawal,4771.14,8/13/2022,Summer
17217,17218,3043,Transfer,248.8,12/2/2024,Winter
17218,17219,498,Withdrawal,5697.39,11/26/2023,Fall
17219,17220,2222,Deposit,8469.14,12/2/2023,Winter
17220,17221,2421,Transfer,311.61,5/8/2024,Spring
17221,17222,1040,Deposit,179.84,5/25/2024,Spring
17222,17223,2183,Payment,6299.36,6/12/2023,Summer
17223,17224,4798,Withdrawal,3258.1,8/30/2023,Summer
17224,17225,590,Deposit,4118.37,7/19/2023,Summer
17225,17226,2918,Payment,2165.18,2/22/2024,Winter
17226,17227,2061,Withdrawal,4468.19,3/30/2024,Spring
17227,17228,3096,Payment,9676.26,9/16/2022,Fall
17228,17229,4500,Transfer,5935.29,8/7/2023,Summer
17229,17230,3259,Deposit,3359.05,3/31/2024,Spring
17230,17231,1412,Transfer,4099.86,4/14/2025,Spring
17231,17232,3111,Transfer,5797.42,5/8/2025,Spring
17232,17233,2158,Deposit,1845.89,1/25/2024,Winter
17233,17234,2003,Transfer,5785.77,4/30/2023,Spring
17234,17235,974,Withdrawal,3509.48,10/16/2022,Fall
17235,17236,2140,Withdrawal,1029.36,4/2/2023,Spring
17236,17237,1606,Transfer,8557.49,10/6/2023,Fall
17237,17238,1716,Transfer,9725.59,12/23/2024,Winter
17238,17239,1543,Payment,223.27,12/3/2023,Winter
17239,17240,2969,Deposit,4886.76,11/10/2024,Fall
17240,17241,4217,Transfer,9607.71,8/26/2024,Summer
17241,17242,498,Payment,9781.28,8/22/2022,Summer
17242,17243,202,Deposit,3560.91,6/6/2024,Summer
17243,17244,3184,Deposit,8615.89,12/31/2022,Winter
17244,17245,3444,Transfer,3303.88,10/31/2024,Fall
17245,17246,759,Deposit,2740.9,11/17/2024,Fall
17246,17247,1236,Payment,4008.06,5/30/2024,Spring
17247,17248,2085,Transfer,8806.37,8/22/2024,Summer
17248,17249,4244,Transfer,5881.22,12/12/2022,Winter
17249,17250,4006,Payment,1433.03,9/19/2022,Fall
17250,17251,2926,Payment,1798.67,5/25/2022,Spring
17251,17252,4867,Payment,9138.39,3/30/2024,Spring
17252,17253,3491,Deposit,1244.23,3/21/2024,Spring
17253,17254,3642,Transfer,3864.01,11/8/2022,Fall
17254,17255,59,Deposit,3822.31,6/26/2024,Summer
17255,17256,2004,Payment,59.09,5/29/2024,Spring
17256,17257,1662,Transfer,5659.48,4/29/2023,Spring
17257,17258,273,Payment,6322.98,10/13/2023,Fall
17258,17259,2010,Transfer,2401.94,10/29/2023,Fall
17259,17260,3893,Payment,3758.48,6/16/2022,Summer
17260,17261,1460,Withdrawal,4708.07,5/5/2024,Spring
17261,17262,1390,Deposit,2390.04,8/5/2024,Summer
17262,17263,168,Withdrawal,5242.66,10/9/2024,Fall
17263,17264,95,Transfer,4673.24,11/27/2022,Fall
17264,17265,220,Payment,7895.57,2/2/2025,Winter
17265,17266,497,Transfer,988.75,12/21/2023,Winter
17266,17267,4992,Deposit,5281.36,8/12/2024,Summer
17267,17268,3808,Transfer,9472.93,2/23/2024,Winter
17268,17269,1620,Withdrawal,2267.17,6/13/2024,Summer
17269,17270,4041,Payment,4821.77,5/25/2023,Spring
17270,17271,615,Payment,2328.51,1/19/2023,Winter
17271,17272,3490,Transfer,2413.74,7/3/2023,Summer
17272,17273,2845,Transfer,1653.51,7/16/2023,Summer
17273,17274,2703,Withdrawal,3708.86,4/26/2023,Spring
17274,17275,1417,Transfer,7835.75,11/6/2024,Fall
17275,17276,3144,Deposit,2945.96,8/27/2022,Summer
17276,17277,531,Transfer,409.32,9/10/2024,Fall
17277,17278,1468,Deposit,7466.65,12/15/2023,Winter
17278,17279,4216,Transfer,2909.01,8/12/2024,Summer
17279,17280,4964,Withdrawal,8824.79,3/1/2024,Spring
17280,17281,1169,Withdrawal,2646.6,3/25/2024,Spring
17281,17282,2203,Deposit,4411.22,4/1/2025,Spring
17282,17283,2675,Withdrawal,6856.54,4/16/2025,Spring
17283,17284,3495,Withdrawal,6561.17,8/21/2022,Summer
17284,17285,3917,Withdrawal,1746.44,6/13/2022,Summer
17285,17286,1093,Payment,7110.72,10/26/2022,Fall
17286,17287,1743,Payment,6851.89,2/26/2023,Winter
17287,17288,4042,Payment,4754.6,4/14/2023,Spring
17288,17289,2398,Withdrawal,7185.36,6/28/2024,Summer
17289,17290,2667,Transfer,8624.19,6/2/2024,Summer
17290,17291,1624,Transfer,4938.07,9/10/2023,Fall
17291,17292,4790,Payment,2640.99,1/14/2024,Winter
17292,17293,3794,Payment,2674.84,7/23/2022,Summer
17293,17294,4237,Deposit,923.56,8/2/2024,Summer
17294,17295,195,Deposit,1615.83,11/18/2023,Fall
17295,17296,166,Transfer,3451.66,2/6/2025,Winter
17296,17297,4990,Transfer,3750.89,3/13/2023,Spring
17297,17298,1125,Deposit,203.85,12/1/2022,Winter
17298,17299,1517,Withdrawal,6783.43,12/10/2022,Winter
17299,17300,550,Transfer,4331.84,11/22/2024,Fall
17300,17301,141,Payment,1700.26,5/21/2023,Spring
17301,17302,3616,Payment,9983.76,3/26/2024,Spring
17302,17303,2061,Deposit,2198.27,7/10/2024,Summer
17303,17304,893,Payment,7688.07,3/29/2025,Spring
17304,17305,2072,Transfer,5092.99,11/9/2022,Fall
17305,17306,3565,Transfer,6608.02,5/6/2024,Spring
17306,17307,947,Deposit,6931.02,2/28/2025,Winter
17307,17308,2762,Payment,4053.3,12/11/2024,Winter
17308,17309,4467,Deposit,2249.36,7/30/2022,Summer
17309,17310,2898,Transfer,2118.03,7/7/2023,Summer
17310,17311,3463,Payment,4239.97,2/26/2023,Winter
17311,17312,1341,Deposit,5477.2,5/17/2022,Spring
17312,17313,2467,Transfer,461.44,6/9/2022,Summer
17313,17314,837,Payment,374.02,6/9/2023,Summer
17314,17315,582,Payment,3259.93,6/12/2023,Summer
17315,17316,3474,Transfer,2364.94,3/2/2023,Spring
17316,17317,4452,Payment,6011.53,8/24/2023,Summer
17317,17318,2100,Transfer,1163.81,3/22/2024,Spring
17318,17319,844,Payment,1200.67,7/18/2024,Summer
17319,17320,440,Transfer,6955.28,10/18/2024,Fall
17320,17321,4497,Transfer,4417.2,12/16/2023,Winter
17321,17322,2739,Transfer,3680.87,7/22/2024,Summer
17322,17323,3623,Transfer,5844.58,4/26/2023,Spring
17323,17324,2570,Transfer,6776.86,4/8/2024,Spring
17324,17325,1705,Deposit,8519.04,9/6/2022,Fall
17325,17326,3659,Payment,923.6,10/15/2023,Fall
17326,17327,950,Transfer,3120.57,12/21/2024,Winter
17327,17328,3653,Transfer,6865.97,2/10/2025,Winter
17328,17329,1988,Deposit,5978.19,7/14/2024,Summer
17329,17330,1295,Transfer,853.7,5/17/2023,Spring
17330,17331,3340,Deposit,7383.5,8/19/2022,Summer
17331,17332,3583,Payment,7116.81,2/7/2023,Winter
17332,17333,4611,Payment,388.52,1/22/2023,Winter
17333,17334,1960,Transfer,2285.05,5/5/2024,Spring
17334,17335,4708,Deposit,290.71,12/15/2022,Winter
17335,17336,4613,Deposit,3839.1,3/4/2023,Spring
17336,17337,4767,Payment,6518.68,8/12/2024,Summer
17337,17338,3274,Transfer,3938.83,8/27/2023,Summer
17338,17339,4892,Transfer,1447.61,2/5/2023,Winter
17339,17340,1157,Withdrawal,5835.03,7/16/2024,Summer
17340,17341,4522,Withdrawal,1343.78,9/11/2023,Fall
17341,17342,845,Withdrawal,6739.05,10/7/2024,Fall
17342,17343,4887,Transfer,3296.63,11/14/2023,Fall
17343,17344,3802,Transfer,341.25,3/4/2024,Spring
17344,17345,1024,Transfer,9304.53,11/28/2023,Fall
17345,17346,2894,Payment,3069.75,8/28/2023,Summer
17346,17347,3767,Transfer,6536.86,7/12/2022,Summer
17347,17348,2605,Withdrawal,6772.38,3/3/2023,Spring
17348,17349,3314,Transfer,5008.7,6/12/2024,Summer
17349,17350,3898,Transfer,2920.19,6/6/2022,Summer
17350,17351,2580,Payment,1299.1,1/17/2025,Winter
17351,17352,1319,Withdrawal,7191.59,2/15/2024,Winter
17352,17353,1616,Payment,3705.54,1/1/2025,Winter
17353,17354,3605,Deposit,790.34,12/16/2023,Winter
17354,17355,3620,Payment,4217.14,5/4/2025,Spring
17355,17356,1633,Payment,8858.29,9/15/2022,Fall
17356,17357,4245,Transfer,352.81,1/1/2025,Winter
17357,17358,975,Payment,1011.15,5/1/2025,Spring
17358,17359,1889,Withdrawal,2342.29,1/22/2023,Winter
17359,17360,1033,Payment,5730.69,1/11/2024,Winter
17360,17361,888,Deposit,9044.63,5/29/2023,Spring
17361,17362,2531,Payment,3780.22,11/18/2023,Fall
17362,17363,260,Deposit,7362.35,7/28/2023,Summer
17363,17364,772,Payment,9402.14,7/2/2024,Summer
17364,17365,1122,Withdrawal,7480.97,9/17/2024,Fall
17365,17366,1926,Transfer,209.36,3/18/2025,Spring
17366,17367,1317,Withdrawal,950.24,1/8/2024,Winter
17367,17368,1680,Payment,6701.01,3/5/2024,Spring
17368,17369,3614,Withdrawal,5751.31,7/20/2022,Summer
17369,17370,736,Withdrawal,7787.95,6/12/2023,Summer
17370,17371,2817,Payment,8317.32,5/18/2022,Spring
17371,17372,85,Transfer,6462.6,9/4/2023,Fall
17372,17373,4347,Withdrawal,9826.05,5/9/2025,Spring
17373,17374,2384,Payment,7355.07,9/14/2024,Fall
17374,17375,3704,Deposit,3192.87,7/4/2022,Summer
17375,17376,66,Payment,8580.79,9/22/2023,Fall
17376,17377,2288,Payment,3141.48,3/15/2025,Spring
17377,17378,2384,Withdrawal,9855.41,4/6/2024,Spring
17378,17379,324,Transfer,8411.76,5/28/2023,Spring
17379,17380,714,Transfer,8230.15,1/26/2025,Winter
17380,17381,3081,Deposit,7047.66,2/23/2023,Winter
17381,17382,4211,Payment,8059.28,11/12/2022,Fall
17382,17383,166,Transfer,6114.56,12/22/2024,Winter
17383,17384,4875,Transfer,1606.8,8/14/2024,Summer
17384,17385,2120,Deposit,3514.98,8/29/2022,Summer
17385,17386,3754,Payment,7055.04,10/26/2024,Fall
17386,17387,2659,Withdrawal,6872.83,5/7/2025,Spring
17387,17388,2497,Transfer,3143.18,12/28/2023,Winter
17388,17389,2374,Withdrawal,8810.43,8/6/2024,Summer
17389,17390,3030,Withdrawal,194.6,2/19/2025,Winter
17390,17391,2286,Payment,7710.63,1/7/2024,Winter
17391,17392,2727,Transfer,8479.8,8/1/2023,Summer
17392,17393,1869,Withdrawal,9930.28,10/4/2024,Fall
17393,17394,1402,Deposit,4056.91,6/24/2024,Summer
17394,17395,2095,Payment,6775.32,8/2/2023,Summer
17395,17396,3049,Withdrawal,5792.63,8/25/2024,Summer
17396,17397,2403,Withdrawal,3166.51,3/16/2025,Spring
17397,17398,622,Transfer,2224.91,7/9/2022,Summer
17398,17399,909,Deposit,9163.62,6/28/2023,Summer
17399,17400,2854,Payment,1395.8,5/11/2023,Spring
17400,17401,803,Withdrawal,9215.09,3/8/2024,Spring
17401,17402,1644,Withdrawal,8613.75,11/26/2024,Fall
17402,17403,3966,Transfer,1149.18,1/9/2023,Winter
17403,17404,4404,Deposit,5661.53,2/28/2023,Winter
17404,17405,243,Payment,8549.05,1/30/2023,Winter
17405,17406,161,Payment,2106.52,9/29/2022,Fall
17406,17407,3858,Withdrawal,1414.03,6/23/2023,Summer
17407,17408,1216,Payment,1001.49,7/30/2022,Summer
17408,17409,2426,Deposit,3966.94,9/12/2023,Fall
17409,17410,1362,Transfer,6365.11,7/9/2024,Summer
17410,17411,1247,Payment,3702.51,5/18/2023,Spring
17411,17412,2010,Withdrawal,5604.26,10/22/2022,Fall
17412,17413,153,Withdrawal,2997.43,10/12/2023,Fall
17413,17414,3881,Payment,3058.48,4/14/2024,Spring
17414,17415,1858,Transfer,6425.85,11/3/2022,Fall
17415,17416,2003,Transfer,5401.66,3/23/2023,Spring
17416,17417,2466,Transfer,3374.02,12/20/2022,Winter
17417,17418,98,Payment,3679.09,12/26/2022,Winter
17418,17419,1854,Transfer,1854.35,6/11/2022,Summer
17419,17420,4743,Transfer,4468.23,3/3/2023,Spring
17420,17421,1805,Transfer,89.01,7/12/2022,Summer
17421,17422,2634,Transfer,821.75,4/17/2025,Spring
17422,17423,2129,Transfer,9057.84,2/16/2024,Winter
17423,17424,287,Withdrawal,440.99,6/20/2022,Summer
17424,17425,1734,Deposit,8970.12,1/26/2025,Winter
17425,17426,2099,Payment,3871.53,11/27/2024,Fall
17426,17427,539,Payment,9751.03,4/6/2025,Spring
17427,17428,1503,Deposit,819.16,12/30/2022,Winter
17428,17429,1623,Transfer,5405.4,11/27/2022,Fall
17429,17430,1366,Transfer,6007.78,12/28/2023,Winter
17430,17431,3017,Deposit,5208.38,7/18/2023,Summer
17431,17432,3585,Withdrawal,1027.12,7/22/2023,Summer
17432,17433,2386,Transfer,4563.4,2/20/2024,Winter
17433,17434,1352,Withdrawal,7052.74,8/19/2023,Summer
17434,17435,874,Deposit,6674.6,4/24/2025,Spring
17435,17436,4541,Deposit,1321.72,11/26/2024,Fall
17436,17437,3263,Transfer,8410.46,7/24/2022,Summer
17437,17438,661,Payment,5574.79,12/24/2023,Winter
17438,17439,1278,Deposit,6522.98,5/3/2025,Spring
17439,17440,2685,Transfer,1107.13,12/20/2022,Winter
17440,17441,645,Transfer,4157.91,6/16/2024,Summer
17441,17442,3050,Withdrawal,6213.8,10/7/2024,Fall
17442,17443,826,Withdrawal,6508.82,2/3/2025,Winter
17443,17444,2006,Payment,4884.51,8/20/2023,Summer
17444,17445,2552,Deposit,3897.99,1/18/2023,Winter
17445,17446,3042,Transfer,6814.49,7/8/2024,Summer
17446,17447,550,Withdrawal,1007.06,1/11/2025,Winter
17447,17448,443,Deposit,9207.07,7/20/2024,Summer
17448,17449,2674,Withdrawal,3833.5,4/8/2023,Spring
17449,17450,2329,Deposit,6628.26,10/8/2023,Fall
17450,17451,4315,Payment,6299.01,9/19/2023,Fall
17451,17452,1063,Withdrawal,5974.52,3/2/2025,Spring
17452,17453,347,Deposit,8484.49,5/18/2022,Spring
17453,17454,1376,Deposit,9190.9,5/31/2023,Spring
17454,17455,1442,Deposit,4597.64,12/25/2024,Winter
17455,17456,4655,Deposit,3856.28,5/16/2022,Spring
17456,17457,1173,Transfer,5458.25,6/30/2022,Summer
17457,17458,5000,Deposit,7539.87,1/6/2023,Winter
17458,17459,1484,Payment,4711.98,4/21/2024,Spring
17459,17460,3931,Deposit,6047.65,2/3/2023,Winter
17460,17461,1785,Withdrawal,5729.9,1/11/2024,Winter
17461,17462,4949,Deposit,5799.64,12/9/2024,Winter
17462,17463,1258,Withdrawal,700.93,8/8/2023,Summer
17463,17464,229,Payment,3223.14,9/13/2023,Fall
17464,17465,1284,Payment,9307.82,8/25/2024,Summer
17465,17466,1617,Payment,9407.56,2/18/2025,Winter
17466,17467,4348,Payment,3427.1,1/8/2025,Winter
17467,17468,175,Deposit,3337.49,3/16/2025,Spring
17468,17469,3688,Payment,5896.98,7/5/2024,Summer
17469,17470,1645,Transfer,8623.96,4/19/2025,Spring
17470,17471,2110,Transfer,8027.49,2/25/2024,Winter
17471,17472,1697,Deposit,6155.97,3/11/2025,Spring
17472,17473,851,Deposit,7457.62,2/27/2025,Winter
17473,17474,776,Payment,2950.14,6/7/2024,Summer
17474,17475,1690,Transfer,7745.52,9/14/2022,Fall
17475,17476,2763,Payment,4686.81,1/4/2025,Winter
17476,17477,4866,Deposit,6095.84,2/19/2025,Winter
17477,17478,2910,Payment,4331.03,3/9/2024,Spring
17478,17479,693,Deposit,3133.54,7/11/2023,Summer
17479,17480,3264,Transfer,2301.03,2/10/2024,Winter
17480,17481,1427,Deposit,3247.09,5/6/2025,Spring
17481,17482,2902,Transfer,7349.73,3/7/2024,Spring
17482,17483,2435,Deposit,4733.45,1/20/2025,Winter
17483,17484,742,Deposit,6547.31,8/16/2022,Summer
17484,17485,954,Transfer,390.7,10/26/2023,Fall
17485,17486,3386,Withdrawal,4147.71,5/5/2025,Spring
17486,17487,4742,Deposit,8714.49,10/15/2022,Fall
17487,17488,4264,Deposit,4883.73,12/5/2023,Winter
17488,17489,38,Payment,4515.84,10/25/2024,Fall
17489,17490,1855,Deposit,7326.97,6/4/2024,Summer
17490,17491,3062,Withdrawal,763.6,4/7/2024,Spring
17491,17492,3246,Payment,828.5,8/22/2023,Summer
17492,17493,1794,Deposit,3478.84,3/24/2025,Spring
17493,17494,132,Transfer,7046.25,6/7/2022,Summer
17494,17495,2310,Payment,9091.66,7/31/2023,Summer
17495,17496,1211,Deposit,6998.15,5/17/2024,Spring
17496,17497,1961,Transfer,1230.24,3/21/2024,Spring
17497,17498,1981,Payment,1517.72,6/29/2024,Summer
17498,17499,847,Deposit,5561.32,11/14/2023,Fall
17499,17500,4711,Deposit,3413.08,6/24/2023,Summer
17500,17501,3768,Deposit,8997.04,11/4/2024,Fall
17501,17502,4326,Transfer,522.04,7/17/2024,Summer
17502,17503,4110,Withdrawal,4164.26,2/27/2023,Winter
17503,17504,1701,Payment,9501.65,1/21/2023,Winter
17504,17505,902,Transfer,3240.88,11/18/2022,Fall
17505,17506,1428,Withdrawal,5496.38,8/31/2023,Summer
17506,17507,4855,Transfer,1259.45,10/17/2023,Fall
17507,17508,1645,Withdrawal,302.09,3/7/2023,Spring
17508,17509,3116,Deposit,5773.83,10/16/2022,Fall
17509,17510,3163,Transfer,4610.67,1/9/2023,Winter
17510,17511,2869,Withdrawal,3917.64,9/7/2024,Fall
17511,17512,1797,Withdrawal,955.44,5/24/2022,Spring
17512,17513,4168,Withdrawal,9865.25,1/3/2025,Winter
17513,17514,4652,Payment,6022.56,3/21/2024,Spring
17514,17515,4770,Payment,4873.82,7/19/2022,Summer
17515,17516,3311,Withdrawal,2012.35,11/15/2023,Fall
17516,17517,3674,Deposit,5682.75,8/17/2023,Summer
17517,17518,3201,Deposit,4195.93,12/6/2022,Winter
17518,17519,4625,Payment,1589.07,4/25/2025,Spring
17519,17520,4906,Transfer,5122.08,4/19/2024,Spring
17520,17521,2693,Transfer,494.49,9/14/2022,Fall
17521,17522,396,Deposit,6430.11,12/20/2023,Winter
17522,17523,4394,Deposit,6509.71,2/10/2025,Winter
17523,17524,4576,Withdrawal,5797.24,8/18/2024,Summer
17524,17525,3880,Deposit,7631.18,1/19/2023,Winter
17525,17526,4179,Deposit,6226.78,8/15/2023,Summer
17526,17527,2565,Transfer,7299.06,3/26/2024,Spring
17527,17528,3505,Transfer,5946.8,3/26/2025,Spring
17528,17529,3215,Payment,7093.92,12/1/2023,Winter
17529,17530,1388,Payment,7586.56,5/16/2024,Spring
17530,17531,3422,Withdrawal,9352.86,8/17/2024,Summer
17531,17532,3294,Payment,5236.96,5/21/2024,Spring
17532,17533,904,Withdrawal,2513.98,8/24/2024,Summer
17533,17534,971,Deposit,1870.43,6/17/2022,Summer
17534,17535,1668,Withdrawal,2764.22,5/25/2023,Spring
17535,17536,31,Transfer,3412.83,7/8/2024,Summer
17536,17537,2943,Payment,3562.1,5/31/2022,Spring
17537,17538,3621,Withdrawal,3239.91,4/20/2025,Spring
17538,17539,2654,Payment,4421.16,8/25/2023,Summer
17539,17540,2557,Transfer,7892.29,7/1/2022,Summer
17540,17541,2290,Payment,3982.39,4/14/2025,Spring
17541,17542,1062,Transfer,1826.7,3/11/2025,Spring
17542,17543,712,Withdrawal,1648.88,11/8/2023,Fall
17543,17544,626,Withdrawal,9583.92,4/13/2024,Spring
17544,17545,2320,Withdrawal,3927.59,7/17/2023,Summer
17545,17546,4586,Withdrawal,2525.47,5/27/2022,Spring
17546,17547,2429,Withdrawal,4091.07,1/12/2024,Winter
17547,17548,3384,Deposit,9988.7,10/17/2022,Fall
17548,17549,1913,Withdrawal,36.08,3/20/2025,Spring
17549,17550,894,Withdrawal,9760.99,4/7/2023,Spring
17550,17551,1921,Payment,8979.2,7/15/2023,Summer
17551,17552,4434,Payment,4944.3,7/1/2022,Summer
17552,17553,1833,Deposit,7468.41,4/11/2025,Spring
17553,17554,848,Withdrawal,2758.4,1/7/2023,Winter
17554,17555,1644,Withdrawal,6170.3,5/26/2024,Spring
17555,17556,670,Transfer,7561.44,10/19/2024,Fall
17556,17557,2713,Payment,2259.16,9/17/2024,Fall
17557,17558,2727,Deposit,5524.39,9/4/2024,Fall
17558,17559,4515,Payment,208.83,8/3/2022,Summer
17559,17560,496,Withdrawal,7637.64,11/1/2023,Fall
17560,17561,4235,Payment,822.44,2/16/2023,Winter
17561,17562,34,Deposit,8407.43,4/27/2024,Spring
17562,17563,3476,Deposit,8481.29,3/18/2023,Spring
17563,17564,3998,Deposit,2070.26,4/4/2023,Spring
17564,17565,4666,Payment,622.07,10/15/2024,Fall
17565,17566,2302,Transfer,9102.63,8/30/2024,Summer
17566,17567,4082,Deposit,3275.88,7/7/2023,Summer
17567,17568,1323,Withdrawal,7466.85,5/22/2024,Spring
17568,17569,2108,Payment,8687.56,1/5/2024,Winter
17569,17570,2465,Withdrawal,5924.92,7/30/2022,Summer
17570,17571,35,Transfer,3664.53,4/25/2025,Spring
17571,17572,4021,Payment,8824.4,9/2/2024,Fall
17572,17573,3253,Payment,6374.98,8/1/2023,Summer
17573,17574,3964,Withdrawal,6990.49,11/21/2022,Fall
17574,17575,2763,Transfer,3765.07,5/4/2023,Spring
17575,17576,1424,Payment,473.87,4/29/2024,Spring
17576,17577,1534,Transfer,3445.17,7/22/2024,Summer
17577,17578,2388,Withdrawal,9146.39,7/3/2024,Summer
17578,17579,1765,Transfer,4519.15,4/7/2024,Spring
17579,17580,3709,Deposit,7832.39,6/17/2022,Summer
17580,17581,4035,Withdrawal,6840.34,4/14/2024,Spring
17581,17582,2249,Payment,5819.73,4/5/2024,Spring
17582,17583,1779,Withdrawal,1252.83,12/16/2024,Winter
17583,17584,3970,Transfer,4243.58,3/12/2023,Spring
17584,17585,325,Withdrawal,6606.68,2/23/2025,Winter
17585,17586,2874,Payment,2272.65,5/6/2023,Spring
17586,17587,3126,Payment,2471.23,11/28/2022,Fall
17587,17588,4215,Payment,8331.02,6/3/2024,Summer
17588,17589,2445,Deposit,7641.39,12/11/2023,Winter
17589,17590,3529,Transfer,9883.56,12/5/2023,Winter
17590,17591,3098,Payment,1896.5,2/28/2024,Winter
17591,17592,220,Deposit,9481.38,12/1/2022,Winter
17592,17593,4532,Deposit,470.05,7/15/2023,Summer
17593,17594,2050,Withdrawal,9213.51,3/7/2023,Spring
17594,17595,467,Deposit,4241.77,2/14/2023,Winter
17595,17596,4441,Payment,7166.82,4/21/2024,Spring
17596,17597,3642,Transfer,9300.88,8/11/2023,Summer
17597,17598,1878,Payment,2283.16,7/24/2022,Summer
17598,17599,4467,Deposit,4297,2/26/2025,Winter
17599,17600,4719,Withdrawal,6990.56,12/7/2022,Winter
17600,17601,3841,Payment,9016.42,4/4/2024,Spring
17601,17602,2891,Withdrawal,6233.14,1/16/2024,Winter
17602,17603,2905,Payment,8573.8,2/14/2023,Winter
17603,17604,3117,Payment,1097.59,12/27/2023,Winter
17604,17605,149,Withdrawal,5454.81,7/14/2023,Summer
17605,17606,342,Transfer,8285.4,11/6/2024,Fall
17606,17607,3414,Payment,65.81,9/10/2023,Fall
17607,17608,301,Transfer,6702.79,4/28/2023,Spring
17608,17609,4604,Payment,4592.68,9/26/2024,Fall
17609,17610,4950,Transfer,7373.65,1/25/2025,Winter
17610,17611,3762,Payment,6708.39,9/22/2022,Fall
17611,17612,4801,Payment,5703.86,2/5/2024,Winter
17612,17613,3651,Payment,1566.85,10/21/2022,Fall
17613,17614,1072,Withdrawal,2398.25,2/24/2024,Winter
17614,17615,2251,Transfer,308.11,11/28/2022,Fall
17615,17616,572,Withdrawal,2060.76,8/19/2024,Summer
17616,17617,1976,Transfer,9593.99,5/23/2022,Spring
17617,17618,1833,Deposit,6481.2,4/27/2025,Spring
17618,17619,3062,Withdrawal,7388.84,7/3/2024,Summer
17619,17620,3996,Transfer,8419.59,5/30/2022,Spring
17620,17621,4900,Withdrawal,594.7,12/23/2022,Winter
17621,17622,4857,Payment,337.83,10/19/2022,Fall
17622,17623,1412,Withdrawal,6605.15,9/21/2023,Fall
17623,17624,1724,Payment,9056.62,8/7/2024,Summer
17624,17625,3549,Withdrawal,824.27,4/20/2023,Spring
17625,17626,1770,Transfer,3601.29,4/26/2024,Spring
17626,17627,823,Payment,8718.83,5/26/2023,Spring
17627,17628,2407,Deposit,1855.96,6/10/2023,Summer
17628,17629,1214,Transfer,1701.59,10/26/2023,Fall
17629,17630,4942,Deposit,3206.66,12/11/2023,Winter
17630,17631,3481,Deposit,9220.51,8/29/2024,Summer
17631,17632,622,Deposit,2140.81,6/29/2022,Summer
17632,17633,3109,Payment,2507.33,8/6/2024,Summer
17633,17634,4318,Deposit,9039.61,10/15/2023,Fall
17634,17635,2402,Transfer,1370.82,11/25/2023,Fall
17635,17636,1517,Deposit,7179.6,11/2/2023,Fall
17636,17637,4477,Withdrawal,3985.15,3/10/2024,Spring
17637,17638,1041,Payment,7461.81,8/6/2024,Summer
17638,17639,2048,Transfer,7536.42,11/25/2024,Fall
17639,17640,563,Transfer,9613.75,9/25/2022,Fall
17640,17641,4173,Deposit,5071.79,4/5/2023,Spring
17641,17642,4355,Withdrawal,5645.12,1/23/2024,Winter
17642,17643,764,Withdrawal,197.78,12/2/2023,Winter
17643,17644,1382,Withdrawal,1178.24,5/15/2022,Spring
17644,17645,1170,Withdrawal,1278.53,11/15/2022,Fall
17645,17646,1812,Withdrawal,746.71,4/19/2023,Spring
17646,17647,669,Transfer,5139.02,1/23/2023,Winter
17647,17648,4681,Payment,299.79,7/17/2022,Summer
17648,17649,1343,Deposit,3295.26,12/25/2024,Winter
17649,17650,4442,Deposit,354.42,11/18/2022,Fall
17650,17651,4546,Deposit,237.04,2/22/2025,Winter
17651,17652,244,Payment,3873.79,3/23/2024,Spring
17652,17653,4762,Transfer,4903.97,5/11/2023,Spring
17653,17654,661,Withdrawal,5395.28,1/14/2024,Winter
17654,17655,1292,Transfer,3019.8,12/15/2022,Winter
17655,17656,2451,Withdrawal,9972.45,6/14/2022,Summer
17656,17657,1112,Withdrawal,3744.03,5/14/2023,Spring
17657,17658,4865,Withdrawal,3717.98,11/13/2024,Fall
17658,17659,336,Deposit,3834.8,7/22/2022,Summer
17659,17660,2991,Payment,4310.15,5/15/2022,Spring
17660,17661,4307,Withdrawal,5974.76,11/21/2022,Fall
17661,17662,3986,Deposit,7017.94,6/7/2023,Summer
17662,17663,2276,Payment,4176.75,4/28/2025,Spring
17663,17664,3784,Deposit,9287.28,2/6/2025,Winter
17664,17665,4120,Transfer,7047.22,1/20/2024,Winter
17665,17666,4974,Payment,436.4,12/28/2023,Winter
17666,17667,4397,Payment,3332.23,11/12/2023,Fall
17667,17668,3827,Withdrawal,610.69,5/29/2023,Spring
17668,17669,405,Transfer,8139.9,7/12/2024,Summer
17669,17670,2036,Deposit,1520.27,6/5/2024,Summer
17670,17671,3731,Transfer,8591.27,3/20/2024,Spring
17671,17672,2810,Transfer,6533.02,8/12/2022,Summer
17672,17673,2882,Deposit,274.06,4/18/2024,Spring
17673,17674,3134,Payment,8398.18,11/7/2023,Fall
17674,17675,2240,Transfer,4659.4,4/3/2025,Spring
17675,17676,929,Transfer,5004.76,4/14/2025,Spring
17676,17677,3534,Withdrawal,5480.67,5/8/2024,Spring
17677,17678,4349,Payment,2885.82,12/19/2024,Winter
17678,17679,1891,Withdrawal,2049.3,5/27/2022,Spring
17679,17680,3399,Payment,8308.03,3/2/2023,Spring
17680,17681,3348,Withdrawal,1696.89,4/11/2025,Spring
17681,17682,3208,Withdrawal,7819.17,12/28/2023,Winter
17682,17683,3168,Withdrawal,3410.09,4/18/2023,Spring
17683,17684,2597,Deposit,573.56,2/10/2025,Winter
17684,17685,4452,Withdrawal,9343.03,9/2/2024,Fall
17685,17686,82,Deposit,2430.31,12/7/2022,Winter
17686,17687,1366,Withdrawal,5262.37,4/21/2023,Spring
17687,17688,459,Withdrawal,7145.95,1/4/2024,Winter
17688,17689,850,Payment,7178.66,9/26/2023,Fall
17689,17690,3408,Withdrawal,9650.77,11/14/2022,Fall
17690,17691,102,Transfer,7558.15,4/10/2025,Spring
17691,17692,1962,Deposit,1219.68,12/4/2023,Winter
17692,17693,3389,Payment,8009.7,1/9/2025,Winter
17693,17694,1830,Deposit,434.11,2/15/2023,Winter
17694,17695,4652,Withdrawal,9247.57,2/10/2024,Winter
17695,17696,3397,Deposit,6346.26,1/11/2024,Winter
17696,17697,4905,Withdrawal,6355.93,3/21/2025,Spring
17697,17698,1730,Payment,9147.45,12/24/2023,Winter
17698,17699,813,Withdrawal,8477.81,7/24/2023,Summer
17699,17700,3343,Transfer,5750.99,4/30/2024,Spring
17700,17701,1570,Withdrawal,925.36,7/5/2024,Summer
17701,17702,4351,Withdrawal,4273.58,3/19/2023,Spring
17702,17703,1730,Deposit,5159.62,7/10/2022,Summer
17703,17704,305,Payment,1795.93,6/24/2022,Summer
17704,17705,2977,Withdrawal,2094.62,1/22/2024,Winter
17705,17706,242,Transfer,8819.5,2/14/2024,Winter
17706,17707,3336,Transfer,1442.24,4/10/2025,Spring
17707,17708,4531,Payment,5587.42,4/10/2023,Spring
17708,17709,3318,Transfer,9849.84,7/30/2024,Summer
17709,17710,3758,Withdrawal,769.96,8/3/2024,Summer
17710,17711,4655,Withdrawal,2761.23,5/7/2025,Spring
17711,17712,2522,Payment,1582.92,7/22/2023,Summer
17712,17713,3347,Payment,461.93,9/29/2022,Fall
17713,17714,4719,Transfer,4424.56,5/31/2024,Spring
17714,17715,3049,Withdrawal,663.66,11/24/2024,Fall
17715,17716,401,Payment,6918.51,2/2/2025,Winter
17716,17717,1483,Withdrawal,8646.56,1/19/2025,Winter
17717,17718,385,Withdrawal,1100.71,1/24/2025,Winter
17718,17719,1950,Withdrawal,7938.85,9/10/2022,Fall
17719,17720,2706,Deposit,643.77,7/6/2024,Summer
17720,17721,3655,Withdrawal,8439.2,4/22/2025,Spring
17721,17722,3571,Withdrawal,6732.61,4/27/2024,Spring
17722,17723,3401,Transfer,781.89,12/6/2024,Winter
17723,17724,2037,Deposit,2137.94,7/28/2024,Summer
17724,17725,105,Withdrawal,7752.88,9/19/2022,Fall
17725,17726,88,Withdrawal,7098.89,9/26/2022,Fall
17726,17727,890,Payment,8334.92,5/31/2023,Spring
17727,17728,4259,Payment,2688.59,11/10/2024,Fall
17728,17729,4854,Transfer,6336.97,8/14/2022,Summer
17729,17730,931,Withdrawal,2714.14,9/24/2023,Fall
17730,17731,3330,Deposit,9421.99,9/24/2023,Fall
17731,17732,2662,Withdrawal,5802.73,10/28/2024,Fall
17732,17733,2984,Withdrawal,783.37,9/22/2022,Fall
17733,17734,159,Payment,1184.5,11/7/2023,Fall
17734,17735,844,Payment,9883.32,2/23/2023,Winter
17735,17736,3249,Payment,4469.8,5/31/2024,Spring
17736,17737,1854,Withdrawal,5514.02,5/27/2022,Spring
17737,17738,2238,Withdrawal,137.99,11/8/2022,Fall
17738,17739,2588,Transfer,3294.75,11/8/2024,Fall
17739,17740,4486,Payment,6201.1,4/7/2023,Spring
17740,17741,2809,Transfer,3730.2,12/26/2024,Winter
17741,17742,1504,Withdrawal,1748.61,10/20/2024,Fall
17742,17743,2495,Payment,4240.54,9/12/2022,Fall
17743,17744,4814,Transfer,948.23,3/9/2024,Spring
17744,17745,2660,Withdrawal,3803.82,10/22/2023,Fall
17745,17746,3825,Payment,5508.01,11/28/2022,Fall
17746,17747,3428,Transfer,7926.56,3/11/2024,Spring
17747,17748,3004,Transfer,2869.2,11/10/2023,Fall
17748,17749,3232,Transfer,4779.01,9/26/2023,Fall
17749,17750,3571,Payment,6338.15,1/13/2023,Winter
17750,17751,2880,Payment,8880.2,5/11/2025,Spring
17751,17752,1977,Deposit,7579.44,8/16/2022,Summer
17752,17753,1424,Withdrawal,2455.97,7/14/2023,Summer
17753,17754,4930,Deposit,9006.34,9/19/2024,Fall
17754,17755,734,Withdrawal,6275.12,3/12/2025,Spring
17755,17756,1559,Transfer,1778.39,2/27/2023,Winter
17756,17757,3193,Transfer,8589.7,12/24/2024,Winter
17757,17758,702,Transfer,2742.71,1/15/2024,Winter
17758,17759,3327,Deposit,9511.84,9/18/2024,Fall
17759,17760,3064,Payment,1993.63,3/17/2023,Spring
17760,17761,1650,Deposit,7118.68,12/22/2023,Winter
17761,17762,557,Deposit,4962.36,4/15/2025,Spring
17762,17763,2717,Transfer,5758.72,6/5/2024,Summer
17763,17764,2184,Transfer,9655.21,11/14/2022,Fall
17764,17765,465,Deposit,2867.8,7/17/2024,Summer
17765,17766,428,Withdrawal,508.77,11/14/2024,Fall
17766,17767,2526,Deposit,9088.04,7/13/2023,Summer
17767,17768,707,Payment,123.92,2/10/2024,Winter
17768,17769,4289,Deposit,3528.48,11/25/2022,Fall
17769,17770,821,Payment,3671.16,1/9/2025,Winter
17770,17771,706,Withdrawal,2517.41,10/29/2024,Fall
17771,17772,2162,Withdrawal,372.28,12/24/2022,Winter
17772,17773,4175,Deposit,6817.15,8/14/2023,Summer
17773,17774,165,Transfer,3620.63,2/10/2024,Winter
17774,17775,1101,Withdrawal,7895.48,10/14/2022,Fall
17775,17776,4266,Transfer,7353.35,3/10/2024,Spring
17776,17777,220,Payment,5464.49,4/10/2025,Spring
17777,17778,251,Deposit,3433.4,6/26/2022,Summer
17778,17779,506,Withdrawal,5446.68,8/26/2024,Summer
17779,17780,1497,Transfer,2721.08,8/9/2023,Summer
17780,17781,761,Payment,3320.3,4/13/2025,Spring
17781,17782,3388,Deposit,765.08,2/20/2025,Winter
17782,17783,4581,Deposit,297.36,5/10/2023,Spring
17783,17784,3319,Transfer,7981.2,5/31/2023,Spring
17784,17785,4049,Deposit,3347.08,12/13/2022,Winter
17785,17786,3307,Deposit,4675.56,10/11/2023,Fall
17786,17787,1340,Payment,4872.5,5/9/2025,Spring
17787,17788,4281,Payment,8257.2,1/2/2024,Winter
17788,17789,3449,Withdrawal,1277.91,8/27/2024,Summer
17789,17790,115,Deposit,9772.41,10/11/2022,Fall
17790,17791,777,Payment,8704.81,2/5/2023,Winter
17791,17792,4540,Transfer,2428.73,10/12/2023,Fall
17792,17793,3586,Payment,3834.66,8/31/2022,Summer
17793,17794,3930,Transfer,8293.96,10/11/2023,Fall
17794,17795,3931,Withdrawal,6233.19,12/10/2022,Winter
17795,17796,4308,Withdrawal,4346.17,4/26/2023,Spring
17796,17797,545,Payment,5152.47,5/9/2024,Spring
17797,17798,250,Payment,2662.97,9/8/2023,Fall
17798,17799,4476,Payment,2828.84,10/13/2023,Fall
17799,17800,4110,Deposit,6175.89,11/30/2022,Fall
17800,17801,1290,Payment,7005.6,11/4/2023,Fall
17801,17802,1226,Withdrawal,4947.05,10/9/2022,Fall
17802,17803,3665,Payment,9910.39,9/3/2024,Fall
17803,17804,3263,Deposit,6055.34,8/28/2023,Summer
17804,17805,1279,Payment,7806.34,10/23/2022,Fall
17805,17806,1820,Deposit,5643.25,5/13/2022,Spring
17806,17807,2695,Deposit,3994.92,12/14/2022,Winter
17807,17808,3360,Withdrawal,6608.54,11/1/2024,Fall
17808,17809,1689,Deposit,5173.74,9/24/2022,Fall
17809,17810,589,Payment,6696.06,8/30/2023,Summer
17810,17811,875,Deposit,7926.39,2/11/2024,Winter
17811,17812,2057,Withdrawal,6402.25,8/22/2022,Summer
17812,17813,4888,Withdrawal,3619.04,11/5/2023,Fall
17813,17814,2716,Transfer,5873.79,8/18/2022,Summer
17814,17815,1299,Transfer,6346.93,1/19/2024,Winter
17815,17816,2107,Payment,3174.54,1/21/2024,Winter
17816,17817,3524,Withdrawal,3173.01,1/18/2024,Winter
17817,17818,4288,Deposit,8941.14,12/20/2023,Winter
17818,17819,3198,Deposit,9379.7,1/23/2024,Winter
17819,17820,1336,Payment,3240.67,8/30/2022,Summer
17820,17821,4457,Deposit,68.78,8/28/2022,Summer
17821,17822,2731,Deposit,7150.5,8/28/2024,Summer
17822,17823,167,Withdrawal,7531.41,2/22/2023,Winter
17823,17824,1546,Transfer,2642.77,11/3/2024,Fall
17824,17825,2191,Payment,9969.07,2/15/2024,Winter
17825,17826,1039,Withdrawal,7435.84,11/19/2023,Fall
17826,17827,1399,Withdrawal,9541.74,9/16/2023,Fall
17827,17828,1903,Payment,6553.19,5/30/2022,Spring
17828,17829,3288,Withdrawal,5886.02,7/18/2022,Summer
17829,17830,3553,Transfer,4842,11/5/2022,Fall
17830,17831,3047,Transfer,4745.89,1/20/2025,Winter
17831,17832,1792,Withdrawal,1426.79,7/1/2024,Summer
17832,17833,237,Deposit,5892.98,5/5/2024,Spring
17833,17834,426,Transfer,7988.17,8/14/2023,Summer
17834,17835,184,Transfer,9674.85,9/30/2024,Fall
17835,17836,1919,Transfer,9796.04,12/3/2023,Winter
17836,17837,4503,Deposit,4466.63,9/16/2023,Fall
17837,17838,3930,Withdrawal,4010.72,7/22/2022,Summer
17838,17839,2596,Transfer,8196.71,6/18/2023,Summer
17839,17840,3105,Deposit,1390.24,12/11/2023,Winter
17840,17841,1262,Transfer,1003.34,1/3/2024,Winter
17841,17842,2497,Payment,3544.36,12/13/2024,Winter
17842,17843,1181,Transfer,6101,11/12/2022,Fall
17843,17844,4668,Deposit,1075.14,8/30/2023,Summer
17844,17845,3676,Transfer,9544.96,11/6/2023,Fall
17845,17846,912,Deposit,2053.57,9/6/2024,Fall
17846,17847,595,Payment,5609.53,7/20/2022,Summer
17847,17848,3275,Payment,5576.34,4/1/2025,Spring
17848,17849,2968,Transfer,6552.92,7/10/2022,Summer
17849,17850,4423,Transfer,9281.86,8/14/2023,Summer
17850,17851,2927,Transfer,3657.27,1/9/2023,Winter
17851,17852,4226,Transfer,6596.56,12/2/2022,Winter
17852,17853,654,Payment,7779.87,3/3/2023,Spring
17853,17854,1996,Withdrawal,5432.31,9/27/2022,Fall
17854,17855,4017,Withdrawal,8247.64,8/7/2023,Summer
17855,17856,1244,Transfer,3238.83,11/7/2022,Fall
17856,17857,4242,Withdrawal,8995.46,8/7/2023,Summer
17857,17858,1308,Withdrawal,2013.16,12/9/2022,Winter
17858,17859,1418,Withdrawal,9288.59,7/23/2023,Summer
17859,17860,1819,Withdrawal,1066.1,5/23/2022,Spring
17860,17861,4505,Withdrawal,4190.72,12/17/2023,Winter
17861,17862,1301,Transfer,7144.18,3/22/2024,Spring
17862,17863,4917,Withdrawal,5384.78,8/22/2023,Summer
17863,17864,3002,Transfer,7001.52,1/14/2023,Winter
17864,17865,1121,Transfer,7366.66,12/20/2024,Winter
17865,17866,1805,Payment,2681.82,10/12/2022,Fall
17866,17867,2137,Payment,2149.74,7/22/2022,Summer
17867,17868,3356,Payment,9270.24,2/4/2023,Winter
17868,17869,181,Payment,6231.88,2/27/2024,Winter
17869,17870,577,Payment,3175.13,5/21/2022,Spring
17870,17871,1165,Payment,9538.1,2/2/2025,Winter
17871,17872,3251,Payment,7823.55,7/6/2023,Summer
17872,17873,3104,Deposit,8541.9,4/28/2023,Spring
17873,17874,2294,Payment,8300.81,2/1/2025,Winter
17874,17875,2617,Withdrawal,9810.46,6/7/2022,Summer
17875,17876,4821,Payment,2591.86,6/18/2022,Summer
17876,17877,1075,Transfer,3814.19,8/12/2023,Summer
17877,17878,567,Withdrawal,1919.33,9/29/2023,Fall
17878,17879,1574,Payment,7848.82,7/12/2023,Summer
17879,17880,913,Withdrawal,8305.03,8/9/2022,Summer
17880,17881,1864,Transfer,2158.1,9/11/2023,Fall
17881,17882,2631,Transfer,45.22,3/7/2025,Spring
17882,17883,3243,Transfer,3973.03,12/5/2022,Winter
17883,17884,443,Transfer,7030.66,10/16/2022,Fall
17884,17885,2518,Transfer,2934.81,4/22/2023,Spring
17885,17886,4071,Payment,700.11,12/11/2022,Winter
17886,17887,3229,Transfer,1911.53,9/15/2023,Fall
17887,17888,863,Withdrawal,3152.66,11/12/2022,Fall
17888,17889,1420,Deposit,4676.45,2/24/2025,Winter
17889,17890,252,Deposit,7429.38,12/24/2024,Winter
17890,17891,2665,Withdrawal,2539.67,12/2/2024,Winter
17891,17892,3179,Transfer,9812.63,9/16/2023,Fall
17892,17893,3836,Payment,7290.39,5/29/2022,Spring
17893,17894,3759,Payment,2707.41,2/11/2023,Winter
17894,17895,4313,Transfer,9184.61,12/29/2024,Winter
17895,17896,390,Payment,2011.01,6/19/2024,Summer
17896,17897,3071,Deposit,4264.92,12/20/2022,Winter
17897,17898,4746,Transfer,5027,6/4/2024,Summer
17898,17899,3223,Deposit,1678.08,2/8/2023,Winter
17899,17900,1282,Deposit,2852.76,9/6/2023,Fall
17900,17901,3193,Transfer,89.84,12/23/2022,Winter
17901,17902,2177,Deposit,6322.51,4/22/2025,Spring
17902,17903,2366,Payment,8592.23,8/10/2023,Summer
17903,17904,299,Withdrawal,5172.3,11/24/2022,Fall
17904,17905,4910,Deposit,6138.02,6/10/2022,Summer
17905,17906,2541,Withdrawal,8921.81,11/30/2022,Fall
17906,17907,3712,Withdrawal,6215.35,8/31/2022,Summer
17907,17908,155,Withdrawal,3885.78,4/20/2025,Spring
17908,17909,1711,Payment,4118.59,11/6/2023,Fall
17909,17910,3497,Withdrawal,8920.9,4/3/2024,Spring
17910,17911,3678,Payment,4342.82,2/3/2025,Winter
17911,17912,4801,Payment,1082.98,8/1/2023,Summer
17912,17913,4501,Payment,4782.79,7/21/2024,Summer
17913,17914,3454,Transfer,187.47,7/20/2022,Summer
17914,17915,145,Deposit,4602.59,4/10/2025,Spring
17915,17916,1854,Withdrawal,4797.05,12/23/2023,Winter
17916,17917,4145,Deposit,5107.86,2/15/2024,Winter
17917,17918,3468,Payment,5032.68,3/1/2025,Spring
17918,17919,1940,Withdrawal,6449.88,3/19/2025,Spring
17919,17920,248,Withdrawal,9276.65,11/18/2022,Fall
17920,17921,22,Withdrawal,5175.91,8/13/2023,Summer
17921,17922,1497,Deposit,7195.25,4/8/2023,Spring
17922,17923,1734,Deposit,196.75,6/10/2022,Summer
17923,17924,4894,Deposit,5922.59,6/28/2022,Summer
17924,17925,1499,Withdrawal,8190.92,10/29/2024,Fall
17925,17926,2148,Payment,5130.07,3/1/2024,Spring
17926,17927,4353,Transfer,8368.91,9/24/2023,Fall
17927,17928,4917,Withdrawal,5357.37,6/6/2022,Summer
17928,17929,1499,Payment,3066.41,4/10/2025,Spring
17929,17930,2888,Withdrawal,7335.67,8/9/2024,Summer
17930,17931,3408,Payment,6705.31,5/26/2022,Spring
17931,17932,3540,Payment,9524.82,6/13/2024,Summer
17932,17933,3221,Transfer,6252.05,6/27/2023,Summer
17933,17934,640,Deposit,8003.33,3/2/2025,Spring
17934,17935,725,Transfer,8370.53,7/8/2022,Summer
17935,17936,4518,Transfer,5077.07,2/22/2024,Winter
17936,17937,1498,Withdrawal,5337.88,9/29/2023,Fall
17937,17938,2707,Transfer,1400.46,1/1/2023,Winter
17938,17939,4812,Payment,3057.16,6/22/2023,Summer
17939,17940,4266,Transfer,6169.54,6/19/2023,Summer
17940,17941,4504,Payment,5029.92,8/13/2024,Summer
17941,17942,3455,Deposit,5928.72,2/20/2024,Winter
17942,17943,3345,Transfer,991.19,4/16/2024,Spring
17943,17944,4265,Payment,7200.07,9/21/2022,Fall
17944,17945,3078,Payment,9914.91,5/12/2022,Spring
17945,17946,2970,Transfer,8621.62,6/21/2022,Summer
17946,17947,3441,Transfer,6661.2,6/3/2023,Summer
17947,17948,2137,Transfer,8203.64,3/30/2025,Spring
17948,17949,3931,Withdrawal,2541.43,12/19/2022,Winter
17949,17950,4459,Deposit,8845.97,12/30/2022,Winter
17950,17951,4487,Withdrawal,1462.83,2/12/2023,Winter
17951,17952,4867,Deposit,6862.02,6/13/2023,Summer
17952,17953,1883,Payment,4739.33,7/8/2022,Summer
17953,17954,245,Withdrawal,9252.73,8/23/2024,Summer
17954,17955,2277,Payment,7308.71,2/25/2023,Winter
17955,17956,4968,Payment,8273.36,11/18/2022,Fall
17956,17957,3506,Transfer,67.99,2/24/2023,Winter
17957,17958,2742,Deposit,8238.17,1/8/2025,Winter
17958,17959,830,Deposit,2572.17,1/31/2024,Winter
17959,17960,2534,Transfer,679.22,2/12/2024,Winter
17960,17961,1633,Deposit,9215.33,5/8/2024,Spring
17961,17962,1275,Withdrawal,1204.27,8/26/2023,Summer
17962,17963,2005,Deposit,8554.86,4/2/2025,Spring
17963,17964,4426,Transfer,9440.47,4/3/2023,Spring
17964,17965,4692,Withdrawal,4637.29,11/28/2022,Fall
17965,17966,4060,Payment,2811.99,3/29/2025,Spring
17966,17967,4150,Payment,892.71,4/10/2024,Spring
17967,17968,2715,Transfer,1152.12,9/11/2024,Fall
17968,17969,4060,Payment,3551.72,7/16/2023,Summer
17969,17970,2170,Payment,8002.9,10/9/2022,Fall
17970,17971,886,Transfer,4222.65,10/27/2023,Fall
17971,17972,929,Payment,857.63,11/13/2023,Fall
17972,17973,3165,Transfer,9239.85,4/27/2024,Spring
17973,17974,2248,Payment,9719.49,5/5/2023,Spring
17974,17975,1845,Withdrawal,892.95,5/31/2024,Spring
17975,17976,3661,Transfer,9120.92,4/13/2023,Spring
17976,17977,878,Payment,2866.64,1/26/2024,Winter
17977,17978,4985,Deposit,6988.27,2/25/2025,Winter
17978,17979,2171,Deposit,2878.07,3/29/2023,Spring
17979,17980,2656,Payment,1526.96,9/26/2023,Fall
17980,17981,127,Withdrawal,1314.46,9/10/2023,Fall
17981,17982,1662,Payment,7028.6,1/12/2025,Winter
17982,17983,1983,Deposit,8730.77,10/15/2022,Fall
17983,17984,552,Payment,8213.47,11/9/2023,Fall
17984,17985,4092,Transfer,3946.22,9/27/2022,Fall
17985,17986,2140,Deposit,2203.29,1/9/2025,Winter
17986,17987,3873,Withdrawal,7664.18,8/20/2022,Summer
17987,17988,1621,Deposit,1249.5,7/12/2023,Summer
17988,17989,2238,Transfer,8697.85,11/8/2023,Fall
17989,17990,2622,Deposit,5585.55,8/20/2024,Summer
17990,17991,2035,Transfer,4018.69,10/27/2022,Fall
17991,17992,2810,Transfer,3716.57,7/24/2022,Summer
17992,17993,1309,Deposit,6506.21,3/10/2025,Spring
17993,17994,4701,Transfer,7715.44,1/25/2024,Winter
17994,17995,1224,Withdrawal,7263.92,7/16/2023,Summer
17995,17996,1473,Deposit,5176.46,4/6/2025,Spring
17996,17997,1410,Deposit,6930.23,6/5/2022,Summer
17997,17998,497,Withdrawal,2261.54,9/8/2024,Fall
17998,17999,3735,Payment,6702.92,8/31/2023,Summer
17999,18000,3271,Withdrawal,5240.57,10/4/2022,Fall
18000,18001,3104,Deposit,6380.71,3/14/2025,Spring
18001,18002,2401,Withdrawal,6289.07,7/13/2022,Summer
18002,18003,2264,Withdrawal,7840.71,5/14/2022,Spring
18003,18004,4436,Withdrawal,8986.62,1/8/2023,Winter
18004,18005,2652,Payment,8561.86,4/12/2024,Spring
18005,18006,97,Payment,3201.15,6/8/2022,Summer
18006,18007,1451,Transfer,8461.17,1/3/2024,Winter
18007,18008,601,Payment,7628.36,11/26/2024,Fall
18008,18009,778,Transfer,3895.23,9/3/2024,Fall
18009,18010,1177,Payment,6574.26,10/13/2024,Fall
18010,18011,1351,Deposit,8856.9,8/15/2022,Summer
18011,18012,2777,Withdrawal,1997.77,8/9/2023,Summer
18012,18013,1388,Withdrawal,9847.25,9/5/2023,Fall
18013,18014,3601,Transfer,9641.46,5/14/2023,Spring
18014,18015,155,Transfer,4647.01,10/30/2024,Fall
18015,18016,714,Deposit,4291.2,1/2/2023,Winter
18016,18017,4807,Transfer,8090.71,3/24/2023,Spring
18017,18018,1698,Withdrawal,9513.96,12/10/2023,Winter
18018,18019,1767,Transfer,6202.99,10/30/2022,Fall
18019,18020,452,Payment,2733.32,3/9/2023,Spring
18020,18021,22,Deposit,6621.5,1/19/2025,Winter
18021,18022,1849,Deposit,5625.72,6/14/2023,Summer
18022,18023,839,Withdrawal,3179.57,2/21/2025,Winter
18023,18024,3206,Withdrawal,7544.92,10/14/2024,Fall
18024,18025,124,Withdrawal,6271.93,2/10/2023,Winter
18025,18026,3155,Payment,1121.72,12/5/2022,Winter
18026,18027,1466,Deposit,2134.51,6/3/2022,Summer
18027,18028,1807,Transfer,7934.76,2/28/2024,Winter
18028,18029,1117,Payment,9109.81,11/8/2022,Fall
18029,18030,3619,Transfer,9718.23,2/6/2024,Winter
18030,18031,554,Deposit,1413.21,3/11/2025,Spring
18031,18032,825,Deposit,764.03,7/10/2023,Summer
18032,18033,2339,Transfer,3183.02,7/31/2024,Summer
18033,18034,4235,Transfer,4433.82,8/14/2023,Summer
18034,18035,1900,Payment,9460.6,12/13/2024,Winter
18035,18036,2016,Deposit,8983.46,3/9/2025,Spring
18036,18037,1276,Deposit,5408.58,6/30/2022,Summer
18037,18038,4399,Payment,9658.15,2/28/2024,Winter
18038,18039,2754,Transfer,9020.29,9/7/2024,Fall
18039,18040,3470,Withdrawal,4512.59,11/1/2023,Fall
18040,18041,2764,Transfer,4465.14,9/4/2023,Fall
18041,18042,4398,Withdrawal,2013.53,6/15/2024,Summer
18042,18043,2518,Payment,4983.41,2/19/2023,Winter
18043,18044,867,Withdrawal,5181.62,1/5/2025,Winter
18044,18045,1592,Payment,8122.95,12/7/2024,Winter
18045,18046,2458,Transfer,399.03,11/2/2022,Fall
18046,18047,2377,Deposit,5539.71,12/29/2024,Winter
18047,18048,4196,Deposit,7149.55,8/18/2022,Summer
18048,18049,3333,Transfer,2543.16,11/10/2024,Fall
18049,18050,792,Transfer,39.37,3/6/2023,Spring
18050,18051,841,Payment,5439.3,6/3/2023,Summer
18051,18052,1708,Transfer,1929.06,8/2/2023,Summer
18052,18053,1967,Deposit,7741.46,11/8/2022,Fall
18053,18054,3705,Payment,1798.81,2/16/2024,Winter
18054,18055,2728,Deposit,8487.68,4/4/2023,Spring
18055,18056,3441,Transfer,1673.17,9/6/2022,Fall
18056,18057,2972,Deposit,1244.26,1/29/2024,Winter
18057,18058,1580,Withdrawal,4029.31,1/25/2024,Winter
18058,18059,2958,Deposit,3929.76,3/18/2025,Spring
18059,18060,4308,Deposit,1951.74,9/8/2022,Fall
18060,18061,4929,Deposit,1386.58,12/21/2022,Winter
18061,18062,148,Transfer,31.96,2/17/2024,Winter
18062,18063,2014,Payment,4014.17,7/12/2023,Summer
18063,18064,629,Withdrawal,5985.37,2/4/2025,Winter
18064,18065,2875,Deposit,9568.19,9/16/2022,Fall
18065,18066,222,Transfer,1167.71,6/28/2024,Summer
18066,18067,3009,Withdrawal,6981.56,9/17/2022,Fall
18067,18068,2955,Payment,77.23,11/2/2022,Fall
18068,18069,2940,Deposit,6630.34,2/18/2023,Winter
18069,18070,4947,Deposit,9469.91,2/26/2025,Winter
18070,18071,399,Withdrawal,5200.77,8/3/2024,Summer
18071,18072,2036,Deposit,1174.39,2/22/2024,Winter
18072,18073,515,Payment,7519.26,11/25/2023,Fall
18073,18074,4722,Deposit,6970.72,5/19/2024,Spring
18074,18075,2118,Payment,2361.69,10/30/2022,Fall
18075,18076,499,Payment,3908.6,10/19/2022,Fall
18076,18077,4576,Withdrawal,7260.77,11/14/2024,Fall
18077,18078,694,Payment,1511.91,3/23/2023,Spring
18078,18079,669,Payment,7683.13,6/9/2022,Summer
18079,18080,596,Deposit,7489.13,12/9/2024,Winter
18080,18081,3373,Payment,2867.85,1/9/2024,Winter
18081,18082,1866,Transfer,5594.51,5/25/2023,Spring
18082,18083,3045,Withdrawal,4702.8,2/9/2023,Winter
18083,18084,2994,Transfer,8991.24,6/11/2023,Summer
18084,18085,999,Deposit,4057.99,2/14/2025,Winter
18085,18086,3659,Deposit,8519.31,10/3/2023,Fall
18086,18087,76,Payment,7365.45,2/17/2024,Winter
18087,18088,1026,Transfer,1731.82,2/10/2024,Winter
18088,18089,4549,Deposit,5604.33,10/29/2023,Fall
18089,18090,3581,Withdrawal,7541.68,12/10/2024,Winter
18090,18091,4653,Payment,6609.49,12/8/2022,Winter
18091,18092,10,Deposit,1719.41,1/8/2025,Winter
18092,18093,1017,Payment,9465.87,5/27/2023,Spring
18093,18094,1835,Transfer,9112.6,7/3/2022,Summer
18094,18095,1237,Deposit,3680.21,4/19/2023,Spring
18095,18096,3753,Withdrawal,3577.11,11/25/2023,Fall
18096,18097,80,Withdrawal,2525.93,2/1/2024,Winter
18097,18098,652,Deposit,6593.69,9/7/2023,Fall
18098,18099,1229,Withdrawal,2145.46,6/28/2022,Summer
18099,18100,160,Transfer,1467.8,5/10/2024,Spring
18100,18101,4607,Payment,1013.72,2/9/2023,Winter
18101,18102,967,Transfer,8060.13,2/21/2023,Winter
18102,18103,3116,Payment,6443.25,10/2/2024,Fall
18103,18104,4190,Transfer,8209.01,6/14/2022,Summer
18104,18105,4919,Payment,4672.93,3/3/2024,Spring
18105,18106,2011,Transfer,8846.42,9/6/2023,Fall
18106,18107,2142,Payment,4543.61,11/27/2023,Fall
18107,18108,3951,Payment,2693.88,6/29/2023,Summer
18108,18109,1534,Payment,5532.92,6/3/2023,Summer
18109,18110,3318,Payment,5540.2,4/8/2025,Spring
18110,18111,3613,Deposit,3360.64,8/28/2023,Summer
18111,18112,2641,Transfer,8587.4,2/14/2025,Winter
18112,18113,1307,Transfer,6736.92,8/3/2024,Summer
18113,18114,1626,Transfer,1521.57,8/14/2022,Summer
18114,18115,1823,Transfer,3205.68,3/13/2023,Spring
18115,18116,2625,Payment,2638.54,6/8/2022,Summer
18116,18117,3249,Transfer,9488.72,7/6/2024,Summer
18117,18118,1688,Payment,2388.92,7/28/2024,Summer
18118,18119,2526,Withdrawal,6659.27,6/18/2023,Summer
18119,18120,678,Transfer,3840.94,4/20/2023,Spring
18120,18121,3667,Withdrawal,6636.81,11/9/2024,Fall
18121,18122,2089,Transfer,822.09,9/9/2024,Fall
18122,18123,1340,Payment,9798.58,9/23/2022,Fall
18123,18124,513,Payment,5423.94,2/23/2024,Winter
18124,18125,1499,Deposit,4694.02,4/7/2024,Spring
18125,18126,1066,Deposit,1821.7,5/15/2022,Spring
18126,18127,164,Transfer,8556.43,2/23/2023,Winter
18127,18128,3781,Transfer,1604.71,5/18/2023,Spring
18128,18129,2437,Transfer,461.42,5/15/2023,Spring
18129,18130,782,Withdrawal,2723.74,11/7/2024,Fall
18130,18131,3319,Withdrawal,2005.33,12/7/2022,Winter
18131,18132,3365,Deposit,4191.16,12/2/2024,Winter
18132,18133,3376,Transfer,3729.98,10/26/2022,Fall
18133,18134,1981,Transfer,2800.38,3/7/2025,Spring
18134,18135,3195,Transfer,3312.29,8/19/2024,Summer
18135,18136,2377,Payment,2429.37,9/17/2024,Fall
18136,18137,867,Deposit,5609.96,12/3/2022,Winter
18137,18138,666,Transfer,9571.68,12/6/2022,Winter
18138,18139,1293,Payment,4821.97,10/6/2024,Fall
18139,18140,2976,Deposit,1758.08,2/24/2024,Winter
18140,18141,3646,Transfer,866.19,11/16/2024,Fall
18141,18142,2631,Withdrawal,6494.43,12/8/2024,Winter
18142,18143,2227,Withdrawal,7265.83,1/20/2024,Winter
18143,18144,2079,Transfer,2892.78,12/6/2024,Winter
18144,18145,1132,Withdrawal,5292.95,7/12/2023,Summer
18145,18146,986,Payment,5827.53,8/25/2022,Summer
18146,18147,3209,Withdrawal,9692,3/28/2024,Spring
18147,18148,302,Payment,6967.07,6/20/2022,Summer
18148,18149,494,Withdrawal,6093.43,9/20/2022,Fall
18149,18150,2655,Deposit,8582.29,9/7/2024,Fall
18150,18151,3298,Transfer,9071.15,1/24/2024,Winter
18151,18152,1399,Withdrawal,9520.18,4/6/2023,Spring
18152,18153,1163,Payment,7473.33,12/29/2022,Winter
18153,18154,3723,Payment,2795.81,9/30/2023,Fall
18154,18155,2558,Payment,3651.24,2/18/2023,Winter
18155,18156,1673,Withdrawal,4852.84,2/14/2025,Winter
18156,18157,3476,Payment,3625.33,9/1/2023,Fall
18157,18158,2092,Deposit,5109.84,9/5/2023,Fall
18158,18159,4163,Transfer,9328.96,11/4/2023,Fall
18159,18160,3312,Transfer,7742.04,12/6/2023,Winter
18160,18161,3503,Deposit,5035.64,2/20/2025,Winter
18161,18162,2319,Deposit,564.96,12/4/2024,Winter
18162,18163,2551,Payment,3586.61,1/26/2025,Winter
18163,18164,267,Transfer,2866.23,8/4/2024,Summer
18164,18165,80,Transfer,8528.37,1/6/2024,Winter
18165,18166,3753,Transfer,2821.05,8/12/2023,Summer
18166,18167,2171,Payment,9414.16,6/3/2023,Summer
18167,18168,3483,Payment,5178.64,11/14/2023,Fall
18168,18169,2122,Payment,8014.61,8/26/2024,Summer
18169,18170,1841,Payment,1289.7,3/10/2025,Spring
18170,18171,902,Deposit,2926.22,9/12/2022,Fall
18171,18172,4444,Deposit,7040.52,6/2/2024,Summer
18172,18173,3504,Payment,9774.89,7/31/2022,Summer
18173,18174,946,Withdrawal,2097.01,3/22/2023,Spring
18174,18175,3423,Transfer,7561.72,11/3/2022,Fall
18175,18176,4242,Payment,448.03,1/16/2023,Winter
18176,18177,4551,Transfer,79.16,3/14/2024,Spring
18177,18178,3932,Transfer,4366.7,5/7/2025,Spring
18178,18179,3539,Withdrawal,917.65,8/22/2024,Summer
18179,18180,1067,Transfer,4752.73,8/5/2024,Summer
18180,18181,4917,Transfer,9795.06,12/28/2023,Winter
18181,18182,3018,Transfer,5134.6,4/10/2023,Spring
18182,18183,2858,Transfer,3953.3,7/6/2023,Summer
18183,18184,1900,Deposit,7269.08,2/8/2024,Winter
18184,18185,951,Deposit,5382.93,8/8/2024,Summer
18185,18186,4796,Withdrawal,6004.51,4/4/2023,Spring
18186,18187,206,Withdrawal,9742.38,8/25/2023,Summer
18187,18188,4278,Deposit,9146.81,8/8/2023,Summer
18188,18189,2489,Transfer,4254.23,5/8/2025,Spring
18189,18190,1061,Payment,3268.8,6/14/2023,Summer
18190,18191,3401,Deposit,5358.49,2/4/2023,Winter
18191,18192,2103,Deposit,8174.76,11/16/2022,Fall
18192,18193,118,Payment,8781.48,1/2/2023,Winter
18193,18194,1424,Payment,5929.95,6/14/2022,Summer
18194,18195,2799,Transfer,1440.73,7/4/2023,Summer
18195,18196,3682,Transfer,9345.27,10/15/2023,Fall
18196,18197,1018,Payment,8985.38,9/15/2022,Fall
18197,18198,4914,Deposit,4598.05,7/3/2023,Summer
18198,18199,3421,Transfer,9966.81,4/11/2024,Spring
18199,18200,1403,Deposit,4922.91,4/6/2024,Spring
18200,18201,3479,Withdrawal,5314.56,3/7/2025,Spring
18201,18202,794,Deposit,139.3,6/7/2024,Summer
18202,18203,1152,Payment,2746.58,3/4/2024,Spring
18203,18204,882,Withdrawal,523.57,4/12/2023,Spring
18204,18205,3174,Payment,3670.32,8/7/2022,Summer
18205,18206,839,Deposit,3396.83,3/27/2024,Spring
18206,18207,2185,Deposit,7223.86,4/3/2024,Spring
18207,18208,4839,Withdrawal,3446.03,2/12/2025,Winter
18208,18209,1632,Deposit,9829.04,9/20/2024,Fall
18209,18210,2094,Payment,3253.5,1/22/2025,Winter
18210,18211,2353,Deposit,1587.28,11/2/2022,Fall
18211,18212,950,Deposit,2023.97,3/9/2024,Spring
18212,18213,2009,Transfer,6911.16,2/5/2025,Winter
18213,18214,4285,Withdrawal,1496.66,3/23/2024,Spring
18214,18215,852,Payment,7630.82,10/16/2023,Fall
18215,18216,565,Deposit,377.18,8/5/2024,Summer
18216,18217,4953,Deposit,6932.42,4/21/2024,Spring
18217,18218,4848,Transfer,3536.46,5/5/2023,Spring
18218,18219,2164,Withdrawal,2464.1,5/6/2024,Spring
18219,18220,964,Withdrawal,6420.14,2/23/2024,Winter
18220,18221,2977,Transfer,776.15,11/10/2022,Fall
18221,18222,4880,Withdrawal,4721.25,4/16/2024,Spring
18222,18223,2409,Withdrawal,3183.68,11/27/2024,Fall
18223,18224,210,Transfer,8367.67,7/31/2024,Summer
18224,18225,2005,Deposit,289.88,12/27/2022,Winter
18225,18226,3744,Withdrawal,507.86,10/25/2024,Fall
18226,18227,1814,Withdrawal,2161.3,1/20/2023,Winter
18227,18228,3559,Transfer,9149.57,3/22/2024,Spring
18228,18229,1533,Deposit,6425.67,7/26/2022,Summer
18229,18230,2185,Transfer,7125.29,4/11/2024,Spring
18230,18231,3142,Transfer,7803.78,12/13/2022,Winter
18231,18232,1015,Payment,5855.95,4/16/2024,Spring
18232,18233,815,Transfer,8778.67,8/30/2024,Summer
18233,18234,4150,Payment,3160.54,1/28/2024,Winter
18234,18235,4211,Transfer,9647.04,5/22/2022,Spring
18235,18236,2880,Payment,6099.9,2/8/2025,Winter
18236,18237,4329,Payment,3355.23,6/9/2022,Summer
18237,18238,3828,Withdrawal,6596.73,2/7/2025,Winter
18238,18239,4263,Withdrawal,969.12,9/11/2023,Fall
18239,18240,709,Payment,4119.51,10/23/2022,Fall
18240,18241,3916,Withdrawal,2474.78,9/12/2023,Fall
18241,18242,3733,Withdrawal,3771.74,3/28/2025,Spring
18242,18243,2799,Transfer,8153.65,2/9/2025,Winter
18243,18244,3299,Payment,6003.76,8/21/2024,Summer
18244,18245,1716,Payment,8682.89,2/22/2024,Winter
18245,18246,4406,Withdrawal,7184.79,8/29/2024,Summer
18246,18247,572,Withdrawal,3863.13,12/26/2022,Winter
18247,18248,1769,Withdrawal,5280.98,3/9/2025,Spring
18248,18249,3711,Deposit,8402.94,4/16/2025,Spring
18249,18250,643,Withdrawal,4854.35,12/27/2024,Winter
18250,18251,1546,Payment,4016.85,6/1/2023,Summer
18251,18252,2100,Transfer,2984.79,10/10/2022,Fall
18252,18253,3265,Deposit,4853.24,5/20/2022,Spring
18253,18254,4756,Transfer,5965.28,5/2/2024,Spring
18254,18255,3640,Payment,8964.89,7/10/2023,Summer
18255,18256,1659,Withdrawal,5866.61,7/30/2023,Summer
18256,18257,2650,Withdrawal,5889.46,11/30/2022,Fall
18257,18258,2596,Withdrawal,8617.4,6/30/2023,Summer
18258,18259,424,Deposit,8889.4,2/29/2024,Winter
18259,18260,3482,Transfer,2574.19,5/28/2023,Spring
18260,18261,3451,Payment,468.22,9/28/2024,Fall
18261,18262,1195,Transfer,409.38,6/6/2023,Summer
18262,18263,1852,Payment,5176.73,8/15/2023,Summer
18263,18264,761,Transfer,7068.71,12/23/2023,Winter
18264,18265,4330,Withdrawal,8660.8,11/18/2022,Fall
18265,18266,1819,Transfer,3811.47,4/27/2025,Spring
18266,18267,4612,Payment,1446.29,5/27/2024,Spring
18267,18268,3167,Payment,470.17,11/23/2022,Fall
18268,18269,1101,Payment,7873.56,9/20/2024,Fall
18269,18270,1101,Transfer,7964.03,5/5/2023,Spring
18270,18271,4721,Withdrawal,4562.49,7/3/2023,Summer
18271,18272,4603,Transfer,6172.48,11/7/2023,Fall
18272,18273,85,Payment,9852.85,8/15/2023,Summer
18273,18274,4733,Transfer,4941.24,2/3/2024,Winter
18274,18275,1135,Transfer,3801.14,4/11/2024,Spring
18275,18276,726,Deposit,7183.01,5/1/2025,Spring
18276,18277,2795,Deposit,4730.22,6/13/2022,Summer
18277,18278,521,Deposit,8814.65,10/20/2024,Fall
18278,18279,861,Deposit,3134.62,7/8/2022,Summer
18279,18280,1872,Transfer,661.7,1/5/2025,Winter
18280,18281,1172,Deposit,5134.16,11/21/2022,Fall
18281,18282,4026,Withdrawal,4190.55,10/21/2022,Fall
18282,18283,3448,Transfer,5228.68,10/29/2024,Fall
18283,18284,1660,Deposit,3441.63,2/20/2025,Winter
18284,18285,280,Transfer,1828.94,7/7/2022,Summer
18285,18286,3440,Payment,9460.66,4/14/2025,Spring
18286,18287,793,Transfer,9190.73,5/26/2024,Spring
18287,18288,2254,Withdrawal,916.05,5/22/2023,Spring
18288,18289,4193,Transfer,6564.25,4/30/2024,Spring
18289,18290,4750,Deposit,5192.91,1/17/2025,Winter
18290,18291,2595,Deposit,8734.91,11/21/2023,Fall
18291,18292,533,Transfer,9101.2,10/28/2023,Fall
18292,18293,2756,Payment,9051.02,12/21/2023,Winter
18293,18294,96,Deposit,9493.56,1/3/2023,Winter
18294,18295,3167,Payment,5945.51,9/24/2023,Fall
18295,18296,1725,Transfer,1634.96,6/18/2022,Summer
18296,18297,4116,Withdrawal,7912.16,6/1/2022,Summer
18297,18298,4831,Withdrawal,6635.79,11/3/2022,Fall
18298,18299,3113,Withdrawal,4609.59,8/12/2024,Summer
18299,18300,1299,Transfer,6497.97,5/13/2024,Spring
18300,18301,3951,Payment,7126.67,8/26/2023,Summer
18301,18302,70,Deposit,3884.1,11/10/2022,Fall
18302,18303,2027,Payment,9856.84,6/2/2024,Summer
18303,18304,2072,Transfer,5010.05,7/10/2023,Summer
18304,18305,16,Transfer,14.5,9/12/2023,Fall
18305,18306,113,Withdrawal,2431.97,11/11/2024,Fall
18306,18307,2707,Payment,1041.22,10/13/2023,Fall
18307,18308,2097,Deposit,7250.5,10/18/2022,Fall
18308,18309,4701,Transfer,5499.99,7/20/2024,Summer
18309,18310,3845,Withdrawal,6321.99,10/9/2022,Fall
18310,18311,2984,Withdrawal,5346.6,8/25/2024,Summer
18311,18312,1490,Payment,4483.67,9/1/2023,Fall
18312,18313,1856,Withdrawal,9339.34,2/24/2025,Winter
18313,18314,1846,Withdrawal,9764.56,9/11/2022,Fall
18314,18315,2671,Transfer,2797.47,12/4/2022,Winter
18315,18316,4356,Deposit,5580.06,6/18/2024,Summer
18316,18317,4597,Transfer,4370.25,8/27/2023,Summer
18317,18318,4246,Withdrawal,2731.69,4/14/2024,Spring
18318,18319,4700,Deposit,2905.68,4/13/2025,Spring
18319,18320,2605,Payment,4060.04,10/10/2023,Fall
18320,18321,2896,Transfer,6465.6,7/27/2024,Summer
18321,18322,3672,Transfer,3065.25,7/31/2024,Summer
18322,18323,2695,Deposit,312.04,3/24/2025,Spring
18323,18324,1383,Transfer,7076.17,7/2/2024,Summer
18324,18325,2892,Transfer,338.77,7/26/2022,Summer
18325,18326,4662,Deposit,396.56,10/4/2023,Fall
18326,18327,1201,Withdrawal,5574.85,2/19/2024,Winter
18327,18328,370,Withdrawal,2377.34,12/16/2023,Winter
18328,18329,1806,Withdrawal,3666.5,7/17/2023,Summer
18329,18330,2482,Withdrawal,7562.72,5/8/2024,Spring
18330,18331,3837,Transfer,5483.42,12/30/2024,Winter
18331,18332,2444,Deposit,7684.98,3/12/2023,Spring
18332,18333,690,Deposit,8625.27,1/27/2024,Winter
18333,18334,2374,Transfer,475.88,4/16/2024,Spring
18334,18335,531,Transfer,2797.85,3/14/2023,Spring
18335,18336,3235,Transfer,4805.86,7/26/2024,Summer
18336,18337,2530,Deposit,5581.63,2/25/2025,Winter
18337,18338,2334,Withdrawal,5976.45,10/27/2024,Fall
18338,18339,2042,Payment,2806.63,10/29/2022,Fall
18339,18340,1401,Payment,5271.14,2/3/2024,Winter
18340,18341,2417,Payment,7377.33,6/8/2024,Summer
18341,18342,3398,Withdrawal,2763.45,3/31/2024,Spring
18342,18343,1815,Withdrawal,4703.58,9/6/2024,Fall
18343,18344,2120,Payment,7567.6,3/1/2024,Spring
18344,18345,4571,Deposit,3848.78,2/13/2023,Winter
18345,18346,4193,Payment,72.44,8/17/2023,Summer
18346,18347,1999,Deposit,1950.23,10/21/2023,Fall
18347,18348,4783,Payment,6459.93,7/15/2022,Summer
18348,18349,3877,Deposit,3832.73,12/18/2024,Winter
18349,18350,4471,Deposit,3323.86,8/8/2023,Summer
18350,18351,258,Deposit,8957.67,1/22/2024,Winter
18351,18352,3167,Payment,6552.6,2/22/2024,Winter
18352,18353,859,Transfer,3779.69,6/26/2023,Summer
18353,18354,1586,Withdrawal,4547.93,3/26/2024,Spring
18354,18355,4536,Transfer,8515.65,3/13/2024,Spring
18355,18356,4845,Payment,8918.53,2/11/2023,Winter
18356,18357,2622,Withdrawal,1008.41,9/5/2023,Fall
18357,18358,2481,Deposit,4501.93,9/15/2022,Fall
18358,18359,1904,Withdrawal,1967.28,6/7/2023,Summer
18359,18360,2870,Withdrawal,9602.15,6/19/2022,Summer
18360,18361,4938,Withdrawal,7167.14,1/23/2024,Winter
18361,18362,3453,Deposit,4138.29,12/14/2023,Winter
18362,18363,4722,Transfer,5049.58,7/26/2024,Summer
18363,18364,4756,Transfer,9084.47,9/3/2024,Fall
18364,18365,2984,Transfer,8219.33,10/15/2024,Fall
18365,18366,3667,Payment,7865.98,6/17/2022,Summer
18366,18367,4485,Deposit,8718.96,1/24/2025,Winter
18367,18368,4344,Withdrawal,360.9,11/10/2024,Fall
18368,18369,3539,Payment,6870.89,5/3/2024,Spring
18369,18370,3002,Payment,9423.28,7/17/2023,Summer
18370,18371,509,Deposit,3318.62,7/18/2024,Summer
18371,18372,3057,Withdrawal,9967.74,12/30/2024,Winter
18372,18373,2409,Deposit,7491.08,10/18/2023,Fall
18373,18374,632,Payment,5144.03,2/9/2023,Winter
18374,18375,2378,Transfer,5609.11,2/4/2024,Winter
18375,18376,1480,Deposit,46.02,5/18/2022,Spring
18376,18377,1040,Deposit,8705.42,10/4/2022,Fall
18377,18378,3302,Deposit,1500.84,6/15/2024,Summer
18378,18379,3076,Transfer,1726.31,5/4/2023,Spring
18379,18380,2822,Payment,6541.15,5/26/2024,Spring
18380,18381,2083,Deposit,7257.58,6/9/2022,Summer
18381,18382,1463,Deposit,7237.08,1/9/2023,Winter
18382,18383,187,Withdrawal,6481.46,5/25/2022,Spring
18383,18384,3782,Withdrawal,7312.22,7/8/2024,Summer
18384,18385,4469,Payment,204.28,11/22/2023,Fall
18385,18386,4712,Transfer,1658.86,4/3/2025,Spring
18386,18387,1669,Withdrawal,6993.86,7/11/2024,Summer
18387,18388,381,Withdrawal,3405.1,8/13/2022,Summer
18388,18389,4253,Transfer,4575.82,10/20/2024,Fall
18389,18390,3749,Payment,7644.38,10/3/2022,Fall
18390,18391,3331,Withdrawal,4091.92,6/4/2022,Summer
18391,18392,425,Deposit,5931.43,11/24/2022,Fall
18392,18393,4629,Payment,7038.25,11/15/2023,Fall
18393,18394,2225,Withdrawal,9680.72,5/7/2025,Spring
18394,18395,2126,Payment,7411.76,3/22/2024,Spring
18395,18396,2522,Withdrawal,5518.64,3/21/2023,Spring
18396,18397,4686,Deposit,2543.29,2/27/2025,Winter
18397,18398,4906,Deposit,4731.77,10/13/2024,Fall
18398,18399,1665,Transfer,2043.26,2/18/2025,Winter
18399,18400,4620,Withdrawal,2810.51,5/22/2024,Spring
18400,18401,3567,Transfer,96.33,1/15/2023,Winter
18401,18402,1617,Transfer,3540.95,5/25/2023,Spring
18402,18403,582,Transfer,1580.59,2/9/2023,Winter
18403,18404,97,Payment,8490.29,6/9/2023,Summer
18404,18405,3167,Withdrawal,1035.05,8/23/2022,Summer
18405,18406,90,Withdrawal,1052.74,5/16/2024,Spring
18406,18407,2272,Payment,9414.25,2/28/2023,Winter
18407,18408,450,Transfer,2248.68,6/8/2024,Summer
18408,18409,4112,Deposit,4335.05,8/10/2024,Summer
18409,18410,2800,Payment,8024.95,12/19/2023,Winter
18410,18411,1385,Payment,1926.02,6/9/2023,Summer
18411,18412,2325,Payment,5762.86,8/24/2022,Summer
18412,18413,2508,Payment,3006.41,3/6/2025,Spring
18413,18414,703,Payment,6422.07,8/3/2022,Summer
18414,18415,1184,Transfer,45.38,5/21/2022,Spring
18415,18416,4073,Payment,2561.24,9/25/2022,Fall
18416,18417,2979,Payment,289.94,5/20/2023,Spring
18417,18418,4204,Deposit,86.31,1/15/2025,Winter
18418,18419,917,Payment,2679.79,1/4/2025,Winter
18419,18420,608,Withdrawal,7006.94,2/7/2024,Winter
18420,18421,398,Payment,7241.53,5/3/2023,Spring
18421,18422,3834,Withdrawal,6265.1,3/12/2023,Spring
18422,18423,18,Payment,3966.78,11/28/2024,Fall
18423,18424,3012,Payment,516.44,12/24/2023,Winter
18424,18425,2264,Transfer,3068.14,2/16/2024,Winter
18425,18426,1397,Transfer,9969.04,11/30/2023,Fall
18426,18427,1265,Withdrawal,9796.7,10/9/2022,Fall
18427,18428,1890,Payment,4866.88,9/26/2024,Fall
18428,18429,4763,Payment,6219.65,9/17/2023,Fall
18429,18430,517,Withdrawal,3582.87,3/27/2023,Spring
18430,18431,2866,Withdrawal,6573.7,8/3/2022,Summer
18431,18432,1690,Transfer,1127.11,7/31/2023,Summer
18432,18433,4607,Payment,4176.35,10/7/2024,Fall
18433,18434,4713,Payment,8914.65,1/12/2023,Winter
18434,18435,3606,Withdrawal,3535.24,1/22/2023,Winter
18435,18436,2247,Payment,777.85,6/28/2022,Summer
18436,18437,4565,Deposit,8075.15,2/25/2023,Winter
18437,18438,1772,Deposit,4827.25,9/26/2022,Fall
18438,18439,3264,Payment,962.65,9/18/2024,Fall
18439,18440,4684,Deposit,140.92,1/1/2025,Winter
18440,18441,4801,Transfer,1898.68,3/21/2024,Spring
18441,18442,4735,Withdrawal,5184.95,10/16/2022,Fall
18442,18443,4068,Withdrawal,8040.23,6/26/2023,Summer
18443,18444,4563,Payment,2026.97,11/29/2023,Fall
18444,18445,653,Withdrawal,4251.14,5/19/2024,Spring
18445,18446,10,Payment,5605.27,5/10/2025,Spring
18446,18447,4545,Withdrawal,134.22,5/3/2025,Spring
18447,18448,2640,Withdrawal,4791.67,5/15/2022,Spring
18448,18449,2499,Deposit,3532.38,11/11/2023,Fall
18449,18450,342,Deposit,1749.35,10/28/2024,Fall
18450,18451,1649,Transfer,416.79,8/12/2022,Summer
18451,18452,1095,Payment,6203.11,8/25/2024,Summer
18452,18453,234,Payment,8539.95,10/18/2024,Fall
18453,18454,2407,Deposit,7967.72,4/28/2025,Spring
18454,18455,465,Deposit,5348.15,5/21/2022,Spring
18455,18456,4647,Withdrawal,7088.91,1/9/2023,Winter
18456,18457,1995,Deposit,8665.84,12/5/2022,Winter
18457,18458,1821,Deposit,4126.47,8/7/2024,Summer
18458,18459,2533,Withdrawal,3193.81,3/14/2023,Spring
18459,18460,745,Payment,7507.87,11/24/2023,Fall
18460,18461,1180,Payment,1121.98,9/21/2024,Fall
18461,18462,2640,Withdrawal,1166.43,2/22/2023,Winter
18462,18463,595,Payment,75.08,1/1/2025,Winter
18463,18464,4293,Deposit,2307.95,1/9/2023,Winter
18464,18465,2182,Withdrawal,2396.1,8/26/2023,Summer
18465,18466,3627,Withdrawal,6051.64,9/8/2024,Fall
18466,18467,2733,Deposit,436.3,8/28/2023,Summer
18467,18468,1263,Payment,477.4,7/11/2023,Summer
18468,18469,1124,Payment,3934.68,2/26/2025,Winter
18469,18470,2799,Transfer,3652.24,8/16/2022,Summer
18470,18471,2549,Transfer,2099.11,3/5/2024,Spring
18471,18472,601,Withdrawal,7235.58,5/10/2023,Spring
18472,18473,180,Withdrawal,6434.61,11/21/2022,Fall
18473,18474,3161,Transfer,572.96,4/12/2024,Spring
18474,18475,2875,Deposit,5619.43,8/20/2023,Summer
18475,18476,3700,Deposit,1569.5,4/26/2025,Spring
18476,18477,2531,Payment,9103.77,12/7/2024,Winter
18477,18478,3036,Transfer,2838.07,10/18/2024,Fall
18478,18479,2219,Withdrawal,9843.54,8/21/2024,Summer
18479,18480,683,Withdrawal,6659.09,6/12/2022,Summer
18480,18481,252,Payment,1708.05,6/29/2023,Summer
18481,18482,4762,Transfer,8691.14,1/6/2024,Winter
18482,18483,89,Deposit,6791.63,2/23/2024,Winter
18483,18484,2542,Deposit,5809.51,2/2/2024,Winter
18484,18485,2496,Payment,7534.5,5/1/2025,Spring
18485,18486,95,Payment,3372.25,10/2/2024,Fall
18486,18487,525,Payment,3430.84,4/7/2025,Spring
18487,18488,2126,Payment,6353.96,7/29/2023,Summer
18488,18489,4744,Withdrawal,8056.79,1/20/2024,Winter
18489,18490,3247,Deposit,6344.43,6/27/2022,Summer
18490,18491,1428,Transfer,3214.38,12/28/2023,Winter
18491,18492,687,Payment,1732.4,7/21/2023,Summer
18492,18493,1991,Deposit,7891.74,11/1/2023,Fall
18493,18494,3400,Deposit,6526.23,2/22/2023,Winter
18494,18495,523,Payment,1059.61,7/17/2022,Summer
18495,18496,45,Payment,6859.27,3/30/2024,Spring
18496,18497,387,Transfer,859.91,12/25/2024,Winter
18497,18498,3406,Payment,8773.4,1/2/2023,Winter
18498,18499,3258,Payment,2633.55,4/5/2023,Spring
18499,18500,4032,Transfer,9063.88,10/19/2023,Fall
18500,18501,1024,Withdrawal,66.42,4/17/2025,Spring
18501,18502,1448,Payment,3711.02,6/22/2024,Summer
18502,18503,2778,Payment,9063.59,6/30/2023,Summer
18503,18504,1083,Transfer,4207.43,2/18/2023,Winter
18504,18505,2966,Withdrawal,2468.95,6/19/2024,Summer
18505,18506,972,Withdrawal,8824.91,1/8/2023,Winter
18506,18507,1192,Deposit,2890.92,8/28/2024,Summer
18507,18508,4901,Payment,9784.51,7/13/2023,Summer
18508,18509,1919,Withdrawal,9602.71,1/6/2025,Winter
18509,18510,844,Payment,9616.2,11/12/2023,Fall
18510,18511,3219,Payment,9699.08,3/21/2025,Spring
18511,18512,3707,Payment,8591.81,8/3/2023,Summer
18512,18513,3147,Transfer,357.27,4/4/2024,Spring
18513,18514,2717,Deposit,2623.91,8/21/2023,Summer
18514,18515,2232,Withdrawal,3594,5/25/2022,Spring
18515,18516,1560,Transfer,3309.45,9/15/2024,Fall
18516,18517,236,Payment,4099.36,10/11/2023,Fall
18517,18518,1643,Withdrawal,9041.78,8/18/2023,Summer
18518,18519,2284,Transfer,3562.85,10/4/2022,Fall
18519,18520,2231,Transfer,1572.36,4/15/2024,Spring
18520,18521,1274,Payment,8492.18,10/12/2022,Fall
18521,18522,4532,Deposit,7531.75,9/11/2022,Fall
18522,18523,3306,Deposit,6030.03,11/11/2024,Fall
18523,18524,1123,Deposit,6353.06,6/28/2022,Summer
18524,18525,3499,Withdrawal,6947.63,6/3/2023,Summer
18525,18526,1075,Transfer,8016.64,8/5/2023,Summer
18526,18527,1411,Deposit,7748.73,6/11/2022,Summer
18527,18528,1999,Payment,3139.27,9/27/2024,Fall
18528,18529,4402,Deposit,6601.75,11/17/2024,Fall
18529,18530,562,Transfer,903.46,8/17/2024,Summer
18530,18531,4945,Payment,5002.01,10/21/2024,Fall
18531,18532,360,Withdrawal,4222.24,12/13/2024,Winter
18532,18533,142,Deposit,1142.9,6/19/2022,Summer
18533,18534,3151,Withdrawal,2334.56,8/19/2022,Summer
18534,18535,4425,Deposit,4357.04,6/29/2023,Summer
18535,18536,1082,Payment,3052.2,2/26/2024,Winter
18536,18537,2977,Deposit,4482.96,4/3/2023,Spring
18537,18538,4145,Withdrawal,4968.8,11/22/2024,Fall
18538,18539,1866,Payment,8281.79,6/13/2022,Summer
18539,18540,3768,Withdrawal,5826.34,1/5/2024,Winter
18540,18541,863,Withdrawal,4920.5,1/26/2024,Winter
18541,18542,3123,Withdrawal,5453.97,12/30/2024,Winter
18542,18543,3931,Payment,6752.6,4/9/2024,Spring
18543,18544,4011,Transfer,8303.71,7/1/2023,Summer
18544,18545,4759,Transfer,2050.46,3/11/2023,Spring
18545,18546,2721,Payment,6937.54,4/17/2024,Spring
18546,18547,3752,Withdrawal,6337.39,5/6/2024,Spring
18547,18548,4883,Deposit,3957.74,11/1/2022,Fall
18548,18549,166,Deposit,882.04,11/17/2024,Fall
18549,18550,3003,Payment,5892.48,10/21/2023,Fall
18550,18551,4018,Transfer,5783.37,9/3/2024,Fall
18551,18552,545,Transfer,9308.91,7/8/2023,Summer
18552,18553,1288,Withdrawal,1445.23,10/8/2023,Fall
18553,18554,4881,Deposit,7628.85,4/12/2023,Spring
18554,18555,1880,Transfer,4020.48,3/20/2025,Spring
18555,18556,2913,Withdrawal,1357.42,2/8/2023,Winter
18556,18557,4088,Deposit,2576.79,5/27/2024,Spring
18557,18558,4705,Withdrawal,2067.93,2/2/2023,Winter
18558,18559,2383,Withdrawal,69.05,6/18/2024,Summer
18559,18560,1267,Transfer,5297.06,6/7/2022,Summer
18560,18561,844,Withdrawal,6636.43,10/22/2023,Fall
18561,18562,3967,Transfer,7961.27,5/2/2023,Spring
18562,18563,1076,Transfer,4569.13,1/10/2023,Winter
18563,18564,3946,Deposit,5852.98,7/14/2023,Summer
18564,18565,2394,Withdrawal,4022.55,3/3/2023,Spring
18565,18566,3444,Withdrawal,4125.02,5/2/2025,Spring
18566,18567,4242,Withdrawal,4527.32,10/26/2023,Fall
18567,18568,2478,Payment,1588.49,5/7/2024,Spring
18568,18569,2498,Withdrawal,7326.44,1/26/2025,Winter
18569,18570,3790,Transfer,6503.75,2/1/2023,Winter
18570,18571,3025,Payment,3367.78,9/21/2022,Fall
18571,18572,709,Transfer,6501.43,4/18/2023,Spring
18572,18573,599,Payment,2975.56,7/11/2024,Summer
18573,18574,400,Transfer,1604.57,5/5/2023,Spring
18574,18575,732,Withdrawal,1968.86,7/10/2024,Summer
18575,18576,483,Transfer,9711.26,8/3/2022,Summer
18576,18577,291,Payment,1654.93,5/28/2023,Spring
18577,18578,770,Withdrawal,1075.82,8/15/2023,Summer
18578,18579,2942,Payment,6578.38,11/24/2023,Fall
18579,18580,4308,Transfer,7372.57,10/14/2024,Fall
18580,18581,999,Payment,6125.2,5/2/2025,Spring
18581,18582,4897,Transfer,5022.02,6/27/2022,Summer
18582,18583,3886,Deposit,805.38,7/25/2024,Summer
18583,18584,420,Transfer,3902.15,5/17/2023,Spring
18584,18585,2044,Transfer,8910.71,1/27/2023,Winter
18585,18586,927,Deposit,4064.42,7/27/2023,Summer
18586,18587,4520,Withdrawal,3403.23,7/21/2022,Summer
18587,18588,1047,Payment,9667.8,2/28/2025,Winter
18588,18589,2882,Transfer,9037.99,9/4/2023,Fall
18589,18590,418,Payment,1652.11,6/15/2024,Summer
18590,18591,2530,Deposit,3002.55,4/27/2025,Spring
18591,18592,278,Withdrawal,666.23,9/22/2024,Fall
18592,18593,4522,Payment,3142.3,6/1/2022,Summer
18593,18594,436,Transfer,3167.81,2/5/2025,Winter
18594,18595,2050,Deposit,1077.82,9/26/2024,Fall
18595,18596,1645,Transfer,4575.12,6/20/2023,Summer
18596,18597,622,Withdrawal,6617.4,12/15/2023,Winter
18597,18598,4489,Deposit,9363.61,1/13/2025,Winter
18598,18599,3996,Transfer,8839.38,2/26/2025,Winter
18599,18600,932,Payment,8058.52,5/13/2023,Spring
18600,18601,711,Withdrawal,8515.12,4/22/2025,Spring
18601,18602,3611,Payment,2532.15,6/23/2023,Summer
18602,18603,3401,Deposit,3945.83,10/26/2022,Fall
18603,18604,536,Transfer,7808.52,2/15/2025,Winter
18604,18605,893,Payment,728.38,5/13/2022,Spring
18605,18606,537,Withdrawal,5138.17,9/10/2022,Fall
18606,18607,1382,Transfer,2095.98,3/6/2023,Spring
18607,18608,3831,Payment,6407.79,2/14/2024,Winter
18608,18609,4106,Deposit,5140.75,1/2/2025,Winter
18609,18610,2405,Transfer,8548.13,5/31/2022,Spring
18610,18611,2713,Transfer,692.97,11/15/2022,Fall
18611,18612,1374,Payment,4613.02,10/30/2024,Fall
18612,18613,3665,Withdrawal,3104.75,9/11/2022,Fall
18613,18614,2654,Deposit,5635.4,3/13/2024,Spring
18614,18615,2319,Withdrawal,5525.6,10/3/2024,Fall
18615,18616,4101,Transfer,8384.44,3/26/2024,Spring
18616,18617,1570,Payment,1280.26,2/5/2023,Winter
18617,18618,905,Payment,5280.73,9/6/2022,Fall
18618,18619,2126,Payment,1565.49,11/5/2024,Fall
18619,18620,4556,Payment,8367.96,4/9/2024,Spring
18620,18621,2804,Payment,8859.63,1/27/2023,Winter
18621,18622,2049,Withdrawal,6617.46,10/15/2022,Fall
18622,18623,2939,Payment,7475.3,3/30/2025,Spring
18623,18624,2264,Payment,3104.44,1/8/2023,Winter
18624,18625,3958,Transfer,9908.59,10/23/2024,Fall
18625,18626,384,Withdrawal,8921.29,5/21/2023,Spring
18626,18627,3502,Transfer,8305.97,8/31/2024,Summer
18627,18628,2226,Deposit,287.16,10/16/2022,Fall
18628,18629,1346,Payment,8207.3,8/16/2023,Summer
18629,18630,1975,Transfer,8072.1,3/28/2023,Spring
18630,18631,2538,Payment,1412.19,1/20/2024,Winter
18631,18632,4504,Payment,1324.43,8/24/2022,Summer
18632,18633,691,Payment,9786.68,6/24/2024,Summer
18633,18634,1776,Transfer,99.8,4/29/2024,Spring
18634,18635,2267,Payment,1114.37,6/13/2023,Summer
18635,18636,579,Withdrawal,90.53,9/12/2024,Fall
18636,18637,1619,Deposit,7537.76,2/11/2023,Winter
18637,18638,4137,Payment,456.91,5/15/2024,Spring
18638,18639,3880,Transfer,8527.2,4/26/2025,Spring
18639,18640,325,Transfer,4303.08,7/17/2023,Summer
18640,18641,2797,Deposit,317.63,7/26/2024,Summer
18641,18642,4786,Withdrawal,2714.71,7/12/2023,Summer
18642,18643,3916,Payment,5913.65,6/7/2023,Summer
18643,18644,3309,Deposit,726.26,7/10/2023,Summer
18644,18645,4314,Deposit,6582.36,6/26/2022,Summer
18645,18646,1596,Transfer,9386.32,7/5/2023,Summer
18646,18647,2894,Payment,9258.34,7/11/2023,Summer
18647,18648,2714,Withdrawal,9895.5,2/10/2023,Winter
18648,18649,800,Payment,1948.79,1/17/2024,Winter
18649,18650,2213,Payment,2265.22,4/26/2024,Spring
18650,18651,1661,Deposit,2822.45,7/28/2024,Summer
18651,18652,1893,Transfer,863.63,2/14/2023,Winter
18652,18653,2556,Withdrawal,2541.26,4/9/2025,Spring
18653,18654,3677,Withdrawal,1441.12,10/25/2023,Fall
18654,18655,3111,Transfer,2900.57,12/17/2024,Winter
18655,18656,771,Withdrawal,5227.47,8/29/2024,Summer
18656,18657,830,Payment,2153.46,9/18/2024,Fall
18657,18658,2248,Withdrawal,9626.94,2/18/2023,Winter
18658,18659,3039,Transfer,4214.58,11/21/2023,Fall
18659,18660,838,Deposit,1639.59,11/25/2023,Fall
18660,18661,1035,Payment,7889.87,1/12/2024,Winter
18661,18662,210,Payment,9323.18,5/30/2023,Spring
18662,18663,4206,Withdrawal,6892.56,7/13/2023,Summer
18663,18664,3667,Payment,2442.61,10/25/2024,Fall
18664,18665,4904,Transfer,6195.27,7/10/2022,Summer
18665,18666,1592,Withdrawal,5225.42,3/31/2023,Spring
18666,18667,4634,Transfer,1665.84,3/24/2025,Spring
18667,18668,2693,Deposit,1322.25,5/22/2023,Spring
18668,18669,3446,Withdrawal,8595.76,8/16/2023,Summer
18669,18670,2962,Deposit,3610.54,1/4/2025,Winter
18670,18671,2418,Payment,5489.81,2/1/2025,Winter
18671,18672,4142,Payment,5590.85,11/8/2024,Fall
18672,18673,423,Withdrawal,916.43,9/8/2024,Fall
18673,18674,1773,Withdrawal,6023.06,3/19/2024,Spring
18674,18675,4787,Deposit,9238,3/2/2023,Spring
18675,18676,1321,Transfer,3558.51,1/2/2024,Winter
18676,18677,4125,Withdrawal,6059.28,2/9/2023,Winter
18677,18678,485,Payment,2416.72,6/30/2023,Summer
18678,18679,912,Transfer,8428.35,5/24/2022,Spring
18679,18680,1293,Payment,6279.87,12/12/2024,Winter
18680,18681,2213,Payment,3846.34,5/1/2024,Spring
18681,18682,3194,Transfer,3696.98,8/19/2023,Summer
18682,18683,210,Withdrawal,6267.36,2/10/2024,Winter
18683,18684,4573,Transfer,4808.77,8/3/2023,Summer
18684,18685,4899,Payment,3536.7,8/29/2022,Summer
18685,18686,4958,Withdrawal,2097.99,9/29/2024,Fall
18686,18687,897,Deposit,5016.2,10/6/2023,Fall
18687,18688,93,Withdrawal,337.1,3/21/2023,Spring
18688,18689,3455,Transfer,6845.01,7/17/2023,Summer
18689,18690,1054,Withdrawal,5175.14,11/16/2022,Fall
18690,18691,2165,Transfer,241.78,6/26/2023,Summer
18691,18692,4510,Payment,350.27,3/8/2024,Spring
18692,18693,4673,Payment,8774.34,3/9/2024,Spring
18693,18694,1725,Transfer,2430.75,9/12/2022,Fall
18694,18695,3123,Withdrawal,5645.26,12/27/2024,Winter
18695,18696,1835,Transfer,9317.1,8/21/2024,Summer
18696,18697,1507,Transfer,1137.17,3/18/2024,Spring
18697,18698,4609,Deposit,9933.25,5/8/2025,Spring
18698,18699,1906,Transfer,3143.73,9/20/2022,Fall
18699,18700,1421,Deposit,7121.82,7/28/2024,Summer
18700,18701,2924,Deposit,839.78,8/10/2023,Summer
18701,18702,1009,Payment,2079.47,8/11/2022,Summer
18702,18703,2893,Deposit,6343.52,12/21/2022,Winter
18703,18704,1424,Deposit,6177.07,2/17/2025,Winter
18704,18705,3371,Deposit,2335.56,5/11/2024,Spring
18705,18706,92,Payment,3877.52,6/23/2023,Summer
18706,18707,480,Transfer,2148.28,5/24/2024,Spring
18707,18708,258,Deposit,8663.23,11/19/2024,Fall
18708,18709,432,Transfer,4054.04,1/31/2024,Winter
18709,18710,1115,Withdrawal,2345.8,9/3/2022,Fall
18710,18711,313,Transfer,5506.11,2/29/2024,Winter
18711,18712,1644,Transfer,1868.68,3/11/2025,Spring
18712,18713,948,Transfer,3333.19,6/25/2023,Summer
18713,18714,992,Payment,2327.24,3/29/2023,Spring
18714,18715,4147,Payment,507.37,6/7/2022,Summer
18715,18716,1327,Withdrawal,8929.52,12/9/2024,Winter
18716,18717,4460,Payment,6759.99,11/19/2024,Fall
18717,18718,1732,Deposit,5852.41,10/22/2023,Fall
18718,18719,2967,Payment,9163.12,9/21/2023,Fall
18719,18720,4948,Withdrawal,9086.01,7/6/2022,Summer
18720,18721,2774,Payment,4091.75,6/26/2022,Summer
18721,18722,921,Payment,1828.97,9/16/2023,Fall
18722,18723,2652,Withdrawal,2795.7,8/10/2023,Summer
18723,18724,2422,Deposit,6938.73,11/7/2024,Fall
18724,18725,3330,Withdrawal,6073.69,3/26/2023,Spring
18725,18726,3293,Deposit,5080.49,6/24/2023,Summer
18726,18727,2503,Transfer,6103.64,1/20/2023,Winter
18727,18728,1255,Withdrawal,1686.16,6/27/2023,Summer
18728,18729,3210,Payment,9176.34,6/11/2023,Summer
18729,18730,4615,Payment,7177.68,12/19/2024,Winter
18730,18731,4399,Deposit,2405.92,4/25/2024,Spring
18731,18732,78,Payment,8547.1,9/9/2022,Fall
18732,18733,222,Transfer,3100.74,2/12/2025,Winter
18733,18734,2758,Transfer,4528.94,11/15/2023,Fall
18734,18735,3272,Deposit,7344.58,10/24/2024,Fall
18735,18736,670,Deposit,1604.96,4/26/2024,Spring
18736,18737,1576,Payment,8483.8,8/2/2022,Summer
18737,18738,2179,Transfer,1095.27,2/20/2024,Winter
18738,18739,2847,Deposit,8587.72,7/9/2022,Summer
18739,18740,4052,Transfer,4014.8,7/15/2023,Summer
18740,18741,3267,Payment,2123.13,6/14/2024,Summer
18741,18742,3855,Deposit,7672.85,12/23/2022,Winter
18742,18743,3274,Transfer,5144.81,3/20/2025,Spring
18743,18744,4447,Withdrawal,5156.46,8/19/2022,Summer
18744,18745,1267,Payment,1418.74,6/30/2023,Summer
18745,18746,1444,Deposit,70.95,10/4/2023,Fall
18746,18747,3239,Withdrawal,687.86,3/3/2025,Spring
18747,18748,1529,Payment,8887.54,5/21/2022,Spring
18748,18749,4144,Transfer,7248.51,7/30/2023,Summer
18749,18750,3893,Deposit,9200.29,1/13/2025,Winter
18750,18751,592,Deposit,9137.47,10/13/2024,Fall
18751,18752,1584,Withdrawal,4434.94,5/10/2024,Spring
18752,18753,2761,Deposit,252.04,7/25/2023,Summer
18753,18754,4701,Withdrawal,7977.33,6/22/2023,Summer
18754,18755,4262,Transfer,5176.97,10/5/2024,Fall
18755,18756,4888,Payment,5754.68,1/26/2024,Winter
18756,18757,2585,Deposit,7041.2,9/18/2022,Fall
18757,18758,1995,Withdrawal,9578.51,5/14/2022,Spring
18758,18759,4145,Withdrawal,1896.22,9/29/2024,Fall
18759,18760,2388,Transfer,5736.57,9/21/2022,Fall
18760,18761,327,Deposit,3911.61,12/31/2024,Winter
18761,18762,1091,Transfer,8795.64,10/25/2024,Fall
18762,18763,2529,Transfer,4658.05,10/16/2024,Fall
18763,18764,262,Withdrawal,6114.62,3/28/2023,Spring
18764,18765,3050,Withdrawal,9864.19,3/11/2024,Spring
18765,18766,123,Payment,9674.52,11/10/2024,Fall
18766,18767,3579,Withdrawal,7882,9/23/2024,Fall
18767,18768,90,Deposit,10.38,3/29/2024,Spring
18768,18769,3656,Withdrawal,3954.09,3/8/2025,Spring
18769,18770,4621,Deposit,4940.7,8/25/2023,Summer
18770,18771,4609,Withdrawal,7056.34,12/1/2022,Winter
18771,18772,175,Deposit,7099.51,12/21/2022,Winter
18772,18773,1158,Deposit,1313.07,10/28/2024,Fall
18773,18774,2176,Transfer,4069.87,9/13/2022,Fall
18774,18775,1626,Transfer,3508.17,3/4/2024,Spring
18775,18776,4571,Payment,461.87,6/19/2024,Summer
18776,18777,618,Transfer,6984.74,1/3/2023,Winter
18777,18778,112,Transfer,1408.2,6/2/2023,Summer
18778,18779,496,Deposit,3496.17,12/8/2023,Winter
18779,18780,4082,Transfer,1312.8,1/19/2025,Winter
18780,18781,1717,Transfer,5799.76,7/2/2023,Summer
18781,18782,597,Deposit,5687.22,4/23/2025,Spring
18782,18783,3645,Payment,9576.97,7/10/2023,Summer
18783,18784,3139,Deposit,7780.67,7/13/2023,Summer
18784,18785,252,Deposit,7599.49,6/2/2022,Summer
18785,18786,2672,Deposit,9992.86,4/30/2023,Spring
18786,18787,2368,Deposit,4487.45,11/5/2023,Fall
18787,18788,959,Deposit,7651.45,2/11/2025,Winter
18788,18789,3184,Withdrawal,2061.93,12/12/2024,Winter
18789,18790,4551,Payment,4836.75,2/13/2024,Winter
18790,18791,2793,Deposit,1569.88,10/14/2023,Fall
18791,18792,2417,Withdrawal,9938.59,11/13/2024,Fall
18792,18793,4423,Payment,3297.26,12/2/2022,Winter
18793,18794,1092,Deposit,4678.33,1/28/2025,Winter
18794,18795,3097,Transfer,3610.37,10/19/2022,Fall
18795,18796,3992,Payment,9540.62,3/23/2023,Spring
18796,18797,4376,Transfer,179.91,9/21/2024,Fall
18797,18798,1933,Transfer,8646.87,12/6/2024,Winter
18798,18799,1655,Transfer,504.66,3/8/2024,Spring
18799,18800,973,Payment,2708.31,4/15/2023,Spring
18800,18801,3356,Withdrawal,1733.15,3/3/2024,Spring
18801,18802,4077,Deposit,5736.32,9/15/2022,Fall
18802,18803,1072,Withdrawal,4977.56,2/25/2024,Winter
18803,18804,1261,Transfer,4203.94,11/25/2022,Fall
18804,18805,2824,Transfer,8620.7,6/6/2023,Summer
18805,18806,2787,Deposit,2226.15,3/27/2023,Spring
18806,18807,281,Withdrawal,2999.27,11/20/2022,Fall
18807,18808,2662,Payment,6435.74,9/28/2022,Fall
18808,18809,861,Payment,373.59,10/9/2022,Fall
18809,18810,2820,Deposit,1530.3,6/27/2023,Summer
18810,18811,1276,Payment,6532.66,7/27/2023,Summer
18811,18812,592,Payment,69.11,1/15/2024,Winter
18812,18813,1709,Deposit,2237.1,9/4/2023,Fall
18813,18814,399,Transfer,1673.49,3/27/2025,Spring
18814,18815,2975,Withdrawal,9231.45,5/27/2024,Spring
18815,18816,2399,Transfer,8236.51,12/5/2022,Winter
18816,18817,3463,Deposit,6473.52,11/24/2022,Fall
18817,18818,667,Transfer,7213.58,11/14/2023,Fall
18818,18819,2568,Payment,1523.51,1/5/2023,Winter
18819,18820,401,Transfer,8272.18,1/10/2024,Winter
18820,18821,3747,Payment,887.48,9/23/2024,Fall
18821,18822,4450,Transfer,9287.97,2/10/2023,Winter
18822,18823,948,Payment,6556.99,4/7/2025,Spring
18823,18824,775,Payment,2041.16,12/21/2024,Winter
18824,18825,1565,Withdrawal,8475.83,4/13/2024,Spring
18825,18826,4242,Payment,1769.61,12/20/2023,Winter
18826,18827,1877,Deposit,2848.72,1/14/2025,Winter
18827,18828,2575,Withdrawal,7665.06,7/4/2022,Summer
18828,18829,4872,Withdrawal,3003.21,8/25/2024,Summer
18829,18830,1818,Deposit,5187.66,12/27/2023,Winter
18830,18831,4588,Withdrawal,616.17,11/25/2023,Fall
18831,18832,3279,Deposit,7279.08,8/16/2023,Summer
18832,18833,1605,Deposit,6802.57,11/10/2023,Fall
18833,18834,1746,Transfer,9297.37,7/23/2022,Summer
18834,18835,2032,Payment,2975.41,4/25/2025,Spring
18835,18836,766,Payment,3043.16,1/29/2025,Winter
18836,18837,2301,Transfer,2456.3,10/20/2024,Fall
18837,18838,1887,Deposit,6110.06,5/5/2023,Spring
18838,18839,4427,Transfer,6147.01,5/9/2023,Spring
18839,18840,1112,Transfer,894.75,1/18/2024,Winter
18840,18841,2681,Withdrawal,2935.65,10/9/2023,Fall
18841,18842,2396,Deposit,7425.01,5/24/2024,Spring
18842,18843,2860,Transfer,8648.63,4/12/2023,Spring
18843,18844,2839,Deposit,9141.41,5/29/2023,Spring
18844,18845,3878,Deposit,4434.4,11/5/2022,Fall
18845,18846,3846,Payment,5522.79,12/9/2024,Winter
18846,18847,1382,Deposit,8128.78,6/13/2023,Summer
18847,18848,3306,Deposit,5739.05,10/25/2022,Fall
18848,18849,2518,Deposit,7915.84,3/11/2024,Spring
18849,18850,409,Transfer,6086.37,3/13/2025,Spring
18850,18851,3858,Payment,1265.91,12/11/2023,Winter
18851,18852,3558,Transfer,4775.11,11/9/2023,Fall
18852,18853,1360,Withdrawal,8864.79,7/14/2023,Summer
18853,18854,2385,Deposit,6530.75,4/29/2023,Spring
18854,18855,1714,Withdrawal,7216.73,9/28/2022,Fall
18855,18856,4797,Withdrawal,2813.44,6/30/2023,Summer
18856,18857,2374,Deposit,5998.6,9/5/2024,Fall
18857,18858,1399,Transfer,6490.87,3/11/2024,Spring
18858,18859,430,Payment,7707.91,7/24/2024,Summer
18859,18860,529,Withdrawal,5296.15,12/18/2022,Winter
18860,18861,3288,Withdrawal,5907.31,5/16/2024,Spring
18861,18862,1935,Payment,8465.62,2/22/2023,Winter
18862,18863,377,Withdrawal,1663.09,6/9/2023,Summer
18863,18864,1688,Deposit,8823.82,9/9/2022,Fall
18864,18865,1880,Payment,5426.76,12/29/2022,Winter
18865,18866,2437,Transfer,712.07,12/10/2024,Winter
18866,18867,3287,Withdrawal,5790.11,7/2/2024,Summer
18867,18868,1508,Payment,4788.45,8/22/2023,Summer
18868,18869,3723,Transfer,3099.59,9/10/2023,Fall
18869,18870,151,Deposit,5595.68,10/29/2024,Fall
18870,18871,112,Deposit,4992.67,12/25/2023,Winter
18871,18872,3755,Payment,4618.39,9/23/2024,Fall
18872,18873,2036,Payment,8717.79,6/14/2024,Summer
18873,18874,3429,Withdrawal,5405.47,5/9/2023,Spring
18874,18875,145,Payment,4921.22,3/28/2023,Spring
18875,18876,748,Transfer,7110.8,8/3/2022,Summer
18876,18877,4563,Transfer,478.65,5/24/2024,Spring
18877,18878,103,Payment,9850.97,6/9/2024,Summer
18878,18879,1624,Deposit,8546.77,7/9/2023,Summer
18879,18880,1266,Transfer,2327.92,9/13/2024,Fall
18880,18881,520,Deposit,466.17,8/26/2024,Summer
18881,18882,181,Payment,1394.7,8/6/2024,Summer
18882,18883,4140,Transfer,6990.2,4/25/2023,Spring
18883,18884,2432,Payment,1300.19,6/3/2023,Summer
18884,18885,2938,Transfer,1085.2,10/1/2022,Fall
18885,18886,584,Withdrawal,1073.2,7/1/2023,Summer
18886,18887,1296,Deposit,2925.67,8/11/2024,Summer
18887,18888,3576,Payment,6586.5,2/1/2023,Winter
18888,18889,4693,Deposit,7718.96,6/18/2023,Summer
18889,18890,2073,Transfer,9474.05,6/11/2022,Summer
18890,18891,390,Deposit,4736.63,10/9/2022,Fall
18891,18892,1127,Deposit,4283.77,1/31/2023,Winter
18892,18893,2685,Transfer,5800.54,3/13/2023,Spring
18893,18894,3361,Payment,8090.66,1/11/2025,Winter
18894,18895,2814,Deposit,2491.06,8/6/2024,Summer
18895,18896,2102,Deposit,2354.56,8/8/2023,Summer
18896,18897,830,Payment,4920.46,6/5/2024,Summer
18897,18898,2088,Withdrawal,6392.31,4/17/2024,Spring
18898,18899,368,Withdrawal,8534.88,6/15/2023,Summer
18899,18900,2936,Deposit,2811.08,8/16/2024,Summer
18900,18901,2189,Deposit,66.99,1/17/2024,Winter
18901,18902,3972,Transfer,7886.47,10/29/2024,Fall
18902,18903,4382,Transfer,7869.09,2/19/2024,Winter
18903,18904,1494,Withdrawal,8635.88,8/24/2024,Summer
18904,18905,4152,Withdrawal,1903.77,1/10/2024,Winter
18905,18906,1115,Deposit,5478.8,10/9/2024,Fall
18906,18907,15,Transfer,3680.91,10/9/2022,Fall
18907,18908,2709,Transfer,944.45,3/7/2025,Spring
18908,18909,1721,Payment,5995.52,8/15/2022,Summer
18909,18910,3502,Deposit,5889.32,6/10/2023,Summer
18910,18911,2748,Payment,9590.35,4/16/2024,Spring
18911,18912,4501,Withdrawal,9417.5,3/12/2024,Spring
18912,18913,882,Deposit,3176,9/2/2023,Fall
18913,18914,3805,Deposit,6557.86,1/8/2025,Winter
18914,18915,1950,Payment,1730.42,11/18/2022,Fall
18915,18916,3530,Payment,8565.75,11/12/2023,Fall
18916,18917,4543,Transfer,3627.16,1/17/2024,Winter
18917,18918,1961,Transfer,3857.62,4/4/2023,Spring
18918,18919,2744,Transfer,3734.22,8/22/2022,Summer
18919,18920,2044,Withdrawal,7986.14,7/26/2022,Summer
18920,18921,3017,Withdrawal,6832.88,10/12/2024,Fall
18921,18922,2346,Payment,8065.89,11/14/2023,Fall
18922,18923,3436,Deposit,7180.67,4/15/2024,Spring
18923,18924,2277,Withdrawal,9174.63,4/14/2024,Spring
18924,18925,1136,Transfer,4567.98,9/4/2023,Fall
18925,18926,4879,Payment,8310.15,11/14/2022,Fall
18926,18927,1654,Withdrawal,2087.4,12/29/2024,Winter
18927,18928,4292,Deposit,1696.67,2/6/2023,Winter
18928,18929,3217,Withdrawal,115.78,3/9/2025,Spring
18929,18930,2698,Transfer,4095.33,8/22/2024,Summer
18930,18931,3159,Payment,8766.61,9/11/2023,Fall
18931,18932,1182,Transfer,1857.25,7/21/2023,Summer
18932,18933,1199,Payment,388.56,4/6/2024,Spring
18933,18934,2925,Withdrawal,6293.07,12/9/2024,Winter
18934,18935,3007,Withdrawal,1329.66,5/19/2023,Spring
18935,18936,830,Transfer,1665.28,8/3/2022,Summer
18936,18937,4227,Deposit,5891.17,8/11/2024,Summer
18937,18938,4302,Payment,6867.14,3/22/2025,Spring
18938,18939,931,Withdrawal,4687.43,7/8/2023,Summer
18939,18940,878,Payment,5504.68,3/6/2024,Spring
18940,18941,2144,Payment,1625.63,12/24/2024,Winter
18941,18942,365,Withdrawal,7256.58,10/4/2023,Fall
18942,18943,2319,Withdrawal,2277.19,9/3/2024,Fall
18943,18944,25,Payment,9200.43,9/5/2022,Fall
18944,18945,1120,Withdrawal,8475.23,11/6/2022,Fall
18945,18946,1426,Withdrawal,8944.07,10/10/2022,Fall
18946,18947,2086,Withdrawal,2125.46,2/23/2025,Winter
18947,18948,1173,Deposit,4136.02,11/23/2024,Fall
18948,18949,3176,Deposit,4480.24,3/22/2024,Spring
18949,18950,4280,Transfer,1595.33,9/25/2022,Fall
18950,18951,2611,Deposit,9274.52,3/11/2024,Spring
18951,18952,4992,Transfer,7681.93,1/3/2023,Winter
18952,18953,4584,Transfer,2961.1,6/28/2022,Summer
18953,18954,4098,Payment,4667.01,7/28/2023,Summer
18954,18955,737,Deposit,1568.43,10/5/2023,Fall
18955,18956,2960,Deposit,1650.95,3/28/2023,Spring
18956,18957,3374,Transfer,5717.52,7/31/2023,Summer
18957,18958,2646,Deposit,8499.65,2/23/2023,Winter
18958,18959,503,Transfer,1337.2,9/19/2022,Fall
18959,18960,4447,Withdrawal,2476.58,1/20/2025,Winter
18960,18961,2970,Deposit,3472.31,10/13/2024,Fall
18961,18962,2186,Transfer,758.48,8/7/2022,Summer
18962,18963,4053,Deposit,2587.31,1/5/2024,Winter
18963,18964,202,Withdrawal,689.43,6/16/2023,Summer
18964,18965,2939,Payment,9457.51,9/16/2024,Fall
18965,18966,3478,Withdrawal,2287.06,10/19/2022,Fall
18966,18967,4264,Payment,1382.64,1/10/2025,Winter
18967,18968,1635,Payment,9024.01,5/22/2024,Spring
18968,18969,4453,Transfer,1192.18,6/16/2023,Summer
18969,18970,3986,Withdrawal,6304.12,11/5/2022,Fall
18970,18971,423,Withdrawal,9478.02,10/23/2023,Fall
18971,18972,878,Payment,9736.27,3/30/2025,Spring
18972,18973,4586,Deposit,7866.39,4/7/2023,Spring
18973,18974,1736,Transfer,461.56,6/8/2022,Summer
18974,18975,4403,Withdrawal,6265.49,2/29/2024,Winter
18975,18976,1577,Withdrawal,5837.77,12/15/2024,Winter
18976,18977,857,Withdrawal,6232.73,2/5/2023,Winter
18977,18978,2238,Transfer,1610.99,11/24/2022,Fall
18978,18979,4667,Payment,3412.82,5/4/2025,Spring
18979,18980,1015,Deposit,320.04,2/22/2023,Winter
18980,18981,1767,Payment,821.49,4/13/2023,Spring
18981,18982,270,Deposit,4976.47,11/1/2024,Fall
18982,18983,4501,Payment,2182.05,8/4/2024,Summer
18983,18984,3729,Payment,4845.01,7/23/2022,Summer
18984,18985,3919,Transfer,9373.89,4/10/2025,Spring
18985,18986,2891,Payment,7632.62,12/29/2024,Winter
18986,18987,1985,Deposit,859.21,3/15/2023,Spring
18987,18988,3882,Withdrawal,4728.18,10/18/2022,Fall
18988,18989,2389,Deposit,3643.57,8/2/2023,Summer
18989,18990,4886,Withdrawal,4056.84,2/15/2024,Winter
18990,18991,1491,Payment,8645.53,3/27/2025,Spring
18991,18992,4656,Transfer,7311.25,5/23/2024,Spring
18992,18993,1017,Deposit,1587.97,11/13/2022,Fall
18993,18994,1660,Payment,7197.91,2/4/2024,Winter
18994,18995,2269,Withdrawal,9299.59,11/17/2024,Fall
18995,18996,4507,Deposit,5993.23,10/27/2023,Fall
18996,18997,87,Withdrawal,9750.33,1/22/2024,Winter
18997,18998,2174,Withdrawal,1941.23,3/19/2025,Spring
18998,18999,1142,Deposit,1184.78,3/20/2025,Spring
18999,19000,2837,Withdrawal,308.47,3/2/2025,Spring
19000,19001,4170,Withdrawal,8491.4,11/24/2023,Fall
19001,19002,1388,Withdrawal,8057.97,9/3/2022,Fall
19002,19003,2503,Transfer,1772.73,2/13/2024,Winter
19003,19004,4232,Transfer,2905.43,5/5/2025,Spring
19004,19005,992,Deposit,6740.39,6/25/2023,Summer
19005,19006,2527,Transfer,3813.21,5/2/2025,Spring
19006,19007,2228,Transfer,6176.97,3/12/2025,Spring
19007,19008,4021,Withdrawal,9564.22,3/27/2023,Spring
19008,19009,4280,Deposit,4262.6,9/23/2023,Fall
19009,19010,3696,Payment,6412.34,8/21/2022,Summer
19010,19011,553,Transfer,1686.89,10/28/2022,Fall
19011,19012,4930,Payment,7417.48,10/7/2024,Fall
19012,19013,2624,Withdrawal,7432.88,5/18/2024,Spring
19013,19014,632,Deposit,7118.04,9/25/2023,Fall
19014,19015,1383,Withdrawal,1241.16,1/16/2024,Winter
19015,19016,2314,Transfer,8642.26,3/22/2025,Spring
19016,19017,2055,Deposit,1522.07,9/24/2024,Fall
19017,19018,173,Withdrawal,777.8,2/9/2025,Winter
19018,19019,4366,Withdrawal,2449.56,1/8/2025,Winter
19019,19020,4197,Deposit,6737.03,6/7/2024,Summer
19020,19021,1840,Deposit,8209.45,4/18/2023,Spring
19021,19022,4078,Transfer,5083.78,4/19/2025,Spring
19022,19023,4375,Deposit,7643.72,11/4/2024,Fall
19023,19024,1656,Transfer,5716.01,2/13/2023,Winter
19024,19025,822,Transfer,4011.77,11/20/2022,Fall
19025,19026,1598,Transfer,7177.66,2/6/2023,Winter
19026,19027,3577,Payment,8501.99,5/2/2023,Spring
19027,19028,3511,Transfer,8959.49,5/26/2024,Spring
19028,19029,807,Deposit,1501.21,12/18/2022,Winter
19029,19030,806,Withdrawal,7016.97,4/19/2023,Spring
19030,19031,536,Deposit,6485.55,9/18/2022,Fall
19031,19032,1768,Transfer,2631.03,4/12/2025,Spring
19032,19033,4409,Transfer,7376.05,3/10/2025,Spring
19033,19034,4754,Deposit,8748.73,1/3/2023,Winter
19034,19035,539,Withdrawal,9169.62,4/6/2024,Spring
19035,19036,3890,Transfer,9669.2,9/17/2022,Fall
19036,19037,213,Deposit,8762.88,2/10/2025,Winter
19037,19038,3044,Withdrawal,9586.58,12/8/2024,Winter
19038,19039,2396,Payment,4965.71,8/21/2023,Summer
19039,19040,3153,Withdrawal,3790.72,12/23/2024,Winter
19040,19041,2006,Deposit,430.28,8/30/2023,Summer
19041,19042,4429,Withdrawal,4177.71,6/13/2024,Summer
19042,19043,2974,Withdrawal,8168.58,4/7/2024,Spring
19043,19044,120,Transfer,6954.97,1/8/2025,Winter
19044,19045,2914,Payment,382.21,4/1/2025,Spring
19045,19046,2228,Withdrawal,5411.46,12/6/2024,Winter
19046,19047,3814,Withdrawal,2593.83,1/29/2024,Winter
19047,19048,3508,Withdrawal,8117.61,7/20/2023,Summer
19048,19049,3567,Withdrawal,1774.12,12/6/2023,Winter
19049,19050,2243,Deposit,9283.33,9/4/2024,Fall
19050,19051,3790,Transfer,7603.33,2/15/2025,Winter
19051,19052,4716,Payment,816.51,12/29/2022,Winter
19052,19053,1028,Payment,7412.47,4/12/2024,Spring
19053,19054,2698,Deposit,6654.99,7/17/2024,Summer
19054,19055,4156,Deposit,918.44,10/23/2024,Fall
19055,19056,2274,Payment,6516.34,12/27/2024,Winter
19056,19057,4985,Transfer,4628.65,1/5/2025,Winter
19057,19058,3963,Payment,7037.29,5/3/2025,Spring
19058,19059,1289,Payment,9698.23,10/27/2022,Fall
19059,19060,215,Payment,7055.46,4/3/2024,Spring
19060,19061,3751,Payment,547.55,12/13/2024,Winter
19061,19062,1029,Payment,7920.56,11/9/2022,Fall
19062,19063,2402,Withdrawal,29.72,12/1/2024,Winter
19063,19064,1269,Deposit,7948.49,11/29/2022,Fall
19064,19065,3964,Payment,3147.72,6/19/2023,Summer
19065,19066,602,Deposit,8591.26,8/15/2022,Summer
19066,19067,3997,Payment,4270.6,1/1/2025,Winter
19067,19068,1672,Payment,9093.6,12/15/2023,Winter
19068,19069,4640,Withdrawal,7317.2,12/30/2023,Winter
19069,19070,2530,Deposit,4819.35,6/24/2024,Summer
19070,19071,3582,Transfer,3194.29,1/20/2023,Winter
19071,19072,589,Deposit,6154.27,5/28/2024,Spring
19072,19073,605,Withdrawal,1479.5,11/15/2022,Fall
19073,19074,2311,Withdrawal,1590.02,12/9/2022,Winter
19074,19075,4563,Withdrawal,6163.52,1/10/2024,Winter
19075,19076,1952,Withdrawal,4946.36,11/23/2024,Fall
19076,19077,2840,Transfer,4483.96,11/28/2022,Fall
19077,19078,3549,Payment,8578.78,5/21/2023,Spring
19078,19079,2642,Deposit,6485.61,5/23/2024,Spring
19079,19080,4680,Payment,8161.4,3/22/2024,Spring
19080,19081,1919,Withdrawal,9600.54,2/9/2025,Winter
19081,19082,3463,Deposit,7666.22,11/3/2024,Fall
19082,19083,698,Deposit,3232.66,2/26/2023,Winter
19083,19084,2116,Transfer,2805.54,1/18/2023,Winter
19084,19085,4302,Transfer,7309.14,5/10/2023,Spring
19085,19086,3496,Transfer,3652.03,3/2/2024,Spring
19086,19087,1181,Payment,1278.81,10/4/2022,Fall
19087,19088,3823,Payment,2659.29,2/8/2025,Winter
19088,19089,2708,Transfer,7220.91,2/3/2023,Winter
19089,19090,30,Deposit,9640.15,1/11/2023,Winter
19090,19091,3852,Transfer,3663.6,5/4/2025,Spring
19091,19092,1364,Payment,3636.86,1/26/2025,Winter
19092,19093,4914,Withdrawal,5673.08,10/23/2024,Fall
19093,19094,3695,Deposit,1799.02,12/23/2024,Winter
19094,19095,3409,Payment,4142.8,4/28/2023,Spring
19095,19096,2243,Deposit,298.7,8/19/2022,Summer
19096,19097,4396,Transfer,4206.3,2/24/2024,Winter
19097,19098,2658,Withdrawal,4138.21,10/23/2023,Fall
19098,19099,3435,Transfer,1663.23,1/12/2025,Winter
19099,19100,3294,Payment,9325.58,2/17/2023,Winter
19100,19101,4679,Payment,2609.32,3/25/2024,Spring
19101,19102,1383,Withdrawal,316.15,8/18/2022,Summer
19102,19103,40,Transfer,707.83,10/21/2024,Fall
19103,19104,391,Payment,6675.85,5/8/2024,Spring
19104,19105,2374,Payment,9201.53,3/17/2025,Spring
19105,19106,4381,Withdrawal,3308.21,9/21/2024,Fall
19106,19107,3413,Payment,2150.21,10/12/2023,Fall
19107,19108,479,Deposit,2257.03,9/10/2023,Fall
19108,19109,4362,Payment,2436.69,12/4/2023,Winter
19109,19110,1595,Payment,9167.13,5/28/2023,Spring
19110,19111,1593,Deposit,3168.84,9/19/2023,Fall
19111,19112,2338,Deposit,302.66,12/12/2023,Winter
19112,19113,4122,Deposit,1295.97,10/5/2022,Fall
19113,19114,1760,Transfer,8697.59,8/9/2023,Summer
19114,19115,1130,Transfer,8435.61,2/3/2025,Winter
19115,19116,1828,Deposit,3106.27,4/2/2024,Spring
19116,19117,2655,Withdrawal,8533.35,3/29/2025,Spring
19117,19118,1400,Deposit,3147.43,4/1/2025,Spring
19118,19119,2647,Withdrawal,8858.81,6/24/2024,Summer
19119,19120,3770,Transfer,3462.06,1/24/2024,Winter
19120,19121,1871,Payment,3341.1,8/17/2022,Summer
19121,19122,1644,Transfer,4605.32,5/8/2024,Spring
19122,19123,3252,Transfer,2754.61,12/15/2023,Winter
19123,19124,1333,Transfer,2181.35,12/14/2023,Winter
19124,19125,1763,Deposit,6580.56,6/2/2024,Summer
19125,19126,262,Payment,9078.98,3/12/2024,Spring
19126,19127,3378,Withdrawal,3808.87,7/15/2023,Summer
19127,19128,1645,Payment,7060.81,5/12/2022,Spring
19128,19129,1595,Transfer,983.05,2/1/2024,Winter
19129,19130,2322,Payment,7219.76,3/7/2023,Spring
19130,19131,4520,Withdrawal,5359.89,1/19/2025,Winter
19131,19132,3360,Transfer,5087.11,8/9/2023,Summer
19132,19133,3074,Deposit,8491.65,12/10/2022,Winter
19133,19134,2372,Withdrawal,1356.15,5/26/2024,Spring
19134,19135,1255,Payment,6989.6,9/3/2022,Fall
19135,19136,1372,Withdrawal,1592.21,8/23/2022,Summer
19136,19137,3917,Withdrawal,8676.24,8/8/2024,Summer
19137,19138,4311,Payment,8811.62,4/10/2025,Spring
19138,19139,4829,Payment,5159.97,5/20/2023,Spring
19139,19140,3109,Payment,2347.08,7/7/2022,Summer
19140,19141,3089,Payment,3135.84,8/30/2023,Summer
19141,19142,655,Payment,1837.88,1/17/2024,Winter
19142,19143,325,Payment,478.65,6/26/2022,Summer
19143,19144,300,Transfer,7704.42,8/13/2024,Summer
19144,19145,445,Deposit,1447.15,12/8/2023,Winter
19145,19146,1192,Deposit,1920.24,9/12/2022,Fall
19146,19147,1857,Withdrawal,2580.97,12/5/2022,Winter
19147,19148,969,Payment,7145.48,7/31/2023,Summer
19148,19149,2283,Transfer,22.57,12/2/2022,Winter
19149,19150,3987,Deposit,9126.68,5/14/2024,Spring
19150,19151,620,Payment,766.8,10/17/2024,Fall
19151,19152,4651,Payment,891.36,5/2/2024,Spring
19152,19153,3586,Transfer,756.17,3/26/2025,Spring
19153,19154,4137,Payment,6832.32,5/19/2024,Spring
19154,19155,2948,Deposit,6281.01,12/8/2022,Winter
19155,19156,4734,Deposit,9661.31,7/18/2024,Summer
19156,19157,4070,Withdrawal,6128.96,12/25/2022,Winter
19157,19158,2764,Withdrawal,3650.76,11/17/2022,Fall
19158,19159,2406,Withdrawal,9436.55,12/4/2023,Winter
19159,19160,3478,Withdrawal,4860.52,3/4/2025,Spring
19160,19161,2862,Deposit,5962.77,9/22/2024,Fall
19161,19162,2216,Deposit,3517.4,1/21/2023,Winter
19162,19163,634,Withdrawal,6335.89,8/20/2023,Summer
19163,19164,4767,Transfer,2602.5,8/28/2023,Summer
19164,19165,2541,Deposit,4194.62,9/12/2022,Fall
19165,19166,3421,Transfer,5859.84,11/12/2024,Fall
19166,19167,4892,Transfer,3956.11,1/20/2025,Winter
19167,19168,3227,Withdrawal,249.46,5/18/2023,Spring
19168,19169,2455,Deposit,5891.08,4/16/2023,Spring
19169,19170,3264,Withdrawal,9800.72,12/14/2022,Winter
19170,19171,3683,Payment,318.17,9/10/2023,Fall
19171,19172,3780,Deposit,6979.94,12/8/2024,Winter
19172,19173,3591,Deposit,9132.54,3/26/2023,Spring
19173,19174,4953,Withdrawal,6320.38,12/29/2023,Winter
19174,19175,2484,Withdrawal,4564.23,8/15/2024,Summer
19175,19176,1533,Payment,9791.58,4/6/2024,Spring
19176,19177,3082,Payment,4165.66,12/3/2022,Winter
19177,19178,1369,Payment,3806.65,1/7/2023,Winter
19178,19179,4170,Withdrawal,6852.25,8/8/2024,Summer
19179,19180,4357,Deposit,2409.5,5/7/2023,Spring
19180,19181,817,Deposit,8787.16,6/8/2022,Summer
19181,19182,3106,Withdrawal,3487.21,2/4/2023,Winter
19182,19183,1461,Deposit,7812.74,7/11/2023,Summer
19183,19184,4059,Withdrawal,112.22,3/15/2025,Spring
19184,19185,1947,Withdrawal,764.59,3/30/2025,Spring
19185,19186,3632,Payment,4186.32,8/4/2022,Summer
19186,19187,65,Payment,786.32,8/9/2022,Summer
19187,19188,224,Transfer,6886.78,11/30/2022,Fall
19188,19189,4540,Deposit,7883.72,5/17/2024,Spring
19189,19190,4253,Withdrawal,9977.7,5/7/2024,Spring
19190,19191,4859,Transfer,4107.76,7/14/2024,Summer
19191,19192,2595,Transfer,9468.94,10/22/2022,Fall
19192,19193,3021,Transfer,3291.78,6/11/2024,Summer
19193,19194,4427,Withdrawal,8128.75,10/21/2022,Fall
19194,19195,2437,Deposit,6919.42,4/15/2023,Spring
19195,19196,3259,Withdrawal,4713.39,4/17/2024,Spring
19196,19197,878,Deposit,1166.79,9/6/2022,Fall
19197,19198,3280,Withdrawal,6436.17,12/24/2023,Winter
19198,19199,1919,Withdrawal,4146.95,5/16/2022,Spring
19199,19200,864,Withdrawal,8512.82,10/13/2024,Fall
19200,19201,1090,Deposit,9808.55,11/26/2024,Fall
19201,19202,3472,Transfer,1819.96,5/18/2022,Spring
19202,19203,3357,Deposit,7635.32,5/22/2023,Spring
19203,19204,4617,Payment,913.56,2/1/2024,Winter
19204,19205,1846,Withdrawal,3413.91,9/16/2024,Fall
19205,19206,2228,Transfer,4507.37,8/6/2023,Summer
19206,19207,2206,Payment,5670.5,4/7/2025,Spring
19207,19208,2797,Withdrawal,7081.94,1/9/2024,Winter
19208,19209,1964,Payment,2345.64,12/12/2023,Winter
19209,19210,2719,Withdrawal,2496.89,10/18/2023,Fall
19210,19211,4769,Transfer,9537.89,10/19/2023,Fall
19211,19212,4812,Transfer,3822.79,4/20/2025,Spring
19212,19213,3946,Transfer,1057.94,8/15/2022,Summer
19213,19214,665,Payment,128.03,6/7/2024,Summer
19214,19215,4394,Withdrawal,2623.38,9/9/2024,Fall
19215,19216,4673,Deposit,1116.23,7/25/2023,Summer
19216,19217,2191,Withdrawal,3295.94,2/12/2023,Winter
19217,19218,810,Deposit,7027.88,3/21/2023,Spring
19218,19219,2766,Withdrawal,8768.71,3/20/2023,Spring
19219,19220,564,Payment,1154.51,9/10/2023,Fall
19220,19221,2750,Payment,5493,7/17/2023,Summer
19221,19222,3268,Withdrawal,801.18,8/17/2024,Summer
19222,19223,2739,Withdrawal,4454.25,4/1/2023,Spring
19223,19224,4763,Payment,7024.57,2/27/2025,Winter
19224,19225,2334,Transfer,4394.96,7/2/2023,Summer
19225,19226,3810,Transfer,73.35,4/12/2023,Spring
19226,19227,1420,Payment,8191.18,6/11/2022,Summer
19227,19228,1011,Payment,1361.81,6/24/2024,Summer
19228,19229,4196,Deposit,2219.65,3/30/2023,Spring
19229,19230,3277,Transfer,8942.31,6/14/2024,Summer
19230,19231,1189,Deposit,1679.7,2/27/2025,Winter
19231,19232,1851,Transfer,6792.92,3/22/2023,Spring
19232,19233,4597,Deposit,141.08,3/21/2024,Spring
19233,19234,2933,Withdrawal,6346.02,12/21/2023,Winter
19234,19235,2597,Transfer,1893.1,3/6/2025,Spring
19235,19236,2708,Payment,389.29,12/22/2022,Winter
19236,19237,3184,Withdrawal,3238.73,1/8/2025,Winter
19237,19238,2303,Withdrawal,3366.72,11/24/2023,Fall
19238,19239,331,Transfer,5476.23,4/24/2024,Spring
19239,19240,4753,Payment,3882.69,8/23/2023,Summer
19240,19241,3185,Withdrawal,1847.44,6/5/2023,Summer
19241,19242,3060,Transfer,9114.75,5/4/2023,Spring
19242,19243,1229,Withdrawal,4268.23,7/6/2024,Summer
19243,19244,1522,Withdrawal,6120.78,6/26/2022,Summer
19244,19245,3369,Deposit,9653.1,8/27/2023,Summer
19245,19246,4498,Deposit,8274.05,8/20/2023,Summer
19246,19247,165,Deposit,8993.98,2/17/2023,Winter
19247,19248,1723,Deposit,6631.97,2/25/2025,Winter
19248,19249,2966,Withdrawal,4070.21,4/10/2025,Spring
19249,19250,2147,Payment,5213.96,6/7/2024,Summer
19250,19251,4576,Transfer,3073.4,10/23/2024,Fall
19251,19252,3170,Deposit,9238.96,5/30/2024,Spring
19252,19253,4051,Deposit,7581.69,2/1/2025,Winter
19253,19254,3951,Payment,5967.08,8/2/2023,Summer
19254,19255,1673,Transfer,9739.29,3/23/2024,Spring
19255,19256,3789,Deposit,9316.11,12/2/2024,Winter
19256,19257,2850,Withdrawal,6667.89,12/1/2023,Winter
19257,19258,3767,Transfer,1097.9,8/15/2023,Summer
19258,19259,4001,Transfer,7345.06,8/22/2023,Summer
19259,19260,3941,Deposit,9583.16,4/1/2024,Spring
19260,19261,4010,Payment,6360.8,11/27/2024,Fall
19261,19262,902,Deposit,3038.43,6/3/2024,Summer
19262,19263,3843,Deposit,9844.47,4/10/2024,Spring
19263,19264,1202,Transfer,5118.72,1/9/2023,Winter
19264,19265,3270,Payment,3579.06,6/21/2024,Summer
19265,19266,352,Transfer,6866.58,8/24/2024,Summer
19266,19267,4490,Transfer,1721.43,12/6/2022,Winter
19267,19268,644,Payment,2272.6,2/10/2023,Winter
19268,19269,1314,Payment,1479.26,5/4/2024,Spring
19269,19270,2892,Transfer,9503.97,5/20/2022,Spring
19270,19271,1963,Withdrawal,439.02,8/1/2022,Summer
19271,19272,1936,Transfer,1444.82,10/10/2022,Fall
19272,19273,2791,Deposit,3987.48,2/14/2025,Winter
19273,19274,4882,Payment,4477.36,10/8/2024,Fall
19274,19275,4269,Transfer,3055.19,3/6/2025,Spring
19275,19276,2920,Withdrawal,2243.5,11/9/2022,Fall
19276,19277,2068,Withdrawal,5225.23,6/15/2024,Summer
19277,19278,4642,Payment,6935.63,8/22/2024,Summer
19278,19279,1720,Deposit,8496.09,4/22/2024,Spring
19279,19280,4745,Withdrawal,1225.02,1/31/2023,Winter
19280,19281,862,Transfer,5321.25,8/7/2023,Summer
19281,19282,1726,Withdrawal,6249.38,12/7/2022,Winter
19282,19283,4104,Transfer,3720.21,12/14/2024,Winter
19283,19284,1156,Transfer,8804.43,2/4/2025,Winter
19284,19285,52,Transfer,7268.11,8/30/2022,Summer
19285,19286,4432,Deposit,3658.36,11/28/2023,Fall
19286,19287,2403,Deposit,3920.65,6/14/2023,Summer
19287,19288,3069,Withdrawal,2259.67,2/12/2023,Winter
19288,19289,2108,Transfer,3056.47,12/4/2024,Winter
19289,19290,3283,Withdrawal,465.33,5/24/2024,Spring
19290,19291,4479,Payment,3652.23,10/22/2024,Fall
19291,19292,1065,Deposit,855.81,6/29/2023,Summer
19292,19293,92,Deposit,9348.48,1/25/2025,Winter
19293,19294,4909,Transfer,7578.46,7/19/2024,Summer
19294,19295,4066,Deposit,1301.3,5/30/2023,Spring
19295,19296,366,Deposit,8123.08,10/18/2023,Fall
19296,19297,2040,Transfer,5497.45,8/11/2024,Summer
19297,19298,4382,Payment,4296.58,10/16/2022,Fall
19298,19299,3701,Transfer,998.18,10/5/2024,Fall
19299,19300,515,Transfer,7876.27,4/11/2023,Spring
19300,19301,776,Deposit,2996.34,11/6/2023,Fall
19301,19302,2988,Payment,2046.28,4/29/2024,Spring
19302,19303,2400,Deposit,5470.46,4/14/2024,Spring
19303,19304,4586,Deposit,2346.91,1/25/2024,Winter
19304,19305,1346,Deposit,9959.3,5/12/2022,Spring
19305,19306,1725,Deposit,2417.94,3/18/2023,Spring
19306,19307,404,Payment,6058.95,3/26/2024,Spring
19307,19308,2448,Transfer,8298.04,12/28/2022,Winter
19308,19309,4659,Transfer,2636.44,8/1/2024,Summer
19309,19310,1647,Deposit,4043.09,10/14/2023,Fall
19310,19311,3411,Transfer,1072.6,7/21/2022,Summer
19311,19312,60,Deposit,2375.2,7/29/2024,Summer
19312,19313,3500,Transfer,3652.84,4/24/2024,Spring
19313,19314,1001,Withdrawal,4222.78,7/15/2022,Summer
19314,19315,4772,Transfer,8753.51,6/14/2022,Summer
19315,19316,3262,Deposit,4591.91,4/23/2025,Spring
19316,19317,1306,Withdrawal,8916.94,12/14/2023,Winter
19317,19318,3387,Withdrawal,9024.15,10/23/2023,Fall
19318,19319,2958,Transfer,3596.13,5/20/2024,Spring
19319,19320,3668,Deposit,6007.29,6/2/2024,Summer
19320,19321,3404,Withdrawal,3334.84,6/9/2023,Summer
19321,19322,3698,Withdrawal,3276.94,3/2/2025,Spring
19322,19323,2778,Payment,7676.53,10/3/2024,Fall
19323,19324,2596,Deposit,8764.35,6/12/2024,Summer
19324,19325,4082,Withdrawal,5492.65,11/9/2024,Fall
19325,19326,1174,Transfer,523.45,11/25/2023,Fall
19326,19327,445,Deposit,4315.33,11/21/2022,Fall
19327,19328,440,Withdrawal,5118.2,9/25/2023,Fall
19328,19329,2077,Withdrawal,1871.77,10/31/2024,Fall
19329,19330,1801,Withdrawal,3463.63,6/10/2024,Summer
19330,19331,1373,Transfer,3662.47,4/13/2023,Spring
19331,19332,4274,Deposit,1430.43,10/16/2024,Fall
19332,19333,4496,Payment,3646.4,12/20/2024,Winter
19333,19334,54,Withdrawal,2545.54,5/20/2022,Spring
19334,19335,1021,Transfer,2710.34,11/23/2022,Fall
19335,19336,4529,Deposit,7004.8,10/4/2024,Fall
19336,19337,4148,Transfer,4509.1,2/26/2023,Winter
19337,19338,369,Payment,8809.57,1/20/2024,Winter
19338,19339,585,Withdrawal,5709.5,7/5/2022,Summer
19339,19340,2238,Transfer,9300.52,9/18/2024,Fall
19340,19341,2511,Withdrawal,2442.12,5/25/2024,Spring
19341,19342,1826,Withdrawal,5909.88,12/9/2024,Winter
19342,19343,2339,Transfer,3892.53,3/24/2025,Spring
19343,19344,2090,Withdrawal,9697.11,1/15/2023,Winter
19344,19345,3455,Deposit,9564.54,9/4/2022,Fall
19345,19346,2816,Transfer,5437.14,12/22/2022,Winter
19346,19347,3615,Transfer,1315.44,3/31/2025,Spring
19347,19348,1087,Transfer,5838.91,3/6/2025,Spring
19348,19349,4500,Deposit,2029.94,5/13/2024,Spring
19349,19350,599,Payment,5062.23,8/30/2024,Summer
19350,19351,3041,Withdrawal,6236.24,10/24/2024,Fall
19351,19352,3100,Deposit,1582.85,7/19/2022,Summer
19352,19353,2641,Deposit,5231.39,5/25/2022,Spring
19353,19354,2372,Payment,2533.23,5/28/2024,Spring
19354,19355,2154,Withdrawal,2871.88,2/17/2023,Winter
19355,19356,1106,Withdrawal,7778.94,7/28/2024,Summer
19356,19357,2756,Deposit,1175.33,12/6/2023,Winter
19357,19358,1840,Deposit,4526.83,11/22/2022,Fall
19358,19359,817,Deposit,3613.21,6/12/2022,Summer
19359,19360,1971,Deposit,2669.88,1/23/2023,Winter
19360,19361,4730,Payment,3063.71,9/20/2022,Fall
19361,19362,2058,Transfer,4647.61,9/8/2023,Fall
19362,19363,3771,Payment,3425.2,2/6/2025,Winter
19363,19364,1591,Transfer,6795.5,7/28/2024,Summer
19364,19365,3363,Withdrawal,7194.69,7/25/2024,Summer
19365,19366,4508,Withdrawal,1616.16,1/28/2023,Winter
19366,19367,1240,Deposit,311.35,9/8/2024,Fall
19367,19368,3022,Deposit,6764.95,11/21/2022,Fall
19368,19369,4872,Transfer,9862.54,8/9/2023,Summer
19369,19370,4010,Deposit,788.8,3/16/2024,Spring
19370,19371,1338,Withdrawal,33.88,11/20/2022,Fall
19371,19372,2546,Deposit,2374.7,11/12/2023,Fall
19372,19373,2415,Withdrawal,6371.95,12/23/2024,Winter
19373,19374,4991,Payment,3193,6/24/2023,Summer
19374,19375,495,Payment,5854.95,1/8/2025,Winter
19375,19376,1412,Transfer,165.69,10/15/2024,Fall
19376,19377,1921,Deposit,2882.35,6/7/2024,Summer
19377,19378,4187,Deposit,4572.6,7/27/2022,Summer
19378,19379,4572,Transfer,6059.97,5/1/2025,Spring
19379,19380,1154,Payment,113.13,8/15/2023,Summer
19380,19381,3748,Transfer,4540.25,1/9/2024,Winter
19381,19382,3,Deposit,8472.43,4/13/2024,Spring
19382,19383,2980,Transfer,9052.84,7/1/2022,Summer
19383,19384,4487,Transfer,9285.96,12/15/2024,Winter
19384,19385,2588,Withdrawal,5270.83,4/5/2025,Spring
19385,19386,2192,Deposit,9580.12,2/13/2025,Winter
19386,19387,247,Deposit,2818.38,3/30/2023,Spring
19387,19388,2780,Withdrawal,4853.12,10/24/2022,Fall
19388,19389,1644,Deposit,4321.52,9/7/2024,Fall
19389,19390,2685,Withdrawal,9118.04,1/8/2025,Winter
19390,19391,3216,Payment,4139.26,8/19/2023,Summer
19391,19392,1715,Withdrawal,8934.82,1/24/2023,Winter
19392,19393,1299,Transfer,4729.05,6/18/2024,Summer
19393,19394,353,Withdrawal,8012.8,3/1/2025,Spring
19394,19395,987,Withdrawal,8075.25,11/26/2022,Fall
19395,19396,2022,Transfer,255.57,5/28/2024,Spring
19396,19397,4255,Deposit,9149.56,8/3/2022,Summer
19397,19398,3541,Transfer,6980.75,12/23/2023,Winter
19398,19399,2327,Withdrawal,7174.06,12/21/2022,Winter
19399,19400,4002,Transfer,8757.96,2/24/2023,Winter
19400,19401,973,Payment,3786.53,7/22/2022,Summer
19401,19402,793,Transfer,9117.34,7/3/2024,Summer
19402,19403,918,Transfer,633.26,11/25/2024,Fall
19403,19404,2308,Withdrawal,2650.89,5/19/2023,Spring
19404,19405,2274,Transfer,3739.29,1/23/2024,Winter
19405,19406,670,Withdrawal,4512,2/17/2024,Winter
19406,19407,1736,Deposit,1837.46,2/22/2023,Winter
19407,19408,4340,Deposit,1736.48,12/20/2024,Winter
19408,19409,4874,Transfer,557.1,3/6/2025,Spring
19409,19410,1530,Withdrawal,9720.93,3/20/2024,Spring
19410,19411,711,Payment,9923.17,6/17/2024,Summer
19411,19412,2393,Transfer,5437.32,10/8/2023,Fall
19412,19413,23,Payment,6686.78,12/16/2022,Winter
19413,19414,3970,Deposit,2690.55,7/16/2024,Summer
19414,19415,4958,Transfer,1996.56,7/9/2023,Summer
19415,19416,1927,Deposit,8287.5,1/1/2025,Winter
19416,19417,1538,Withdrawal,4577.3,6/29/2023,Summer
19417,19418,1292,Transfer,7234.41,1/3/2024,Winter
19418,19419,1062,Withdrawal,3099.88,11/4/2023,Fall
19419,19420,991,Deposit,2864.24,10/18/2022,Fall
19420,19421,3042,Transfer,162.54,12/24/2023,Winter
19421,19422,2610,Transfer,8341.68,2/13/2024,Winter
19422,19423,1321,Payment,4407.64,8/15/2022,Summer
19423,19424,1310,Deposit,5128.25,11/16/2022,Fall
19424,19425,1349,Transfer,398.25,4/24/2024,Spring
19425,19426,4778,Withdrawal,2485.65,10/13/2023,Fall
19426,19427,1037,Payment,4015.26,2/24/2024,Winter
19427,19428,3483,Deposit,289.23,8/14/2022,Summer
19428,19429,2790,Withdrawal,1977.5,1/24/2025,Winter
19429,19430,3569,Deposit,9701.8,2/17/2025,Winter
19430,19431,2298,Deposit,5846.45,4/7/2025,Spring
19431,19432,4194,Transfer,8552.52,2/5/2023,Winter
19432,19433,596,Deposit,5314.19,10/24/2023,Fall
19433,19434,4259,Deposit,9956.42,5/5/2023,Spring
19434,19435,1293,Deposit,2387.27,10/27/2024,Fall
19435,19436,3547,Payment,9027.36,11/2/2024,Fall
19436,19437,1658,Transfer,7037.79,1/19/2025,Winter
19437,19438,3044,Deposit,9304.2,6/8/2022,Summer
19438,19439,3418,Deposit,2043.72,7/16/2024,Summer
19439,19440,1323,Withdrawal,8886.19,5/27/2024,Spring
19440,19441,2293,Deposit,8409.23,10/21/2023,Fall
19441,19442,4777,Deposit,4011.09,6/9/2024,Summer
19442,19443,710,Withdrawal,9326.16,7/27/2024,Summer
19443,19444,4695,Deposit,8470.49,1/7/2025,Winter
19444,19445,4284,Withdrawal,632.41,11/26/2024,Fall
19445,19446,1142,Withdrawal,8017.82,4/3/2025,Spring
19446,19447,2364,Transfer,4038.72,12/14/2024,Winter
19447,19448,3494,Deposit,9279.13,2/22/2025,Winter
19448,19449,1301,Payment,5578.14,2/18/2024,Winter
19449,19450,2889,Deposit,8585.07,12/30/2024,Winter
19450,19451,3148,Deposit,5297.89,12/15/2024,Winter
19451,19452,3366,Transfer,2042.72,8/10/2024,Summer
19452,19453,2752,Transfer,4691.99,6/26/2023,Summer
19453,19454,1557,Payment,1862.82,2/11/2023,Winter
19454,19455,2034,Payment,6245.13,6/19/2024,Summer
19455,19456,2806,Deposit,2156.28,5/5/2023,Spring
19456,19457,1953,Withdrawal,5436.32,6/19/2024,Summer
19457,19458,2331,Transfer,6192.42,2/14/2024,Winter
19458,19459,4515,Transfer,2902.11,5/3/2024,Spring
19459,19460,512,Withdrawal,8544.29,7/9/2024,Summer
19460,19461,2418,Payment,4937.68,7/29/2023,Summer
19461,19462,3916,Payment,595.29,8/3/2024,Summer
19462,19463,1769,Transfer,5389.72,4/27/2025,Spring
19463,19464,3671,Payment,591.59,7/24/2024,Summer
19464,19465,1791,Transfer,8154.77,10/5/2022,Fall
19465,19466,4875,Deposit,1219.54,6/14/2024,Summer
19466,19467,416,Payment,5294.64,8/20/2022,Summer
19467,19468,1218,Transfer,7244.19,10/26/2024,Fall
19468,19469,4616,Transfer,4804.47,5/9/2025,Spring
19469,19470,4020,Withdrawal,1991.65,11/16/2022,Fall
19470,19471,1750,Payment,1745.8,1/6/2025,Winter
19471,19472,3707,Payment,6786.8,7/15/2024,Summer
19472,19473,1732,Transfer,2949.68,9/8/2023,Fall
19473,19474,3050,Payment,6749.26,3/25/2023,Spring
19474,19475,1914,Withdrawal,1752.36,10/3/2024,Fall
19475,19476,9,Deposit,8052.68,2/7/2024,Winter
19476,19477,2489,Withdrawal,1953.66,12/27/2022,Winter
19477,19478,4318,Withdrawal,8675.77,3/17/2025,Spring
19478,19479,2442,Transfer,688.09,5/17/2024,Spring
19479,19480,111,Deposit,9697.34,3/10/2024,Spring
19480,19481,3704,Payment,398.17,4/19/2024,Spring
19481,19482,2948,Payment,3313.53,5/2/2023,Spring
19482,19483,3825,Payment,3614.05,1/5/2024,Winter
19483,19484,4048,Transfer,520.27,8/24/2022,Summer
19484,19485,1361,Withdrawal,5736.38,3/21/2025,Spring
19485,19486,4518,Deposit,28.69,12/29/2022,Winter
19486,19487,4868,Deposit,8627.08,5/13/2023,Spring
19487,19488,4585,Transfer,3524.18,3/27/2025,Spring
19488,19489,2082,Deposit,4700.56,6/14/2024,Summer
19489,19490,1553,Payment,1335.67,1/2/2023,Winter
19490,19491,1204,Deposit,6712.62,9/11/2023,Fall
19491,19492,3100,Payment,7597.43,8/14/2024,Summer
19492,19493,2129,Payment,9719.52,6/28/2024,Summer
19493,19494,994,Transfer,2859.95,2/25/2023,Winter
19494,19495,2723,Transfer,6906.79,9/24/2023,Fall
19495,19496,4886,Payment,3121.85,12/10/2023,Winter
19496,19497,2972,Deposit,3082.45,8/8/2022,Summer
19497,19498,1495,Withdrawal,29.43,4/18/2025,Spring
19498,19499,3944,Transfer,6205.81,12/5/2023,Winter
19499,19500,145,Transfer,7045.24,3/22/2024,Spring
19500,19501,4149,Deposit,7832.21,11/9/2024,Fall
19501,19502,4889,Deposit,2783.57,12/4/2022,Winter
19502,19503,1461,Payment,8944.84,4/14/2024,Spring
19503,19504,2571,Payment,259.28,3/3/2024,Spring
19504,19505,4798,Deposit,6444.62,10/17/2022,Fall
19505,19506,4927,Deposit,4447.25,4/17/2024,Spring
19506,19507,1752,Payment,2316.25,4/5/2024,Spring
19507,19508,363,Transfer,5054.29,12/26/2022,Winter
19508,19509,2316,Withdrawal,5436.12,11/7/2022,Fall
19509,19510,1667,Withdrawal,5309.79,12/19/2024,Winter
19510,19511,440,Payment,3337.24,10/2/2024,Fall
19511,19512,4292,Deposit,2423.02,6/10/2023,Summer
19512,19513,3545,Transfer,2278.99,5/1/2023,Spring
19513,19514,2813,Payment,7688.02,5/28/2022,Spring
19514,19515,3752,Payment,5944.82,7/26/2022,Summer
19515,19516,3982,Deposit,6499.87,12/13/2024,Winter
19516,19517,2517,Withdrawal,4446.94,6/22/2024,Summer
19517,19518,2322,Payment,630.84,1/23/2024,Winter
19518,19519,3830,Deposit,6434.16,12/17/2023,Winter
19519,19520,3524,Deposit,9450.43,12/12/2023,Winter
19520,19521,645,Withdrawal,8565.85,12/3/2023,Winter
19521,19522,3420,Payment,5714.98,8/22/2023,Summer
19522,19523,4227,Deposit,8473.73,2/27/2024,Winter
19523,19524,318,Withdrawal,5988.35,5/24/2023,Spring
19524,19525,2241,Withdrawal,1697.51,11/19/2022,Fall
19525,19526,1403,Transfer,2242.73,4/29/2023,Spring
19526,19527,3740,Payment,2312,7/8/2023,Summer
19527,19528,3271,Withdrawal,6774.33,3/3/2025,Spring
19528,19529,3004,Transfer,206.61,7/29/2023,Summer
19529,19530,4559,Payment,1491.47,4/30/2023,Spring
19530,19531,930,Withdrawal,322.1,9/11/2022,Fall
19531,19532,1446,Deposit,6449.65,12/17/2023,Winter
19532,19533,1287,Withdrawal,2847.35,4/19/2023,Spring
19533,19534,425,Withdrawal,6958.27,1/6/2025,Winter
19534,19535,3836,Payment,1602.18,7/9/2023,Summer
19535,19536,4200,Payment,9086.67,4/26/2024,Spring
19536,19537,3008,Withdrawal,4719.66,12/16/2024,Winter
19537,19538,435,Deposit,4810.73,4/12/2023,Spring
19538,19539,4991,Deposit,5011.36,9/6/2023,Fall
19539,19540,2022,Withdrawal,4340.85,1/28/2023,Winter
19540,19541,1598,Withdrawal,1492.67,11/27/2022,Fall
19541,19542,4907,Transfer,1924.24,1/2/2025,Winter
19542,19543,4574,Withdrawal,5777.09,12/6/2022,Winter
19543,19544,848,Transfer,878.84,4/16/2024,Spring
19544,19545,2957,Transfer,9893.78,5/10/2023,Spring
19545,19546,209,Transfer,2514.27,12/21/2022,Winter
19546,19547,4426,Transfer,9121.35,5/13/2022,Spring
19547,19548,4829,Payment,9257.72,10/28/2024,Fall
19548,19549,1772,Deposit,3344.24,5/27/2024,Spring
19549,19550,3801,Payment,5388.17,10/19/2022,Fall
19550,19551,2258,Withdrawal,2330.16,1/26/2025,Winter
19551,19552,3412,Payment,9861.12,9/18/2022,Fall
19552,19553,2456,Payment,841.2,1/8/2025,Winter
19553,19554,965,Deposit,6669.82,3/19/2025,Spring
19554,19555,2904,Withdrawal,1550.27,1/14/2023,Winter
19555,19556,2404,Withdrawal,5979.14,4/6/2025,Spring
19556,19557,2431,Deposit,1251.58,1/31/2025,Winter
19557,19558,725,Deposit,2459.91,11/25/2023,Fall
19558,19559,4444,Transfer,8098.41,7/19/2024,Summer
19559,19560,3312,Deposit,7813.87,11/24/2024,Fall
19560,19561,2659,Transfer,1583.66,6/11/2024,Summer
19561,19562,4594,Withdrawal,4754.97,12/24/2023,Winter
19562,19563,1405,Transfer,6752.11,7/26/2022,Summer
19563,19564,2451,Payment,5407.4,5/8/2024,Spring
19564,19565,3638,Deposit,4164.44,9/17/2024,Fall
19565,19566,3882,Payment,8422.39,8/14/2022,Summer
19566,19567,4542,Withdrawal,8748.79,3/31/2025,Spring
19567,19568,4250,Withdrawal,8495.83,10/17/2023,Fall
19568,19569,770,Transfer,959.01,7/27/2024,Summer
19569,19570,3085,Deposit,593.79,2/24/2023,Winter
19570,19571,4162,Withdrawal,111.65,5/15/2022,Spring
19571,19572,4316,Withdrawal,7930.64,11/15/2023,Fall
19572,19573,356,Payment,390.93,12/28/2024,Winter
19573,19574,1709,Deposit,7177.49,6/30/2022,Summer
19574,19575,2223,Payment,7982.27,8/6/2022,Summer
19575,19576,3748,Withdrawal,4882.17,10/2/2023,Fall
19576,19577,1911,Transfer,3312.81,8/18/2022,Summer
19577,19578,4394,Withdrawal,773.19,5/3/2024,Spring
19578,19579,4440,Withdrawal,6027.79,11/24/2024,Fall
19579,19580,601,Deposit,7585.45,11/17/2023,Fall
19580,19581,482,Payment,4174.28,1/29/2024,Winter
19581,19582,4126,Payment,8561.65,1/23/2023,Winter
19582,19583,1189,Withdrawal,9290.92,6/21/2022,Summer
19583,19584,1439,Deposit,2084.72,2/17/2025,Winter
19584,19585,1098,Payment,6830.93,1/28/2023,Winter
19585,19586,325,Transfer,8027.91,5/18/2023,Spring
19586,19587,2160,Withdrawal,9919.99,5/14/2024,Spring
19587,19588,3256,Deposit,2094.37,1/24/2023,Winter
19588,19589,3020,Transfer,2714.63,5/30/2023,Spring
19589,19590,2461,Deposit,1017.29,7/27/2022,Summer
19590,19591,3174,Payment,8313.49,1/30/2025,Winter
19591,19592,920,Withdrawal,1604.7,4/19/2025,Spring
19592,19593,2190,Withdrawal,6584.97,9/6/2023,Fall
19593,19594,2359,Payment,6110.34,1/23/2024,Winter
19594,19595,4241,Transfer,4728.42,2/16/2024,Winter
19595,19596,4105,Withdrawal,89.69,6/20/2024,Summer
19596,19597,3117,Withdrawal,7231.46,11/26/2022,Fall
19597,19598,282,Withdrawal,4499.75,4/25/2025,Spring
19598,19599,2350,Deposit,4301.83,7/10/2022,Summer
19599,19600,4266,Transfer,9862.65,7/16/2024,Summer
19600,19601,2837,Transfer,756.42,1/18/2025,Winter
19601,19602,4084,Transfer,2282.45,12/15/2022,Winter
19602,19603,380,Payment,2681.88,6/7/2023,Summer
19603,19604,125,Transfer,585.41,10/16/2023,Fall
19604,19605,3141,Payment,6748.7,4/30/2024,Spring
19605,19606,2991,Deposit,2944.85,8/3/2024,Summer
19606,19607,2434,Withdrawal,7465.56,4/17/2025,Spring
19607,19608,1636,Withdrawal,3815.95,8/21/2022,Summer
19608,19609,1339,Deposit,2910.3,7/29/2022,Summer
19609,19610,384,Withdrawal,9384.77,10/28/2022,Fall
19610,19611,4170,Transfer,4941.77,1/21/2025,Winter
19611,19612,2637,Withdrawal,593.84,10/28/2022,Fall
19612,19613,909,Withdrawal,4217.75,10/31/2023,Fall
19613,19614,2346,Payment,5042.63,3/8/2024,Spring
19614,19615,2253,Payment,887.29,5/30/2024,Spring
19615,19616,813,Deposit,2146.45,3/4/2024,Spring
19616,19617,3890,Payment,7553,8/18/2024,Summer
19617,19618,4898,Payment,7475.2,2/5/2024,Winter
19618,19619,333,Payment,1468.24,4/23/2025,Spring
19619,19620,2992,Payment,9640.5,4/9/2023,Spring
19620,19621,3009,Deposit,9089.46,4/30/2023,Spring
19621,19622,1907,Payment,5677.66,10/15/2022,Fall
19622,19623,2411,Payment,2437.22,6/13/2024,Summer
19623,19624,1343,Payment,9077.64,10/30/2022,Fall
19624,19625,3508,Payment,1962.91,2/6/2023,Winter
19625,19626,1771,Withdrawal,1159.99,10/12/2023,Fall
19626,19627,1877,Payment,9833.05,12/25/2024,Winter
19627,19628,541,Transfer,7579.87,1/16/2024,Winter
19628,19629,2370,Withdrawal,3721.77,9/14/2023,Fall
19629,19630,3751,Payment,4247.73,3/13/2023,Spring
19630,19631,1820,Deposit,2135.2,12/1/2023,Winter
19631,19632,4134,Withdrawal,8301.56,4/27/2024,Spring
19632,19633,4175,Transfer,6938.11,12/28/2022,Winter
19633,19634,4784,Payment,2716.88,8/25/2024,Summer
19634,19635,2052,Transfer,2652.45,6/9/2024,Summer
19635,19636,3120,Transfer,1867.47,3/1/2025,Spring
19636,19637,2365,Payment,8999.67,5/26/2024,Spring
19637,19638,4816,Payment,3722.98,7/10/2024,Summer
19638,19639,4786,Transfer,7964.26,11/15/2022,Fall
19639,19640,4347,Deposit,6741.81,2/18/2025,Winter
19640,19641,2818,Transfer,7505.71,6/3/2023,Summer
19641,19642,3867,Payment,8517.79,9/12/2024,Fall
19642,19643,1918,Deposit,4725.55,12/29/2024,Winter
19643,19644,4979,Transfer,339.58,4/6/2025,Spring
19644,19645,1318,Deposit,7061.08,7/8/2024,Summer
19645,19646,1765,Transfer,6266.32,9/10/2024,Fall
19646,19647,19,Payment,8064.03,5/4/2023,Spring
19647,19648,235,Transfer,6206.27,6/2/2024,Summer
19648,19649,1467,Payment,6887.39,2/8/2025,Winter
19649,19650,2820,Deposit,7091.72,8/26/2022,Summer
19650,19651,722,Payment,4432.7,2/17/2025,Winter
19651,19652,3740,Transfer,6970.49,7/17/2023,Summer
19652,19653,2189,Deposit,6104.24,4/27/2023,Spring
19653,19654,1827,Transfer,9948.69,9/27/2023,Fall
19654,19655,2714,Deposit,7853.17,1/2/2023,Winter
19655,19656,876,Deposit,6210.71,4/5/2024,Spring
19656,19657,1717,Transfer,3850.33,12/13/2023,Winter
19657,19658,1661,Withdrawal,3077.12,2/19/2025,Winter
19658,19659,2439,Withdrawal,152.26,7/4/2024,Summer
19659,19660,2529,Deposit,5450.92,10/12/2022,Fall
19660,19661,2359,Deposit,3304.8,3/19/2023,Spring
19661,19662,1725,Withdrawal,1943.72,5/27/2024,Spring
19662,19663,1608,Deposit,9110.48,2/4/2024,Winter
19663,19664,2174,Deposit,697.6,12/8/2024,Winter
19664,19665,2696,Payment,4891.92,6/15/2022,Summer
19665,19666,2000,Withdrawal,7356.18,8/15/2022,Summer
19666,19667,510,Deposit,6603.88,5/7/2025,Spring
19667,19668,2728,Withdrawal,5652.69,10/18/2024,Fall
19668,19669,2864,Withdrawal,5104.6,8/23/2024,Summer
19669,19670,2316,Deposit,8637.15,7/26/2023,Summer
19670,19671,1106,Deposit,2309.15,8/11/2024,Summer
19671,19672,4797,Deposit,1152.81,7/2/2024,Summer
19672,19673,4364,Withdrawal,5296.14,12/13/2023,Winter
19673,19674,4716,Payment,8784,6/12/2022,Summer
19674,19675,4437,Payment,4996.98,7/6/2024,Summer
19675,19676,1025,Payment,1617.66,5/11/2024,Spring
19676,19677,2429,Deposit,9496.05,8/24/2022,Summer
19677,19678,4283,Payment,5016.4,9/8/2024,Fall
19678,19679,1811,Transfer,1552.78,2/2/2025,Winter
19679,19680,2350,Transfer,5655.81,1/8/2025,Winter
19680,19681,3719,Transfer,2231.53,1/9/2024,Winter
19681,19682,682,Transfer,628.98,7/2/2024,Summer
19682,19683,3581,Deposit,7218.94,10/24/2023,Fall
19683,19684,565,Payment,3374.2,7/16/2024,Summer
19684,19685,95,Transfer,7526.37,6/7/2022,Summer
19685,19686,1441,Payment,5107.68,5/4/2024,Spring
19686,19687,834,Deposit,8629.06,11/8/2022,Fall
19687,19688,1135,Deposit,1698.68,9/24/2023,Fall
19688,19689,1968,Withdrawal,153.15,9/21/2022,Fall
19689,19690,1290,Withdrawal,5116.33,4/17/2023,Spring
19690,19691,3594,Payment,2806.49,1/19/2025,Winter
19691,19692,2919,Deposit,5708.4,6/10/2023,Summer
19692,19693,4956,Deposit,611.52,1/2/2023,Winter
19693,19694,3609,Withdrawal,7486.15,4/8/2025,Spring
19694,19695,2246,Withdrawal,8683.14,6/28/2023,Summer
19695,19696,1140,Deposit,6168.08,9/20/2022,Fall
19696,19697,3466,Withdrawal,8910.18,7/9/2022,Summer
19697,19698,499,Withdrawal,1111.08,10/14/2023,Fall
19698,19699,381,Deposit,3096.22,1/2/2025,Winter
19699,19700,2803,Withdrawal,3297.24,5/6/2025,Spring
19700,19701,669,Payment,4655.57,4/13/2024,Spring
19701,19702,4391,Deposit,4315.42,11/5/2023,Fall
19702,19703,3373,Deposit,9060.02,6/27/2022,Summer
19703,19704,1225,Deposit,4014.67,11/27/2024,Fall
19704,19705,1955,Transfer,7373.62,11/22/2024,Fall
19705,19706,3897,Deposit,8318,3/29/2025,Spring
19706,19707,4800,Payment,539.78,5/8/2024,Spring
19707,19708,1238,Deposit,8738.79,6/15/2022,Summer
19708,19709,4569,Withdrawal,9359.58,6/7/2024,Summer
19709,19710,4636,Withdrawal,5097.52,12/9/2024,Winter
19710,19711,4278,Deposit,5979.73,7/9/2024,Summer
19711,19712,4646,Transfer,5206.95,2/12/2025,Winter
19712,19713,2408,Transfer,9581.03,5/24/2024,Spring
19713,19714,4919,Payment,1783.29,3/1/2023,Spring
19714,19715,4644,Deposit,7254.38,7/24/2024,Summer
19715,19716,1216,Payment,7791,11/22/2024,Fall
19716,19717,481,Deposit,3613.73,12/3/2024,Winter
19717,19718,3178,Deposit,6793.51,6/22/2023,Summer
19718,19719,639,Deposit,777.19,4/1/2023,Spring
19719,19720,4925,Transfer,9873.94,10/5/2023,Fall
19720,19721,3597,Transfer,4905.56,10/30/2023,Fall
19721,19722,4678,Withdrawal,1537.67,1/29/2023,Winter
19722,19723,4385,Withdrawal,6670.73,12/31/2024,Winter
19723,19724,2022,Transfer,8086.71,9/23/2023,Fall
19724,19725,1338,Withdrawal,8445.29,12/13/2022,Winter
19725,19726,4754,Transfer,3431.93,2/28/2024,Winter
19726,19727,880,Transfer,4147.47,3/25/2025,Spring
19727,19728,2221,Withdrawal,537.6,3/14/2024,Spring
19728,19729,1101,Deposit,1369.37,11/29/2022,Fall
19729,19730,4805,Withdrawal,594.25,4/16/2024,Spring
19730,19731,4926,Payment,267.18,10/18/2022,Fall
19731,19732,3024,Withdrawal,8699.71,11/16/2024,Fall
19732,19733,2103,Deposit,5369.24,1/16/2023,Winter
19733,19734,461,Deposit,9895.67,2/26/2024,Winter
19734,19735,2228,Payment,9880.57,2/23/2025,Winter
19735,19736,4622,Deposit,1938.74,4/29/2025,Spring
19736,19737,4749,Deposit,3749.73,12/25/2023,Winter
19737,19738,535,Withdrawal,8052.31,4/19/2025,Spring
19738,19739,580,Transfer,7748.22,3/3/2024,Spring
19739,19740,4897,Payment,1286.88,10/11/2022,Fall
19740,19741,2400,Transfer,6444.49,11/5/2022,Fall
19741,19742,3281,Payment,9288.41,7/12/2022,Summer
19742,19743,1519,Payment,6676.23,12/3/2022,Winter
19743,19744,2771,Deposit,4236.52,4/11/2024,Spring
19744,19745,1955,Deposit,2241.69,6/14/2024,Summer
19745,19746,1257,Deposit,9038.3,11/29/2022,Fall
19746,19747,4055,Withdrawal,5642.51,5/19/2024,Spring
19747,19748,2399,Transfer,5101.84,1/16/2025,Winter
19748,19749,1827,Withdrawal,7417.51,4/9/2025,Spring
19749,19750,4413,Transfer,1803.91,3/13/2024,Spring
19750,19751,2679,Payment,2648.2,5/10/2025,Spring
19751,19752,2516,Deposit,3448.22,8/2/2023,Summer
19752,19753,4413,Withdrawal,8102.75,9/13/2023,Fall
19753,19754,3985,Payment,2223.32,1/19/2024,Winter
19754,19755,4912,Transfer,8176.86,6/21/2022,Summer
19755,19756,4297,Deposit,786.38,4/16/2023,Spring
19756,19757,2198,Deposit,1479.61,5/30/2022,Spring
19757,19758,1067,Deposit,2409.86,5/10/2024,Spring
19758,19759,2022,Deposit,5075.93,7/26/2023,Summer
19759,19760,3993,Deposit,9159.36,10/2/2024,Fall
19760,19761,3499,Payment,7975.81,5/2/2023,Spring
19761,19762,4761,Payment,1315.73,5/30/2022,Spring
19762,19763,411,Payment,291.23,9/20/2023,Fall
19763,19764,3340,Transfer,345.31,11/10/2022,Fall
19764,19765,738,Payment,5898.79,4/7/2025,Spring
19765,19766,3689,Transfer,205.47,9/3/2022,Fall
19766,19767,221,Transfer,5060.49,7/21/2024,Summer
19767,19768,68,Deposit,7626.63,3/19/2025,Spring
19768,19769,3548,Deposit,7146.15,10/23/2024,Fall
19769,19770,1420,Transfer,7035.88,3/31/2024,Spring
19770,19771,83,Payment,2894.37,9/10/2024,Fall
19771,19772,3265,Deposit,7966.55,10/31/2023,Fall
19772,19773,112,Payment,5499.33,2/24/2023,Winter
19773,19774,7,Withdrawal,3343.52,11/24/2024,Fall
19774,19775,2056,Withdrawal,6185.07,4/10/2025,Spring
19775,19776,2963,Transfer,9697.91,10/29/2024,Fall
19776,19777,216,Transfer,4521.29,12/11/2022,Winter
19777,19778,4798,Payment,4766.52,7/10/2024,Summer
19778,19779,2360,Transfer,9859.26,4/28/2025,Spring
19779,19780,1374,Payment,8840.22,6/28/2022,Summer
19780,19781,108,Transfer,911.42,7/22/2023,Summer
19781,19782,4829,Transfer,2389.41,5/26/2022,Spring
19782,19783,1706,Payment,3200.07,3/26/2025,Spring
19783,19784,4366,Withdrawal,9778.11,10/21/2022,Fall
19784,19785,3442,Deposit,3752.56,1/12/2023,Winter
19785,19786,3728,Withdrawal,719.15,8/6/2023,Summer
19786,19787,1216,Withdrawal,115.39,3/12/2023,Spring
19787,19788,159,Deposit,5316.79,7/4/2023,Summer
19788,19789,1592,Withdrawal,3211.55,6/17/2023,Summer
19789,19790,295,Withdrawal,3048.57,10/23/2022,Fall
19790,19791,2156,Deposit,8238.42,8/17/2023,Summer
19791,19792,1435,Transfer,2448.72,4/12/2023,Spring
19792,19793,2392,Withdrawal,5446.87,11/15/2024,Fall
19793,19794,3035,Transfer,818.13,11/13/2023,Fall
19794,19795,708,Transfer,5121.36,1/26/2025,Winter
19795,19796,962,Withdrawal,1729.08,2/24/2024,Winter
19796,19797,285,Deposit,1363.65,6/11/2022,Summer
19797,19798,2156,Payment,9517.4,4/12/2023,Spring
19798,19799,3504,Payment,3044.52,7/20/2024,Summer
19799,19800,811,Withdrawal,8613.13,8/18/2023,Summer
19800,19801,3697,Deposit,286.12,1/16/2023,Winter
19801,19802,2373,Deposit,1700.27,9/7/2022,Fall
19802,19803,4268,Withdrawal,1586.64,7/8/2024,Summer
19803,19804,4388,Transfer,2145.37,1/10/2025,Winter
19804,19805,3205,Payment,1614.03,5/31/2023,Spring
19805,19806,275,Withdrawal,3898.14,9/4/2023,Fall
19806,19807,4177,Payment,4838.64,12/18/2022,Winter
19807,19808,1942,Payment,4475.52,10/17/2022,Fall
19808,19809,3674,Payment,4305.33,5/24/2023,Spring
19809,19810,3226,Withdrawal,3736.64,7/13/2023,Summer
19810,19811,1961,Payment,3617.12,12/18/2022,Winter
19811,19812,1236,Withdrawal,5296.92,12/17/2024,Winter
19812,19813,4648,Withdrawal,6365.71,3/4/2023,Spring
19813,19814,2782,Transfer,9037.95,9/25/2022,Fall
19814,19815,2523,Deposit,2820.65,1/19/2024,Winter
19815,19816,853,Transfer,1458.99,3/26/2024,Spring
19816,19817,88,Payment,6746.63,4/15/2024,Spring
19817,19818,2550,Payment,8709.22,9/25/2022,Fall
19818,19819,3782,Deposit,6994.68,6/6/2023,Summer
19819,19820,584,Deposit,4807.9,4/10/2025,Spring
19820,19821,2289,Transfer,3016.28,12/25/2023,Winter
19821,19822,2279,Transfer,2198.79,1/4/2025,Winter
19822,19823,662,Transfer,4455.58,4/27/2025,Spring
19823,19824,4535,Withdrawal,7767.2,10/1/2024,Fall
19824,19825,2781,Deposit,9064.42,6/19/2024,Summer
19825,19826,964,Transfer,4758.98,7/26/2023,Summer
19826,19827,2674,Deposit,1730.82,3/3/2025,Spring
19827,19828,190,Payment,5909.19,5/2/2023,Spring
19828,19829,858,Deposit,2411.53,1/12/2024,Winter
19829,19830,3323,Payment,5028.27,9/13/2024,Fall
19830,19831,755,Deposit,9196.08,8/29/2022,Summer
19831,19832,577,Withdrawal,7660.34,12/28/2024,Winter
19832,19833,4009,Payment,8219.47,7/3/2022,Summer
19833,19834,1432,Payment,5875.58,8/18/2024,Summer
19834,19835,337,Payment,5962.08,6/9/2022,Summer
19835,19836,2986,Transfer,181.78,7/25/2022,Summer
19836,19837,2631,Transfer,6541.21,4/30/2025,Spring
19837,19838,2596,Payment,3551.93,12/23/2022,Winter
19838,19839,1555,Payment,3569.59,2/26/2023,Winter
19839,19840,3004,Transfer,9335.11,2/2/2025,Winter
19840,19841,673,Withdrawal,288.14,8/5/2022,Summer
19841,19842,1477,Payment,9091.47,10/20/2022,Fall
19842,19843,3967,Deposit,4888.92,4/15/2023,Spring
19843,19844,3066,Withdrawal,9059.94,2/29/2024,Winter
19844,19845,3815,Payment,4816.79,6/7/2023,Summer
19845,19846,71,Transfer,1371.77,10/16/2024,Fall
19846,19847,2143,Transfer,4371.96,8/17/2024,Summer
19847,19848,1778,Withdrawal,5190.93,12/10/2024,Winter
19848,19849,1686,Transfer,4275.62,11/10/2022,Fall
19849,19850,3427,Transfer,9006.33,4/27/2024,Spring
19850,19851,440,Withdrawal,5322.78,1/7/2023,Winter
19851,19852,1927,Transfer,2563.65,4/27/2025,Spring
19852,19853,1132,Withdrawal,6206.73,8/2/2022,Summer
19853,19854,4682,Withdrawal,1065.48,7/20/2023,Summer
19854,19855,3860,Withdrawal,6485.15,9/25/2024,Fall
19855,19856,4691,Withdrawal,712.83,11/27/2024,Fall
19856,19857,2217,Withdrawal,7483.62,7/22/2022,Summer
19857,19858,2872,Deposit,369.4,3/20/2023,Spring
19858,19859,1070,Transfer,819.24,10/25/2023,Fall
19859,19860,3355,Transfer,1779.35,12/9/2024,Winter
19860,19861,4955,Payment,7444.69,11/11/2022,Fall
19861,19862,3351,Withdrawal,1595.85,6/21/2022,Summer
19862,19863,1320,Withdrawal,8519.12,10/11/2023,Fall
19863,19864,4484,Payment,2232.91,11/24/2024,Fall
19864,19865,3435,Payment,6731.59,6/30/2023,Summer
19865,19866,2102,Withdrawal,1797.67,6/16/2024,Summer
19866,19867,84,Deposit,2188.9,10/2/2022,Fall
19867,19868,895,Transfer,9193.77,1/30/2023,Winter
19868,19869,1704,Transfer,2554.15,1/3/2023,Winter
19869,19870,543,Payment,3668.64,1/30/2023,Winter
19870,19871,2624,Payment,2196.84,4/24/2023,Spring
19871,19872,4281,Payment,1917.9,2/26/2025,Winter
19872,19873,1353,Withdrawal,3218.48,7/30/2024,Summer
19873,19874,2287,Transfer,2711.82,3/17/2025,Spring
19874,19875,1700,Transfer,2128.24,9/16/2022,Fall
19875,19876,4356,Deposit,2696.68,8/1/2024,Summer
19876,19877,4968,Transfer,3025.6,12/17/2024,Winter
19877,19878,3089,Payment,2910.16,6/8/2022,Summer
19878,19879,1676,Transfer,8014.51,2/6/2025,Winter
19879,19880,586,Transfer,9077.28,10/9/2022,Fall
19880,19881,3286,Withdrawal,1380.31,8/8/2024,Summer
19881,19882,1063,Payment,662.88,8/4/2023,Summer
19882,19883,4353,Deposit,4010.67,2/26/2024,Winter
19883,19884,3713,Transfer,5992.18,7/30/2024,Summer
19884,19885,233,Payment,9629.74,9/6/2022,Fall
19885,19886,1398,Payment,1723.1,10/20/2022,Fall
19886,19887,2827,Withdrawal,2313.9,9/11/2023,Fall
19887,19888,2454,Deposit,2738.37,4/12/2023,Spring
19888,19889,43,Withdrawal,2449.23,4/15/2025,Spring
19889,19890,4575,Transfer,8219.27,10/21/2023,Fall
19890,19891,3304,Payment,9969.81,8/21/2023,Summer
19891,19892,2665,Transfer,4592.98,5/15/2024,Spring
19892,19893,1487,Payment,5383.53,4/5/2025,Spring
19893,19894,3342,Deposit,1013.79,6/23/2022,Summer
19894,19895,4367,Transfer,6135.31,2/2/2024,Winter
19895,19896,4875,Payment,6114.06,4/12/2025,Spring
19896,19897,719,Payment,6409.2,4/8/2025,Spring
19897,19898,2758,Payment,185.55,10/26/2024,Fall
19898,19899,3219,Payment,4518.25,9/8/2023,Fall
19899,19900,4512,Payment,3292.27,5/21/2024,Spring
19900,19901,2701,Transfer,3090.57,11/26/2022,Fall
19901,19902,178,Deposit,173.99,4/23/2023,Spring
19902,19903,135,Withdrawal,4237.98,8/16/2024,Summer
19903,19904,3973,Transfer,8764.53,10/20/2022,Fall
19904,19905,2015,Deposit,147.63,4/22/2023,Spring
19905,19906,1893,Withdrawal,3471.95,4/22/2025,Spring
19906,19907,431,Payment,794.76,9/17/2024,Fall
19907,19908,1448,Payment,9668.36,11/5/2024,Fall
19908,19909,2940,Payment,4808.12,4/14/2025,Spring
19909,19910,4564,Withdrawal,6762.74,4/7/2024,Spring
19910,19911,2789,Deposit,5302.97,8/7/2022,Summer
19911,19912,4532,Transfer,9686.98,7/2/2024,Summer
19912,19913,4772,Transfer,1164.57,5/2/2023,Spring
19913,19914,4632,Payment,8941.76,11/8/2023,Fall
19914,19915,1701,Deposit,2474.6,5/6/2025,Spring
19915,19916,4964,Withdrawal,62.5,3/3/2023,Spring
19916,19917,1654,Deposit,9766.25,12/31/2023,Winter
19917,19918,3292,Payment,5722.02,3/7/2025,Spring
19918,19919,3100,Payment,4705.22,6/9/2024,Summer
19919,19920,3321,Withdrawal,7353,6/27/2023,Summer
19920,19921,2695,Payment,5367.98,2/22/2024,Winter
19921,19922,4054,Transfer,2279.94,1/19/2023,Winter
19922,19923,1542,Transfer,9471.71,1/24/2023,Winter
19923,19924,3868,Transfer,8542.51,4/28/2023,Spring
19924,19925,1479,Transfer,7521.21,6/23/2023,Summer
19925,19926,4673,Transfer,4480.02,5/22/2024,Spring
19926,19927,4119,Deposit,6141.2,10/13/2023,Fall
19927,19928,1778,Deposit,4366.1,12/30/2023,Winter
19928,19929,4705,Transfer,7002.83,6/8/2024,Summer
19929,19930,441,Payment,3260.79,6/1/2024,Summer
19930,19931,2639,Transfer,7489.54,11/26/2023,Fall
19931,19932,4267,Deposit,510.26,3/4/2023,Spring
19932,19933,3778,Payment,3065.91,9/22/2023,Fall
19933,19934,4886,Payment,6434.53,10/15/2022,Fall
19934,19935,367,Withdrawal,3324.45,9/18/2024,Fall
19935,19936,4845,Transfer,55.25,7/29/2022,Summer
19936,19937,2719,Payment,1239.15,4/20/2023,Spring
19937,19938,4085,Payment,610.12,8/22/2023,Summer
19938,19939,744,Withdrawal,1555.04,2/22/2023,Winter
19939,19940,795,Transfer,8625.56,9/13/2022,Fall
19940,19941,4863,Withdrawal,2958.64,1/3/2023,Winter
19941,19942,3412,Payment,3809.27,8/7/2023,Summer
19942,19943,2387,Transfer,9111.54,5/17/2023,Spring
19943,19944,2126,Deposit,2761.62,10/7/2024,Fall
19944,19945,5,Transfer,5580.38,12/3/2024,Winter
19945,19946,2167,Withdrawal,4410.06,11/19/2022,Fall
19946,19947,2988,Withdrawal,3029.26,1/7/2024,Winter
19947,19948,2876,Payment,5418.07,6/15/2022,Summer
19948,19949,799,Transfer,2876.54,12/27/2022,Winter
19949,19950,497,Withdrawal,7824.12,4/6/2025,Spring
19950,19951,3060,Transfer,9006.94,8/31/2024,Summer
19951,19952,2329,Deposit,6982.49,6/28/2022,Summer
19952,19953,2305,Withdrawal,2205.33,4/2/2025,Spring
19953,19954,2342,Deposit,7788.22,10/23/2023,Fall
19954,19955,3287,Withdrawal,5422.8,10/30/2024,Fall
19955,19956,4379,Payment,1143.45,8/25/2024,Summer
19956,19957,2616,Withdrawal,5835.41,8/17/2022,Summer
19957,19958,1659,Withdrawal,9070.13,9/27/2024,Fall
19958,19959,4355,Deposit,1121.67,7/10/2022,Summer
19959,19960,821,Transfer,8000.48,6/9/2022,Summer
19960,19961,2826,Payment,6030.96,11/18/2024,Fall
19961,19962,3039,Transfer,6809.27,10/7/2024,Fall
19962,19963,1693,Transfer,3697.95,4/5/2023,Spring
19963,19964,3643,Payment,282.02,10/27/2023,Fall
19964,19965,3465,Transfer,3077.45,11/29/2022,Fall
19965,19966,19,Deposit,8280.79,7/21/2022,Summer
19966,19967,4485,Deposit,7432.99,4/4/2024,Spring
19967,19968,2328,Payment,381.66,1/3/2024,Winter
19968,19969,889,Withdrawal,4767.71,5/2/2023,Spring
19969,19970,1800,Deposit,4831.24,3/25/2023,Spring
19970,19971,3685,Transfer,8365.23,5/10/2023,Spring
19971,19972,2177,Payment,6207.2,7/30/2022,Summer
19972,19973,2680,Withdrawal,4119.5,9/28/2022,Fall
19973,19974,3052,Withdrawal,5385.66,3/5/2025,Spring
19974,19975,928,Payment,2895.78,7/22/2023,Summer
19975,19976,3630,Payment,5074.64,3/22/2024,Spring
19976,19977,3827,Withdrawal,776.82,9/30/2023,Fall
19977,19978,2933,Transfer,5957.68,5/30/2023,Spring
19978,19979,3133,Deposit,8996.56,9/4/2022,Fall
19979,19980,660,Transfer,809.05,8/31/2022,Summer
19980,19981,936,Payment,9210.35,12/13/2023,Winter
19981,19982,3557,Deposit,965.73,10/8/2024,Fall
19982,19983,4175,Deposit,9124.58,2/4/2025,Winter
19983,19984,39,Payment,1347.54,9/20/2024,Fall
19984,19985,1163,Payment,1402.95,4/22/2025,Spring
19985,19986,118,Deposit,7675.75,12/22/2023,Winter
19986,19987,2444,Transfer,9708.9,1/24/2024,Winter
19987,19988,3816,Deposit,7227.55,3/8/2024,Spring
19988,19989,3395,Withdrawal,6091,11/15/2024,Fall
19989,19990,1490,Deposit,2756.16,7/3/2024,Summer
19990,19991,1827,Transfer,2362.05,6/9/2022,Summer
19991,19992,2460,Payment,8059.22,2/16/2024,Winter
19992,19993,2953,Transfer,4005.68,10/18/2023,Fall
19993,19994,2079,Payment,9321.93,6/17/2023,Summer
19994,19995,3450,Transfer,8257.36,9/17/2022,Fall
19995,19996,4177,Transfer,1168.8,10/22/2024,Fall
19996,19997,528,Deposit,2100.16,10/17/2024,Fall
19997,19998,3197,Transfer,5243.93,11/15/2022,Fall
19998,19999,1587,Withdrawal,7622.15,5/30/2023,Spring
19999,20000,1763,Payment,1714.46,4/19/2024,Spring
